full_date,AMD_股價,SP500_大盤指數,美光_股價,NVIDIA_股價,三星_股價(美金),TSMC_ADR股價,費城半導體指數
2021-01-04,92.30000305175781,341.9034118652344,72.20890808105469,13.046195983886719,1.9807710770477662e+20,101.91307830810547,2783.2099609375
2021-01-05,92.7699966430664,344.166015625,75.33909606933594,13.335953712463379,1.9807710770477662e+20,102.88932800292969,2837.169921875
2021-01-06,90.33000183105469,346.2440185546875,75.19283294677734,12.549758911132812,1.9807710770477662e+20,105.48049926757812,2827.9599609375
2021-01-07,95.16000366210938,351.36944580078125,77.14310455322266,13.275513648986816,1.9807710770477662e+20,110.79057312011719,2937.0
2021-01-08,94.58000183105469,353.3734436035156,75.49512481689453,13.208608627319336,1.9807710770477662e+20,108.29061889648438,2936.469970703125
2021-01-11,97.25,351.0646667480469,76.71405029296875,13.551590919494629,1.9807710770477662e+20,111.85804748535156,2969.919921875
2021-01-12,95.36000061035156,351.12005615234375,77.48441314697266,13.415542602539062,1.9807710770477662e+20,112.22299194335938,2988.02001953125
2021-01-13,91.77999877929688,352.0066833496094,77.9232177734375,13.462302207946777,1.9807710770477662e+20,108.7833251953125,2991.949951171875
2021-01-14,90.79000091552734,350.7876281738281,79.2786636352539,13.132500648498535,1.9807710770477662e+20,115.37071990966797,3055.639892578125
2021-01-15,88.20999908447266,348.2572021484375,78.71307373046875,12.793500900268555,1.9807710770477662e+20,114.25760650634766,2992.77001953125
2021-01-19,89.44999694824219,350.98162841796875,83.37422180175781,12.958401679992676,1.9807710770477662e+20,119.79576873779297,3093.320068359375
2021-01-20,88.75,355.8116149902344,81.4239501953125,13.297154426574707,1.9807710770477662e+20,119.19361877441406,3085.0400390625
2021-01-21,91.52999877929688,356.12554931640625,82.89642333984375,13.7963285446167,1.9807710770477662e+20,122.40516662597656,3132.169921875
2021-01-22,92.79000091552734,354.9158020019531,80.23426055908203,13.642122268676758,1.9807710770477662e+20,117.82503509521484,3074.39990234375
2021-01-25,94.12999725341797,356.32867431640625,79.25914764404297,13.583178520202637,1.9807710770477662e+20,119.0841293334961,3079.2099609375
2021-01-26,94.70999908447266,355.8023681640625,77.53316497802734,13.366296768188477,1.9807710770477662e+20,115.55320739746094,3031.77001953125
2021-01-27,88.83999633789062,347.121337890625,73.22305297851562,12.851451873779297,1.9807710770477662e+20,111.07341003417969,2875.1298828125
2021-01-28,87.5199966430664,350.05804443359375,76.44100952148438,12.984016418457031,1.9807710770477662e+20,114.8050537109375,2935.1201171875
2021-01-29,85.63999938964844,343.1040954589844,76.323974609375,12.923083305358887,1.9807710770477662e+20,110.87268829345703,2887.080078125
2021-02-01,87.66000366210938,348.7189025878906,78.4302749633789,13.16906452178955,1.9807710770477662e+20,115.56232452392578,2999.989990234375
2021-02-02,88.86000061035156,353.6689758300781,79.59071350097656,13.487174034118652,1.9807710770477662e+20,117.18637084960938,3047.330078125
2021-02-03,87.88999938964844,353.9461364746094,77.14310455322266,13.4610595703125,1.9807710770477662e+20,116.32872772216797,2982.8701171875
2021-02-04,87.83999633789062,357.95416259765625,79.22989654541016,13.594120979309082,1.9807710770477662e+20,116.92176818847656,3008.419921875
2021-02-05,87.9000015258789,359.3578796386719,79.08363342285156,13.52124309539795,1.9807710770477662e+20,116.58419799804688,2985.010009765625
2021-02-08,91.47000122070312,362.063720703125,81.92127990722656,14.364645957946777,1.9807710770477662e+20,120.93626403808594,3078.47998046875
2021-02-09,90.91000366210938,361.7590026855469,81.24842834472656,14.190048217773438,1.9807710770477662e+20,121.05484008789062,3064.949951171875
2021-02-10,92.3499984741211,361.6112365722656,80.30254364013672,14.688475608825684,1.9807710770477662e+20,121.97637939453125,3074.860107421875
2021-02-11,92.66000366210938,362.22076416015625,84.32987976074219,15.17247486114502,1.9807710770477662e+20,126.96708679199219,3180.840087890625
2021-02-12,93.7699966430664,364.0308837890625,85.82182312011719,14.884465217590332,1.9807710770477662e+20,125.96348571777344,3219.8701171875
2021-02-16,91.45999908447266,363.7445983886719,85.55852508544922,15.251568794250488,1.9807710770477662e+20,127.77910614013672,3238.919921875
2021-02-17,89.94000244140625,363.79071044921875,83.91055297851562,14.829499244689941,1.9807710770477662e+20,124.3303451538086,3178.239990234375
2021-02-18,88.63999938964844,362.24847412109375,86.3386459350586,14.752896308898926,1.9807710770477662e+20,122.8340072631836,3146.7900390625
2021-02-19,89.58000183105469,361.5650939941406,88.6984634399414,14.849894523620605,1.9807710770477662e+20,124.68617248535156,3223.4599609375
2021-02-22,85.37000274658203,358.8130187988281,84.13483428955078,14.282073020935059,1.9807710770477662e+20,121.86689758300781,3102.010009765625
2021-02-23,84.73999786376953,359.19158935546875,86.0363540649414,14.069418907165527,1.9807710770477662e+20,117.7885513305664,3083.8798828125
2021-02-24,86.94000244140625,363.1351013183594,90.21968841552734,14.42458724975586,1.9807710770477662e+20,120.70816802978516,3183.739990234375
2021-02-25,82.41999816894531,354.4262390136719,85.92911529541016,13.239204406738281,1.9807710770477662e+20,114.96014404296875,2999.159912109375
2021-02-26,84.51000213623047,352.5700378417969,89.25431823730469,13.644112586975098,1.9807710770477662e+20,114.90540313720703,3067.6201171875
2021-03-01,86.38999938964844,361.1216735839844,92.40399169921875,13.770708084106445,1.9807710770477662e+20,117.81591033935547,3169.110107421875
2021-03-02,84.12999725341797,358.3420104980469,88.82521057128906,13.337444305419922,1.9807710770477662e+20,114.96014404296875,3070.93994140625
2021-03-03,80.86000061035156,353.55816650390625,86.89447784423828,12.739032745361328,1.9807710770477662e+20,112.12263488769531,2975.580078125
2021-03-04,77.75,349.1807556152344,82.23332977294922,12.306761741638184,1.9807710770477662e+20,105.4622573852539,2831.6298828125
2021-03-05,78.5199966430664,355.61773681640625,86.71894073486328,12.397544860839844,1.9807710770477662e+20,110.21575164794922,2920.75
2021-03-08,73.95999908447266,353.8815002441406,82.93541717529297,11.5337495803833,1.9807710770477662e+20,103.94770812988281,2762.75
2021-03-09,78.52999877929688,358.868408203125,87.07975006103516,12.46029281616211,1.9807710770477662e+20,106.18303680419922,2932.2099609375
2021-03-10,77.5199966430664,361.06634521484375,83.28649139404297,12.408541679382324,1.9807710770477662e+20,103.85645294189453,2879.320068359375
2021-03-11,81.2300033569336,364.7789001464844,87.08949279785156,12.9312744140625,1.9807710770477662e+20,110.01502990722656,2997.1298828125
2021-03-12,81.05000305175781,365.3514709472656,85.58778381347656,12.79443359375,1.9807710770477662e+20,107.93479919433594,2965.090087890625
2021-03-15,82.5,367.5679016113281,86.64092254638672,13.12807846069336,1.9807710770477662e+20,108.6464614868164,3032.050048828125
2021-03-16,82.75,367.0507507324219,89.15679168701172,13.22760009765625,1.9807710770477662e+20,108.8927993774414,3070.320068359375
2021-03-17,82.62999725341797,368.2512512207031,92.40399169921875,13.277359962463379,1.9807710770477662e+20,108.76276397705078,3107.919921875
2021-03-18,78.12000274658203,362.8763732910156,87.58682250976562,12.66157341003418,1.9807710770477662e+20,104.86136627197266,2976.219970703125
2021-03-19,79.05999755859375,362.20233154296875,88.25965881347656,12.784232139587402,1.9807710770477662e+20,104.0645980834961,3011.3701171875
2021-03-22,80.30000305175781,365.0652160644531,89.0105209350586,13.123099327087402,1.9807710770477662e+20,107.31578063964844,3077.550048828125
2021-03-23,78.37999725341797,362.22076416015625,83.27672576904297,13.008155822753906,1.9807710770477662e+20,105.21853637695312,2994.2099609375
2021-03-24,76.4800033569336,360.364501953125,80.93638610839844,12.582454681396484,1.9807710770477662e+20,99.78772735595703,2953.969970703125
2021-03-25,76.22000122070312,362.4225769042969,81.99928283691406,12.475218772888184,1.9807710770477662e+20,101.15229034423828,2959.8798828125
2021-03-26,77.41000366210938,368.2880859375,85.80232238769531,12.777763366699219,1.9807710770477662e+20,106.74796295166016,3106.280029296875
2021-03-29,77.13999938964844,368.102783203125,84.43711853027344,12.88624095916748,1.9807710770477662e+20,104.76062774658203,3054.6298828125
2021-03-30,76.0,367.1946105957031,84.38836669921875,12.810110092163086,-2.7635758571219583e+19,105.3833999633789,3044.550048828125
2021-03-31,78.5,368.6309814453125,86.01685333251953,13.284327507019043,-2.7635758571219583e+19,108.32316589355469,3124.93994140625
2021-04-01,81.08999633789062,372.5783996582031,90.11241912841797,13.745607376098633,-2.7635758571219583e+19,114.29432678222656,3240.169921875
2021-04-05,81.43000030517578,377.9249572753906,91.41911315917969,13.920514106750488,-2.7635758571219583e+19,114.01958465576172,3305.429931640625
2021-04-06,81.44000244140625,377.693359375,91.16557312011719,13.795120239257812,-2.7635758571219583e+19,112.13296508789062,3266.10009765625
2021-04-07,82.19999694824219,378.16595458984375,91.6239013671875,14.075766563415527,-2.7635758571219583e+19,109.79763793945312,3266.4599609375
2021-04-08,83.3499984741211,379.9265441894531,92.92082214355469,14.24843692779541,-2.7635758571219583e+19,113.03963470458984,3301.260009765625
2021-04-09,82.76000213623047,382.6785888671875,92.93058776855469,14.331037521362305,-2.7635758571219583e+19,112.46268463134766,3294.530029296875
2021-04-12,78.58000183105469,382.8361511230469,93.21337890625,15.136163711547852,-2.7635758571219583e+19,110.72261810302734,3258.330078125
2021-04-13,80.19000244140625,383.9573974609375,89.85889434814453,15.604412078857422,-2.7635758571219583e+19,111.06146240234375,3252.699951171875
2021-04-14,78.55000305175781,382.6785888671875,88.4156723022461,15.203841209411621,-2.7635758571219583e+19,110.66765594482422,3213.8798828125
2021-04-15,83.01000213623047,386.7928771972656,88.02562713623047,16.05997085571289,-2.7635758571219583e+19,108.38726806640625,3271.330078125
2021-04-16,82.1500015258789,388.155029296875,88.40594482421875,15.836297035217285,-2.7635758571219583e+19,108.83602905273438,3253.080078125
2021-04-19,81.11000061035156,386.25537109375,86.21186828613281,15.28818416595459,-2.7635758571219583e+19,105.68560028076172,3171.0
2021-04-20,79.2699966430664,383.4476318359375,85.30500030517578,15.09859848022461,-2.7635758571219583e+19,105.27349090576172,3121.429931640625
2021-04-21,81.61000061035156,387.0338134765625,87.26502990722656,15.28693962097168,-2.7635758571219583e+19,107.5172348022461,3207.25
2021-04-22,79.05999755859375,383.59600830078125,82.6038818359375,14.779134750366211,-2.7635758571219583e+19,105.61234283447266,3133.169921875
2021-04-23,82.76000213623047,387.6175231933594,83.89105987548828,15.192147254943848,-2.7635758571219583e+19,108.65286254882812,3196.97998046875
2021-04-26,85.41000366210938,388.488525390625,85.65603637695312,15.403878211975098,-2.7635758571219583e+19,111.29043579101562,3250.260009765625
2021-04-27,85.20999908447266,388.3681335449219,87.23577117919922,15.308089256286621,-2.7635758571219583e+19,111.06146240234375,3225.610107421875
2021-04-28,84.0199966430664,388.2198181152344,83.89105987548828,15.203591346740723,-2.7635758571219583e+19,109.58700561523438,3178.489990234375
2021-04-29,83.91000366210938,390.67535400390625,85.87056732177734,15.251358985900879,-2.7635758571219583e+19,109.07413482666016,3202.5
2021-04-30,81.62000274658203,388.14569091796875,83.9300537109375,14.9376220703125,-2.7635758571219583e+19,106.91278839111328,3108.989990234375
2021-05-03,78.55000305175781,388.97967529296875,82.90616607666016,14.765700340270996,-2.7635758571219583e+19,106.18013763427734,3073.3798828125
2021-05-04,78.61000061035156,386.6168212890625,82.31133270263672,14.282523155212402,-2.7635758571219583e+19,105.64897918701172,3024.31005859375
2021-05-05,77.83000183105469,386.67242431640625,83.0329360961914,14.389256477355957,-2.7635758571219583e+19,105.66729736328125,3042.8798828125
2021-05-06,77.88999938964844,389.813720703125,82.69163513183594,14.453451156616211,-2.7635758571219583e+19,107.15091705322266,3066.219970703125
2021-05-07,78.80999755859375,392.639892578125,83.84228515625,14.741314888000488,-2.7635758571219583e+19,106.9952392578125,3112.030029296875
2021-05-10,75.98999786376953,388.82220458984375,78.83984375,14.197431564331055,-2.7635758571219583e+19,102.85572814941406,2967.110107421875
2021-05-11,76.83000183105469,385.3565979003906,78.674072265625,14.237738609313965,-2.7635758571219583e+19,103.35026550292969,2976.010009765625
2021-05-12,74.63999938964844,377.1189270019531,74.89053344726562,13.69261360168457,-2.7635758571219583e+19,99.10086822509766,2851.14990234375
2021-05-13,73.08999633789062,381.5945129394531,75.27085876464844,13.599808692932129,-2.7635758571219583e+19,99.59540557861328,2893.93994140625
2021-05-14,74.58999633789062,387.48779296875,77.71842193603516,14.174792289733887,-2.7635758571219583e+19,102.99310302734375,2981.419921875
2021-05-17,74.6500015258789,386.56121826171875,78.3912582397461,14.097662925720215,-2.7635758571219583e+19,100.5570068359375,2954.6298828125
2021-05-18,74.44000244140625,383.2345275878906,76.91881561279297,13.948628425598145,-2.7635758571219583e+19,101.50946044921875,2929.14990234375
2021-05-19,76.2300033569336,382.19677734375,77.94271087646484,13.998390197753906,-2.7635758571219583e+19,102.9381332397461,2987.280029296875
2021-05-20,78.05999755859375,386.23687744140625,79.11286926269531,14.542521476745605,-2.7635758571219583e+19,103.74407196044922,3066.110107421875
2021-05-21,77.16999816894531,386.01446533203125,78.71307373046875,14.91995620727539,-2.7635758571219583e+19,102.43443298339844,3052.10009765625
2021-05-24,77.44000244140625,389.8970642089844,80.83888244628906,15.537236213684082,-2.7635758571219583e+19,104.0645980834961,3122.97998046875
2021-05-25,77.86000061035156,389.0537414550781,79.21041107177734,15.57281494140625,-2.7635758571219583e+19,104.65985870361328,3134.669921875
2021-05-26,78.33999633789062,389.767333984375,80.19526672363281,15.624815940856934,-2.7635758571219583e+19,106.2350845336914,3140.97998046875
2021-05-27,78.41999816894531,389.97119140625,81.84326934814453,15.413829803466797,-2.7635758571219583e+19,106.02445220947266,3159.27001953125
2021-05-28,80.08000183105469,390.71246337890625,82.04802703857422,16.166702270507812,-2.7635758571219583e+19,107.48062133789062,3186.56005859375
2021-06-01,80.80999755859375,390.4066467285156,82.05779266357422,16.186613082885742,-2.7635758571219583e+19,108.53382873535156,3174.320068359375
2021-06-02,81.97000122070312,391.0553283691406,82.2430648803711,16.697898864746094,-2.7635758571219583e+19,108.93673706054688,3196.97998046875
2021-06-03,80.27999877929688,389.5634765625,79.9905014038086,16.888484954833984,-2.7635758571219583e+19,106.98609161376953,3139.18994140625
2021-06-04,81.58000183105469,393.1125183105469,81.677490234375,17.49407196044922,-2.7635758571219583e+19,109.44962310791016,3214.139892578125
2021-06-07,81.3499984741211,392.7788391113281,81.95053100585938,17.534626007080078,-2.7635758571219583e+19,108.26821899414062,3191.659912109375
2021-06-08,80.88999938964844,392.7973327636719,78.52780151367188,17.373397827148438,-2.7635758571219583e+19,106.16182708740234,3171.219970703125
2021-06-09,79.95999908447266,392.1673278808594,76.70428466796875,17.27907943725586,-2.7635758571219583e+19,107.26995849609375,3158.47998046875
2021-06-10,81.55999755859375,394.0677185058594,77.30888366699219,17.34552574157715,-2.7635758571219583e+19,108.28653717041016,3196.2099609375
2021-06-11,81.30999755859375,394.71832275390625,77.36737823486328,17.743953704833984,-2.7635758571219583e+19,108.29570007324219,3210.06005859375
2021-06-14,81.55000305175781,395.6662292480469,78.48880004882812,17.936565399169922,-2.7635758571219583e+19,110.80504608154297,3255.340087890625
2021-06-15,80.47000122070312,394.894775390625,80.13677978515625,17.707368850708008,-2.7635758571219583e+19,109.39466857910156,3225.97998046875
2021-06-16,80.11000061035156,392.7109069824219,78.48880004882812,17.729021072387695,-2.7635758571219583e+19,108.0850601196289,3201.010009765625
2021-06-17,84.55999755859375,392.59014892578125,78.63506317138672,18.572158813476562,-2.7635758571219583e+19,109.51093292236328,3231.7099609375
2021-06-18,84.6500015258789,387.31158447265625,75.03678894042969,18.553739547729492,-2.7635758571219583e+19,106.44956970214844,3152.81005859375
2021-06-21,82.58999633789062,392.7760009765625,75.15380859375,18.34320640563965,-2.7635758571219583e+19,104.9326400756836,3171.989990234375
2021-06-22,83.58000183105469,394.6439514160156,75.72916412353516,18.800607681274414,-2.7635758571219583e+19,105.10733032226562,3185.429931640625
2021-06-23,83.81999969482422,394.4115905761719,77.05533599853516,18.970333099365234,-2.7635758571219583e+19,106.68858337402344,3197.219970703125
2021-06-24,86.0999984741211,396.6976623535156,78.57654571533203,19.117902755737305,-2.7635758571219583e+19,107.78257751464844,3253.800048828125
2021-06-25,85.62000274658203,398.1567077636719,79.9905014038086,18.94420623779297,-2.7635758571219583e+19,107.12987518310547,3241.47998046875
2021-06-28,87.08000183105469,399.00250244140625,81.30693817138672,19.893857955932617,-2.7635758571219583e+19,109.96139526367188,3323.139892578125
2021-06-29,89.5199966430664,399.178955078125,80.86811828613281,19.935413360595703,3.855746485563949e+18,110.53137969970703,3348.8701171875
2021-06-30,93.93000030517578,399.5321044921875,82.86714935302734,19.911272048950195,3.855746485563949e+18,110.46704864501953,3345.31005859375
2021-07-01,93.30999755859375,401.7904357910156,78.11824035644531,20.119823455810547,3.855746485563949e+18,108.86740112304688,3295.06005859375
2021-07-02,94.69999694824219,404.847900390625,78.33277130126953,20.3935604095459,3.855746485563949e+18,109.3178939819336,3315.830078125
2021-07-06,94.47000122070312,403.8162536621094,79.0641098022461,20.604097366333008,3.855746485563949e+18,110.36591339111328,3307.919921875
2021-07-07,90.54000091552734,405.4704284667969,76.27521514892578,20.278837203979492,3.855746485563949e+18,108.71113586425781,3261.72998046875
2021-07-08,89.73999786376953,402.2178955078125,75.19283294677734,19.811973571777344,3.855746485563949e+18,108.3617935180664,3222.81005859375
2021-07-09,90.9000015258789,406.49267578125,76.78230285644531,19.95880699157715,3.855746485563949e+18,110.83477020263672,3278.389892578125
2021-07-12,90.80999755859375,407.99810791015625,77.5819091796875,20.4189453125,3.855746485563949e+18,112.73780059814453,3319.0
2021-07-13,90.26000213623047,406.5670471191406,76.49951934814453,20.157644271850586,3.855746485563949e+18,113.90536499023438,3300.81005859375
2021-07-14,89.05000305175781,407.1060791015625,76.53850555419922,19.751005172729492,3.855746485563949e+18,114.35582733154297,3289.179931640625
2021-07-15,86.93000030517578,405.7120666503906,75.00753784179688,18.879749298095703,3.855746485563949e+18,108.0491943359375,3217.739990234375
2021-07-16,85.88999938964844,402.6453857421875,73.14502716064453,18.078168869018555,3.855746485563949e+18,106.40360260009766,3145.449951171875
2021-07-19,86.58000183105469,396.63262939453125,72.72572326660156,18.69409942626953,3.855746485563949e+18,106.04503631591797,3147.510009765625
2021-07-20,87.11000061035156,402.3851013183594,73.51558685302734,18.527114868164062,3.855746485563949e+18,107.0103530883789,3190.949951171875
2021-07-21,89.41000366210938,405.6470031738281,75.27085876464844,19.321474075317383,3.855746485563949e+18,108.3617935180664,3288.75
2021-07-22,91.20999908447266,406.52984619140625,73.65210723876953,19.50463104248047,3.855746485563949e+18,107.15745544433594,3259.419921875
2021-07-23,92.1500015258789,410.5352783203125,74.0519027709961,19.468801498413086,3.855746485563949e+18,107.36888885498047,3280.06005859375
2021-07-26,91.81999969482422,411.6318054199219,74.40296936035156,19.20599937438965,3.855746485563949e+18,106.32083892822266,3276.919921875
2021-07-27,91.02999877929688,409.75469970703125,72.37467956542969,19.120393753051758,3.855746485563949e+18,104.38104248046875,3215.969970703125
2021-07-28,97.93000030517578,409.5315856933594,73.67162322998047,19.414047241210938,3.855746485563949e+18,105.78765869140625,3272.449951171875
2021-07-29,102.94999694824219,411.3529968261719,75.16357421875,19.57231903076172,3.855746485563949e+18,106.780517578125,3333.239990234375
2021-07-30,106.19000244140625,409.2713928222656,75.65113830566406,19.410070419311523,3.855746485563949e+18,107.23099517822266,3356.530029296875
2021-08-02,108.62999725341797,408.4442443847656,75.70965576171875,19.659927368164062,3.855746485563949e+18,107.4332504272461,3377.489990234375
2021-08-03,112.55999755859375,411.7061462402344,78.84957122802734,19.724626541137695,3.855746485563949e+18,108.85822296142578,3396.659912109375
2021-08-04,118.7699966430664,409.7453308105469,79.94174194335938,20.181533813476562,3.855746485563949e+18,109.16157531738281,3436.89990234375
2021-08-05,112.3499984741211,412.29168701171875,79.46392059326172,20.54288101196289,3.855746485563949e+18,109.60285949707031,3424.4599609375
2021-08-06,110.11000061035156,413.0071716308594,79.96126556396484,20.273117065429688,3.855746485563949e+18,108.6743392944336,3412.050048828125
2021-08-09,107.58000183105469,412.71905517578125,78.21574401855469,20.20244026184082,3.855746485563949e+18,108.68352508544922,3399.760009765625
2021-08-10,106.4800033569336,413.202392578125,74.0226821899414,19.845077514648438,3.855746485563949e+18,106.97359466552734,3358.8701171875
2021-08-11,107.68000030517578,414.17822265625,73.16454315185547,19.609155654907227,3.855746485563949e+18,106.63343048095703,3350.929931640625
2021-08-12,106.5,415.1446228027344,68.50337219238281,19.8142147064209,3.855746485563949e+18,106.36682891845703,3312.9599609375
2021-08-13,110.55000305175781,416.19476318359375,69.15673065185547,20.095930099487305,3.855746485563949e+18,106.18295288085938,3335.0400390625
2021-08-16,107.4800033569336,417.2634582519531,69.1664810180664,19.859010696411133,3.855746485563949e+18,105.38314056396484,3322.639892578125
2021-08-17,107.55999755859375,414.4290771484375,69.02020263671875,19.36925506591797,3.855746485563949e+18,102.14706420898438,3256.820068359375
2021-08-18,103.44000244140625,409.9590759277344,68.86417388916016,18.953161239624023,3.855746485563949e+18,101.54032135009766,3208.830078125
2021-08-19,103.69999694824219,410.5631103515625,68.53264617919922,19.707704544067383,3.855746485563949e+18,101.60466003417969,3235.8701171875
2021-08-20,104.6500015258789,413.8343811035156,68.48388671875,20.7210636138916,3.855746485563949e+18,99.39827728271484,3256.5
2021-08-23,108.7699966430664,417.4400634765625,69.95634460449219,21.85785484313965,3.855746485563949e+18,102.0091781616211,3342.010009765625
2021-08-24,107.6500015258789,418.16497802734375,70.19037628173828,21.693605422973633,3.855746485563949e+18,103.06641387939453,3345.389892578125
2021-08-25,108.30000305175781,419.0385437011719,72.19915008544922,22.111690521240234,3.855746485563949e+18,107.58953094482422,3372.550048828125
2021-08-26,107.2699966430664,416.5664978027344,70.9607162475586,21.96735191345215,3.855746485563949e+18,108.57322692871094,3370.389892578125
2021-08-27,111.4000015258789,420.2280578613281,72.16014099121094,22.532756805419922,3.855746485563949e+18,108.9317626953125,3436.449951171875
2021-08-30,111.31999969482422,422.095947265625,71.34103393554688,22.584524154663086,3.855746485563949e+18,109.39143371582031,3446.43994140625
2021-08-31,110.72000122070312,421.64056396484375,71.86759948730469,22.286834716796875,3.855746485563949e+18,109.40982055664062,3417.719970703125
2021-09-01,109.98999786376953,421.826416015625,71.88710021972656,22.342588424682617,3.855746485563949e+18,110.74285125732422,3399.949951171875
2021-09-02,109.19999694824219,423.0903015136719,72.150390625,22.297786712646484,3.855746485563949e+18,111.04623413085938,3411.320068359375
2021-09-03,109.91999816894531,422.9044494628906,71.9748764038086,22.742828369140625,3.855746485563949e+18,113.96969604492188,3430.889892578125
2021-09-07,109.1500015258789,421.5384826660156,71.80909729003906,22.562618255615234,3.855746485563949e+18,114.64080810546875,3419.72998046875
2021-09-08,106.16999816894531,420.980712890625,70.47315979003906,22.24103355407715,3.855746485563949e+18,112.05750274658203,3377.679931640625
2021-09-09,106.1500015258789,419.10357666015625,71.05824279785156,22.079750061035156,3.855746485563949e+18,112.78377532958984,3390.840087890625
2021-09-10,105.19999694824219,415.90667724609375,71.67256927490234,22.37942886352539,3.855746485563949e+18,113.05036926269531,3416.659912109375
2021-09-13,104.80000305175781,416.87322998046875,72.50145721435547,22.054859161376953,3.855746485563949e+18,113.64794158935547,3449.679931640625
2021-09-14,105.7300033569336,414.65216064453125,71.66283416748047,22.144466400146484,3.855746485563949e+18,113.1606674194336,3449.389892578125
2021-09-15,105.5999984741211,418.09991455078125,71.984619140625,22.243024826049805,3.855746485563949e+18,111.69895935058594,3465.760009765625
2021-09-16,106.22000122070312,417.3192138671875,72.77447509765625,22.144466400146484,3.855746485563949e+18,111.5023422241211,3473.60009765625
2021-09-17,103.87999725341797,413.29534912109375,72.45269775390625,21.8039608001709,3.855746485563949e+18,108.69608306884766,3421.159912109375
2021-09-20,101.55000305175781,406.325439453125,70.5706787109375,21.020414352416992,3.855746485563949e+18,105.88058471679688,3338.22998046875
2021-09-21,102.81999969482422,406.0931091308594,70.34638977050781,21.152830123901367,3.855746485563949e+18,106.12061309814453,3345.030029296875
2021-09-22,104.37999725341797,410.09844970703125,72.13089752197266,21.84477996826172,3.855746485563949e+18,106.96063232421875,3412.02001953125
2021-09-23,106.1500015258789,415.0145263671875,72.19915008544922,22.383413314819336,3.855746485563949e+18,107.25605010986328,3457.449951171875
2021-09-24,105.80000305175781,415.81024169921875,72.20890808105469,21.984167098999023,3.855746485563949e+18,106.74832153320312,3453.919921875
2021-09-27,108.16000366210938,414.5042419433594,73.31080627441406,21.565013885498047,3.855746485563949e+18,107.21910095214844,3445.43994140625
2021-09-28,101.5199966430664,406.2298278808594,71.28253173828125,20.608234405517578,3.855746485563949e+18,103.29588317871094,3314.389892578125
2021-09-29,100.3499984741211,406.9295349121094,69.85882568359375,20.427026748657227,-5.3795454942865e+17,103.03742218017578,3263.840087890625
2021-09-30,102.9000015258789,401.89208984375,69.31200408935547,20.625152587890625,-5.3795454942865e+17,103.06511688232422,3258.090087890625
2021-10-01,102.44999694824219,406.6776428222656,69.32174682617188,20.65104103088379,-5.3795454942865e+17,102.98204040527344,3261.179931640625
2021-10-04,100.33999633789062,401.39764404296875,68.96046447753906,19.645465850830078,-5.3795454942865e+17,100.6373291015625,3180.06005859375
2021-10-05,101.80999755859375,405.6048583984375,68.84326934814453,20.36131477355957,-5.3795454942865e+17,100.85889434814453,3227.25
2021-10-06,103.63999938964844,407.3305969238281,68.29641723632812,20.60923194885254,-5.3795454942865e+17,100.93274688720703,3238.7900390625
2021-10-07,106.44999694824219,410.7075500488281,68.88231658935547,20.982576370239258,-5.3795454942865e+17,102.30815887451172,3274.47998046875
2021-10-08,105.05999755859375,410.10113525390625,68.47219848632812,20.739648818969727,-5.3795454942865e+17,101.57891845703125,3246.27001953125
2021-10-11,104.68000030517578,407.0414123535156,67.59335327148438,20.604244232177734,-5.3795454942865e+17,101.781982421875,3221.22998046875
2021-10-12,105.04000091552734,406.01531982421875,65.15211486816406,20.580350875854492,-5.3795454942865e+17,100.8034896850586,3178.14990234375
2021-10-13,109.16000366210938,407.46124267578125,64.82007598876953,20.84717559814453,-7.028705046372024e+17,101.52351379394531,3192.75
2021-10-14,111.98999786376953,414.4389343261719,66.20671844482422,21.650636672973633,-7.028705046372024e+17,103.90512084960938,3291.239990234375
2021-10-15,112.12000274658203,417.6199645996094,66.08953094482422,21.76612663269043,-7.028705046372024e+17,106.0282974243164,3314.409912109375
2021-10-18,116.43000030517578,418.83270263671875,65.67940521240234,22.12455177307129,-7.028705046372024e+17,106.47138977050781,3338.780029296875
2021-10-19,116.33000183105469,422.1256408691406,65.98211669921875,22.192251205444336,-7.028705046372024e+17,107.96682739257812,3381.449951171875
2021-10-20,116.38999938964844,423.74884033203125,66.66566467285156,22.006071090698242,-7.028705046372024e+17,106.70215606689453,3374.219970703125
2021-10-21,119.33000183105469,424.8495788574219,67.02699279785156,22.59248924255371,-7.028705046372024e+17,107.34833526611328,3412.050048828125
2021-10-22,119.81999969482422,424.3365783691406,65.92353057861328,22.62633514404297,-7.028705046372024e+17,105.44673156738281,3370.280029296875
2021-10-25,122.36000061035156,426.5567932128906,67.1441421508789,23.064411163330078,-7.028705046372024e+17,104.902099609375,3392.389892578125
2021-10-26,122.93000030517578,427.0418701171875,67.3199234008789,24.608606338500977,-7.028705046372024e+17,105.40059661865234,3392.9599609375
2021-10-27,122.27999877929688,425.1388244628906,66.63636779785156,24.343774795532227,-7.028705046372024e+17,105.00365447998047,3360.2900390625
2021-10-28,121.16000366210938,429.2246398925781,67.94487762451172,24.831628799438477,-7.028705046372024e+17,107.0898666381836,3438.830078125
2021-10-29,120.2300033569336,430.0362548828125,67.47618103027344,25.45488166809082,-7.028705046372024e+17,104.95748901367188,3451.27001953125
2021-11-01,125.2300033569336,430.92254638671875,69.03857421875,25.713743209838867,-7.028705046372024e+17,105.3451919555664,3506.280029296875
2021-11-02,127.62999725341797,432.620361328125,69.09715270996094,26.285219192504883,-7.028705046372024e+17,105.33596801757812,3548.860107421875
2021-11-03,130.52999877929688,435.2789001464844,69.57565307617188,26.481359481811523,-7.028705046372024e+17,105.24364471435547,3590.169921875
2021-11-04,137.5,437.2752990722656,70.5423812866211,29.670310974121094,-7.028705046372024e+17,108.73301696777344,3715.760009765625
2021-11-05,136.33999633789062,438.814453125,71.20640563964844,29.62152862548828,-7.028705046372024e+17,108.74221801757812,3756.550048828125
2021-11-08,150.16000366210938,439.2716064453125,72.807861328125,30.668914794921875,-7.028705046372024e+17,111.61312103271484,3803.330078125
2021-11-09,148.9199981689453,437.7416687011719,73.81364440917969,30.522560119628906,-7.028705046372024e+17,112.41621398925781,3800.570068359375
2021-11-10,139.8699951171875,434.28076171875,71.68487548828125,29.329818725585938,-7.028705046372024e+17,109.11148834228516,3693.02001953125
2021-11-11,146.00999450683594,434.4580383300781,72.79808807373047,30.25672721862793,-7.028705046372024e+17,109.10226440429688,3764.489990234375
2021-11-12,147.88999938964844,437.6577453613281,75.48346710205078,30.25672721862793,-7.028705046372024e+17,109.56380462646484,3794.5
2021-11-15,146.49000549316406,437.76971435546875,74.97569274902344,29.893325805664062,-7.028705046372024e+17,109.03763580322266,3793.75
2021-11-16,152.4499969482422,439.51409912109375,75.00498962402344,30.0705509185791,-7.028705046372024e+17,109.00070190429688,3859.39990234375
2021-11-17,151.33999633789062,438.47857666015625,73.68671417236328,29.132680892944336,-7.028705046372024e+17,109.90534973144531,3831.43994140625
2021-11-18,155.02000427246094,439.9245300292969,75.21002960205078,31.53609848022461,-7.028705046372024e+17,113.90241241455078,3899.9599609375
2021-11-19,155.41000366210938,439.20623779296875,81.07880401611328,32.840354919433594,-7.028705046372024e+17,114.70552062988281,3912.02001953125
2021-11-22,152.52000427246094,437.89093017578125,81.8893051147461,31.81586265563965,-7.028705046372024e+17,115.15785217285156,3847.1201171875
2021-11-23,149.9199981689453,438.4971923828125,83.40290069580078,31.606781005859375,-7.028705046372024e+17,112.02850341796875,3834.429931640625
2021-11-24,157.8000030517578,439.6354064941406,84.18409729003906,32.53071975708008,-7.028705046372024e+17,111.42848205566406,3870.010009765625
2021-11-26,154.80999755859375,429.691162109375,81.45964813232422,31.364852905273438,-7.028705046372024e+17,108.08682250976562,3757.1298828125
2021-11-29,161.91000366210938,435.17626953125,84.11573791503906,33.229637145996094,-7.028705046372024e+17,110.10843658447266,3910.5400390625
2021-11-30,158.3699951171875,426.90185546875,82.02601623535156,32.53270721435547,-7.028705046372024e+17,108.1422119140625,3833.219970703125
2021-12-01,149.11000061035156,421.92047119140625,83.14900970458984,31.300973892211914,-7.028705046372024e+17,111.3546142578125,3810.75
2021-12-02,150.67999267578125,428.42242431640625,80.93232727050781,31.98903465270996,-7.028705046372024e+17,112.34235382080078,3810.820068359375
2021-12-03,144.00999450683594,424.57904052734375,79.70196533203125,30.562145233154297,-7.028705046372024e+17,110.15459442138672,3804.5400390625
2021-12-06,139.05999755859375,429.691162109375,80.51244354248047,29.908945083618164,-7.028705046372024e+17,109.97920989990234,3800.070068359375
2021-12-07,144.85000610351562,438.61859130859375,83.81301879882812,32.28874969482422,-7.028705046372024e+17,112.91468048095703,3988.75
2021-12-08,145.24000549316406,439.7752990722656,83.99855041503906,31.6903133392334,-7.028705046372024e+17,112.43468475341797,3964.43994140625
2021-12-09,138.10000610351562,436.808837890625,82.93417358398438,30.360008239746094,-7.028705046372024e+17,110.3115234375,3879.52001953125
2021-12-10,138.5500030517578,440.9973449707031,83.52984619140625,30.069257736206055,-7.028705046372024e+17,109.96996307373047,3914.669921875
2021-12-13,133.8000030517578,437.0931091308594,82.36779022216797,28.040937423706055,-7.028705046372024e+17,107.46833801269531,3814.429931640625
2021-12-14,135.60000610351562,434.0048828125,81.33270263671875,28.2161865234375,-7.028705046372024e+17,107.34833526611328,3794.409912109375
2021-12-15,146.5,440.8269958496094,83.64701080322266,30.329139709472656,-7.028705046372024e+17,111.142333984375,3934.4599609375
2021-12-16,138.63999938964844,436.78424072265625,80.74681091308594,28.265975952148438,-7.028705046372024e+17,108.05192565917969,3766.320068359375
2021-12-17,137.75,432.4515075683594,81.04951477050781,27.682477951049805,-7.028705046372024e+17,107.82020568847656,3761.0400390625
2021-12-20,135.8000030517578,427.594482421875,80.102294921875,27.600826263427734,-7.028705046372024e+17,106.54103088378906,3732.389892578125
2021-12-21,144.25,435.2120361328125,88.54903411865234,28.951045989990234,-7.028705046372024e+17,108.85835266113281,3857.300048828125
2021-12-22,143.8800048828125,439.6011047363281,88.21703338623047,29.274656295776367,-7.028705046372024e+17,112.43631744384766,3891.919921875
2021-12-23,146.13999938964844,442.2962646484375,92.2011489868164,29.513628005981445,-7.028705046372024e+17,111.86161804199219,3932.389892578125
2021-12-27,154.36000061035156,448.63177490234375,92.21092224121094,30.813066482543945,-7.028705046372024e+17,113.7340087890625,4039.510009765625
2021-12-28,153.14999389648438,448.28546142578125,90.75592041015625,30.192729949951172,-7.028705046372024e+17,113.1407699584961,3992.18994140625
2021-12-29,148.25999450683594,448.75341796875,93.91001892089844,29.873092651367188,1.3385250975095194e+17,112.53826904296875,3999.35009765625
2021-12-30,145.14999389648438,447.49005126953125,91.68360137939453,29.459861755371094,1.3385250975095194e+17,111.62060546875,3952.0400390625
2021-12-31,143.89999389648438,446.37640380859375,91.05797576904297,29.285615921020508,1.3385250975095194e+17,111.5186538696289,3946.169921875
2022-01-03,150.24000549316406,449.04345703125,93.5995864868164,29.992582321166992,1.3385250975095194e+17,119.38825988769531,4027.219970703125
2022-01-04,144.4199981689453,448.8937683105469,94.17632293701172,29.165124893188477,1.3385250975095194e+17,123.65214538574219,4009.0
2022-01-05,136.14999389648438,440.1438903808594,92.2799072265625,27.486310958862305,1.3385250975095194e+17,117.77540588378906,3879.8701171875
2022-01-06,136.22999572753906,439.8162841796875,93.50182342529297,28.057865142822266,1.3385250975095194e+17,119.08236694335938,3909.0400390625
2022-01-07,132.0,438.0569763183594,92.32878875732422,27.130834579467773,1.3385250975095194e+17,114.47554016113281,3796.320068359375
2022-01-10,132.0,437.23345947265625,91.78135681152344,27.283180236816406,1.3385250975095194e+17,115.87521362304688,3805.389892578125
2022-01-11,137.30999755859375,441.54754638671875,92.08439636230469,27.698400497436523,1.3385250975095194e+17,119.73123168945312,3875.43994140625
2022-01-12,137.47000122070312,442.71734619140625,92.97396087646484,27.87963104248047,1.3385250975095194e+17,122.56761932373047,3901.2099609375
2022-01-13,132.74000549316406,436.6438293457031,93.4725112915039,26.461698532104492,1.3385250975095194e+17,129.01907348632812,3811.840087890625
2022-01-14,136.8800048828125,436.79364013671875,95.17344665527344,26.82713508605957,1.3385250975095194e+17,130.3816680908203,3900.610107421875
2022-01-18,131.92999267578125,429.0731201171875,90.78427124023438,25.792560577392578,1.3385250975095194e+17,124.05072021484375,3727.239990234375
2022-01-19,128.27000427246094,424.63739013671875,87.97872924804688,24.960132598876953,1.3385250975095194e+17,121.43678283691406,3612.18994140625
2022-01-20,121.88999938964844,419.92083740234375,83.1594467163086,24.047040939331055,1.3385250975095194e+17,118.95260620117188,3494.75
2022-01-21,118.80999755859375,411.7417297363281,80.08997344970703,23.27434730529785,1.3385250975095194e+17,115.4302749633789,3434.7900390625
2022-01-24,116.52999877929688,413.1828918457031,81.0870590209961,23.272357940673828,1.3385250975095194e+17,116.75580596923828,3479.949951171875
2022-01-25,111.12999725341797,408.4289855957031,78.90715789794922,22.22882652282715,1.3385250975095194e+17,113.53008270263672,3350.85009765625
2022-01-26,110.70999908447266,407.4837646484375,80.12905883789062,22.674909591674805,1.3385250975095194e+17,114.08624267578125,3407.0
2022-01-27,102.5999984741211,405.35943603515625,76.95207214355469,21.850446701049805,1.3385250975095194e+17,107.8758316040039,3244.0
2022-01-28,105.23999786376953,415.2698059082031,77.48967742919922,22.74262237548828,1.3385250975095194e+17,109.01593017578125,3303.39990234375
2022-01-31,114.25,422.7750549316406,80.4223403930664,24.38160514831543,1.3385250975095194e+17,113.66911315917969,3483.2099609375
2022-02-01,116.77999877929688,425.6948547363281,79.62074279785156,24.532960891723633,1.3385250975095194e+17,114.05843353271484,3510.860107421875
2022-02-02,122.76000213623047,429.7843017578125,82.61203002929688,25.13438606262207,1.3385250975095194e+17,115.07806396484375,3597.169921875
2022-02-03,120.08000183105469,419.8085632324219,80.12905883789062,23.845905303955078,1.3385250975095194e+17,111.08297729492188,3432.550048828125
2022-02-04,123.5999984741211,421.91412353515625,79.34703063964844,24.215320587158203,1.3385250975095194e+17,112.17676544189453,3453.070068359375
2022-02-07,123.66999816894531,420.416748046875,79.05377960205078,24.622573852539062,1.3385250975095194e+17,113.37250518798828,3452.330078125
2022-02-08,128.22999572753906,423.7576904296875,82.23077392578125,25.000953674316406,1.3385250975095194e+17,114.67019653320312,3535.1298828125
2022-02-09,132.85000610351562,430.0088806152344,86.14094543457031,26.591144561767578,1.3385250975095194e+17,116.34793853759766,3653.719970703125
2022-02-10,125.7699966430664,422.4100341796875,88.9758071899414,25.713905334472656,1.3385250975095194e+17,115.59712982177734,3536.10009765625
2022-02-11,113.18000030517578,413.9596252441406,87.7441177368164,23.84689712524414,1.3385250975095194e+17,112.16751098632812,3365.25
2022-02-14,114.2699966430664,412.612060546875,87.84187316894531,24.16353988647461,1.3385250975095194e+17,111.01809692382812,3370.199951171875
2022-02-15,121.47000122070312,419.24700927734375,93.84398651123047,26.382041931152344,1.3385250975095194e+17,115.4209976196289,3554.449951171875
2022-02-16,117.69000244140625,419.7243347167969,93.9026107788086,26.397972106933594,1.3385250975095194e+17,114.56822967529297,3555.68994140625
2022-02-17,112.37000274658203,410.91815185546875,91.62496185302734,24.402517318725586,1.3385250975095194e+17,111.00885009765625,3422.60009765625
2022-02-18,113.83000183105469,408.0826416015625,88.76077270507812,23.54120635986328,1.3385250975095194e+17,110.59172058105469,3384.300048828125
2022-02-22,115.6500015258789,403.65625,88.53592681884766,23.29027557373047,1.3385250975095194e+17,108.36710357666016,3356.070068359375
2022-02-23,109.76000213623047,396.30072021484375,85.34910583496094,22.291555404663086,1.3385250975095194e+17,107.43089294433594,3277.800048828125
2022-02-24,116.61000061035156,402.5332946777344,86.83499145507812,23.646751403808594,1.3385250975095194e+17,103.70462799072266,3399.159912109375
2022-02-25,121.05999755859375,411.3954772949219,88.07646942138672,24.054006576538086,1.3385250975095194e+17,103.10215759277344,3452.669921875
2022-02-28,123.33999633789062,410.5625915527344,86.86433410644531,24.281034469604492,1.3385250975095194e+17,99.19051361083984,3429.530029296875
2022-03-01,113.83000183105469,404.1990051269531,84.32271575927734,23.37691307067871,1.3385250975095194e+17,100.15451049804688,3304.85009765625
2022-03-02,118.27999877929688,411.5733642578125,91.2046127319336,24.120847702026367,1.3385250975095194e+17,101.60050964355469,3416.159912109375
2022-03-03,111.9800033569336,409.59869384765625,87.17715454101562,23.61692237854004,1.3385250975095194e+17,100.8404312133789,3339.760009765625
2022-03-04,108.41000366210938,406.0987243652344,80.07042694091797,22.842105865478516,1.3385250975095194e+17,97.38299560546875,3258.919921875
2022-03-07,102.94999694824219,394.1670837402344,73.99988555908203,21.26458740234375,1.3385250975095194e+17,92.03462982177734,3098.929931640625
2022-03-08,105.52999877929688,391.2286071777344,75.42711639404297,21.425928115844727,1.3385250975095194e+17,92.6927490234375,3156.8701171875
2022-03-09,111.05000305175781,401.7565612792969,77.65589904785156,22.919782638549805,1.3385250975095194e+17,97.28103637695312,3282.179931640625
2022-03-10,106.45999908447266,399.9129943847656,74.01942443847656,22.56524658203125,1.3385250975095194e+17,96.3633804321289,3211.070068359375
2022-03-11,104.29000091552734,394.9250183105469,71.1845474243164,22.00952911376953,1.3385250975095194e+17,93.99971008300781,3144.14990234375
2022-03-14,102.25,391.9397888183594,67.84137725830078,21.242677688598633,1.3385250975095194e+17,92.04390716552734,3047.5
2022-03-15,109.33000183105469,400.5680847167969,71.46806335449219,22.878952026367188,1.3385250975095194e+17,94.63001251220703,3180.239990234375
2022-03-16,115.37000274658203,409.4395751953125,77.8807144165039,24.395721435546875,1.3385250975095194e+17,98.43944549560547,3340.070068359375
2022-03-17,111.69000244140625,414.5304870605469,78.7116470336914,24.664613723754883,1.3385250975095194e+17,99.18456268310547,3364.550048828125
2022-03-18,113.45999908447266,418.9662780761719,77.62657165527344,26.344707489013672,1.3385250975095194e+17,99.3987808227539,3432.300048828125
2022-03-21,115.91999816894531,418.8819580078125,76.59036254882812,26.62455940246582,1.3385250975095194e+17,99.5850601196289,3423.239990234375
2022-03-22,114.77999877929688,423.9916076660156,77.34309387207031,26.415416717529297,1.3385250975095194e+17,99.69681549072266,3445.85009765625
2022-03-23,113.91999816894531,418.6761779785156,73.95098876953125,25.52906036376953,1.3385250975095194e+17,98.12275695800781,3360.320068359375
2022-03-24,120.52999877929688,424.73309326171875,76.4535140991211,28.03476333618164,1.3385250975095194e+17,100.5164566040039,3532.719970703125
2022-03-25,119.66999816894531,426.8739013671875,76.34598541259766,27.578638076782227,1.3385250975095194e+17,99.4081039428711,3525.340087890625
2022-03-28,120.23999786376953,429.86907958984375,78.06643676757812,28.103479385375977,1.3385250975095194e+17,99.0355224609375,3547.169921875
2022-03-29,123.2300033569336,435.35247802734375,80.207275390625,28.53868865966797,1.3385250975095194e+17,101.7552261352539,3625.580078125
2022-03-30,119.22000122070312,432.6484069824219,77.38218688964844,27.57664680480957,-2.549045910306816e+16,99.4081039428711,3508.6201171875
2022-03-31,109.33999633789062,425.9820251464844,76.14068603515625,27.17429542541504,-2.549045910306816e+16,97.10755920410156,3429.0
2022-04-01,108.19000244140625,427.0148010253906,74.46910858154297,26.602645874023438,-2.549045910306816e+16,95.73841094970703,3366.639892578125
2022-04-04,110.52999877929688,430.7799987792969,75.92562866210938,27.247997283935547,-2.549045910306816e+16,97.60118103027344,3424.949951171875
2022-04-05,106.81999969482422,425.2308654785156,72.93435668945312,25.824848175048828,-2.549045910306816e+16,95.46827697753906,3269.820068359375
2022-04-06,103.66999816894531,421.0995788574219,72.12300872802734,24.30708122253418,-2.549045910306816e+16,94.23883056640625,3193.9599609375
2022-04-07,103.72000122070312,423.1839904785156,71.63423919677734,24.108896255493164,-2.549045910306816e+16,93.62411499023438,3197.43994140625
2022-04-08,101.0,422.0572509765625,70.61620330810547,23.024354934692383,-2.549045910306816e+16,92.478515625,3120.159912109375
2022-04-11,97.37000274658203,414.76177978515625,70.5085220336914,21.827274322509766,-2.549045910306816e+16,90.87649536132812,3055.090087890625
2022-04-12,95.0999984741211,413.17498779296875,70.44001007080078,21.41596794128418,-2.549045910306816e+16,90.75542449951172,3047.469970703125
2022-04-13,97.73999786376953,418.0105285644531,70.85112762451172,22.11210823059082,-2.549045910306816e+16,94.53688049316406,3119.320068359375
2022-04-14,93.05999755859375,412.84637451171875,68.6486587524414,21.170974731445312,-2.549045910306816e+16,91.6122817993164,3028.219970703125
2022-04-18,93.88999938964844,412.99664306640625,69.64710235595703,21.693828582763672,-2.549045910306816e+16,91.9941635131836,3085.18994140625
2022-04-19,96.93000030517578,419.6629638671875,71.1937255859375,22.107126235961914,-2.549045910306816e+16,92.62753295898438,3153.22998046875
2022-04-20,94.0199966430664,419.2873840332031,71.65381622314453,21.394058227539062,-2.549045910306816e+16,92.21770477294922,3142.199951171875
2022-04-21,89.8499984741211,413.2125549316406,69.42196655273438,20.100379943847656,-2.549045910306816e+16,90.96033477783203,3058.739990234375
2022-04-22,88.13999938964844,401.6543273925781,67.94385528564453,19.435108184814453,-2.549045910306816e+16,89.11614990234375,2989.830078125
2022-04-25,90.69000244140625,404.13311767578125,68.63887023925781,19.820528030395508,-2.549045910306816e+16,89.63773345947266,3042.389892578125
2022-04-26,85.16000366210938,392.3683776855469,65.6630859375,18.71108627319336,-2.549045910306816e+16,86.40577697753906,2909.1201171875
2022-04-27,84.91000366210938,393.5513610839844,65.06596374511719,18.339618682861328,-2.549045910306816e+16,84.06796264648438,2894.909912109375
2022-04-28,89.63999938964844,403.4383544921875,68.69759368896484,19.701017379760742,-2.549045910306816e+16,88.68771362304688,3056.360107421875
2022-04-29,85.5199966430664,388.3027648925781,66.74962615966797,18.4710750579834,-2.549045910306816e+16,86.55480194091797,2919.739990234375
2022-05-02,89.83999633789062,390.8003234863281,69.10873413085938,19.453039169311523,-2.549045910306816e+16,87.32786560058594,3022.239990234375
2022-05-03,91.12999725341797,392.61248779296875,69.75479125976562,19.521753311157227,-2.549045910306816e+16,87.20677947998047,3044.889892578125
2022-05-04,99.41999816894531,404.4336242675781,72.06493377685547,20.250757217407227,-2.549045910306816e+16,89.4048843383789,3163.7900390625
2022-05-05,93.87000274658203,390.07745361328125,69.7841567993164,18.76685905456543,-2.549045910306816e+16,85.82830810546875,3005.530029296875
2022-05-06,95.33999633789062,387.9742126464844,68.86400604248047,18.598546981811523,-2.549045910306816e+16,85.343994140625,2982.06005859375
2022-05-09,86.36000061035156,375.4958190917969,66.49512481689453,16.880615234375,-2.549045910306816e+16,81.31105041503906,2829.10009765625
2022-05-10,88.7300033569336,376.237548828125,67.45442199707031,17.522972106933594,-2.549045910306816e+16,82.72674560546875,2900.1298828125
2022-05-11,87.91999816894531,370.3035888671875,65.54563903808594,16.561914443969727,-2.549045910306816e+16,81.8046646118164,2811.93994140625
2022-05-12,87.05999755859375,369.7590026855469,66.27977752685547,16.10878562927246,-2.549045910306816e+16,81.67428588867188,2827.2099609375
2022-05-13,95.12000274658203,378.7726745605469,70.40086364746094,17.633516311645508,-2.549045910306816e+16,84.71994018554688,2970.3701171875
2022-05-16,94.23999786376953,377.1765441894531,68.98147583007812,17.193326950073242,-2.549045910306816e+16,84.20768737792969,2920.06005859375
2022-05-17,102.47000122070312,384.9884033203125,72.90679168701172,18.10258674621582,-2.549045910306816e+16,86.91804504394531,3066.5
2022-05-18,96.27999877929688,369.5242614746094,69.54922485351562,16.8686580657959,-2.549045910306816e+16,84.3194580078125,2907.9599609375
2022-05-19,96.66999816894531,367.2144775390625,67.93407440185547,17.053895950317383,-2.549045910306816e+16,84.02140808105469,2890.330078125
2022-05-20,93.5,367.4022521972656,67.44462585449219,16.62565803527832,-2.549045910306816e+16,84.55229949951172,2882.64990234375
2022-05-23,95.06999969482422,374.26580810546875,68.12006378173828,16.828824996948242,-2.549045910306816e+16,85.222900390625,2898.429931640625
2022-05-24,91.16000366210938,371.58050537109375,65.21280670166016,16.08786964416504,-2.549045910306816e+16,82.63362121582031,2827.050048828125
2022-05-25,92.6500015258789,374.8667297363281,66.4364013671875,16.9055118560791,-2.549045910306816e+16,84.20768737792969,2882.929931640625
2022-05-26,98.75,382.19976806640625,69.10873413085938,17.777921676635742,-2.549045910306816e+16,84.75720977783203,2994.610107421875
2022-05-27,102.26000213623047,391.76751708984375,71.77128601074219,18.73399543762207,-2.549045910306816e+16,87.3371810913086,3115.35009765625
2022-05-31,101.86000061035156,389.5328674316406,72.28028869628906,18.595561981201172,-2.549045910306816e+16,88.76222229003906,3098.68994140625
2022-06-01,101.22000122070312,386.3780212402344,71.99642181396484,18.24500274658203,-2.549045910306816e+16,88.24996185302734,3049.030029296875
2022-06-02,108.58999633789062,393.65472412109375,73.7779769897461,19.511795043945312,-2.549045910306816e+16,89.73087310791016,3157.97998046875
2022-06-03,106.30000305175781,387.1949157714844,68.46269226074219,18.64336395263672,-2.549045910306816e+16,87.3371810913086,3062.590087890625
2022-06-06,105.6500015258789,388.359130859375,68.96190643310547,18.709095001220703,-2.549045910306816e+16,86.72244262695312,3062.739990234375
2022-06-07,105.27999877929688,391.9646911621094,69.26535034179688,18.848527908325195,-2.549045910306816e+16,87.40238189697266,3092.969970703125
2022-06-08,101.9000015258789,387.7206726074219,67.15096282958984,18.575590133666992,-2.549045910306816e+16,87.0577621459961,3019.10009765625
2022-06-09,98.80000305175781,378.6157531738281,64.62547302246094,17.977914810180664,-2.549045910306816e+16,84.61750030517578,2937.7900390625
2022-06-10,94.81999969482422,367.4453430175781,61.297298431396484,16.908090591430664,-2.549045910306816e+16,82.59636688232422,2831.97998046875
2022-06-13,86.98999786376953,353.3175354003906,57.59713363647461,15.586240768432617,-2.549045910306816e+16,79.68110656738281,2673.0
2022-06-14,86.98999786376953,352.3758239746094,57.4600944519043,15.774506568908691,-2.549045910306816e+16,81.20858764648438,2689.889892578125
2022-06-15,89.30000305175781,357.3957824707031,57.8712272644043,16.462825775146484,-2.549045910306816e+16,83.01547241210938,2737.550048828125
2022-06-16,82.05000305175781,345.65087890625,53.84803771972656,15.54041576385498,-2.549045910306816e+16,79.13639068603516,2566.860107421875
2022-06-17,81.56999969482422,346.281982421875,54.57240676879883,15.818334579467773,-2.549045910306816e+16,79.5858154296875,2578.5400390625
2022-06-21,83.79000091552734,355.0882263183594,55.6002311706543,16.501667022705078,-2.549045910306816e+16,81.41161346435547,2649.3701171875
2022-06-22,83.75,354.47607421875,55.14993667602539,16.296470642089844,-2.549045910306816e+16,79.50154876708984,2619.7099609375
2022-06-23,82.43000030517578,358.02691650390625,55.0324821472168,16.16199493408203,-2.549045910306816e+16,78.76187133789062,2602.739990234375
2022-06-24,87.08000183105469,369.2066955566406,57.20558166503906,17.05949592590332,-2.549045910306816e+16,80.44721984863281,2718.469970703125
2022-06-27,86.16000366210938,367.86920166015625,57.53841018676758,16.803495407104492,-2.549045910306816e+16,80.39102935791016,2713.47998046875
2022-06-28,80.77999877929688,360.3626708984375,56.63784408569336,15.919939041137695,-2.549045910306816e+16,78.96784210205078,2642.070068359375
2022-06-29,77.98999786376953,360.1083068847656,54.83670425415039,15.481646537780762,4854325046149120.0,78.32180786132812,2583.97998046875
2022-06-30,76.47000122070312,357.1038818359375,54.112335205078125,15.10013484954834,4854325046149120.0,76.54283142089844,2556.25
2022-07-01,73.66999816894531,360.8147888183594,52.516761779785156,14.466602325439453,4854325046149120.0,72.09539031982422,2458.4599609375
2022-07-05,75.19999694824219,361.58697509765625,55.53169631958008,14.905891418457031,4854325046149120.0,71.26207733154297,2477.639892578125
2022-07-06,75.3499984741211,362.87744140625,56.15818405151367,15.071247100830078,4854325046149120.0,70.74710845947266,2494.110107421875
2022-07-07,79.30000305175781,368.2554016113281,57.6069221496582,15.796420097351074,4854325046149120.0,75.51289367675781,2605.889892578125
2022-07-08,79.3499984741211,367.96343994140625,58.004146575927734,15.77649974822998,4854325046149120.0,76.31812286376953,2618.02001953125
2022-07-11,76.94999694824219,363.77215576171875,56.69969177246094,15.093161582946777,4854325046149120.0,74.07099914550781,2553.68994140625
2022-07-12,76.36000061035156,360.50396728515625,58.043392181396484,15.023433685302734,4854325046149120.0,74.06161499023438,2558.169921875
2022-07-13,77.5199966430664,358.6578369140625,57.729515075683594,15.10511589050293,4854325046149120.0,76.11212158203125,2577.360107421875
2022-07-14,78.5999984741211,357.7914733886719,58.210105895996094,15.312307357788086,4854325046149120.0,78.34053039550781,2626.919921875
2022-07-15,81.11000061035156,364.61981201171875,60.348243713378906,15.700793266296387,4854325046149120.0,80.17569732666016,2693.77001953125
2022-07-18,81.43000030517578,361.6717834472656,59.28899002075195,16.038476943969727,4854325046149120.0,78.25627136230469,2679.570068359375
2022-07-19,85.87999725341797,371.3917541503906,61.2015380859375,16.9260196685791,4854325046149120.0,80.66256713867188,2803.139892578125
2022-07-20,89.43000030517578,373.68994140625,62.08424758911133,17.737850189208984,4854325046149120.0,81.04647064208984,2872.9599609375
2022-07-21,91.08999633789062,377.5044250488281,62.41771697998047,17.97990608215332,4854325046149120.0,82.19810485839844,2916.81005859375
2022-07-22,88.0999984741211,374.14190673828125,60.112857818603516,17.251747131347656,4854325046149120.0,80.82173156738281,2842.409912109375
2022-07-25,87.54000091552734,374.5281677246094,58.994754791259766,16.9578914642334,4854325046149120.0,80.8030014038086,2825.030029296875
2022-07-26,85.25,370.0825500488281,58.514156341552734,16.46879768371582,4854325046149120.0,79.04275512695312,2778.9599609375
2022-07-27,89.81999969482422,379.65185546875,60.70132064819336,17.720918655395508,4854325046149120.0,82.04829406738281,2911.0
2022-07-28,91.66999816894531,384.47412109375,60.877864837646484,17.914165496826172,4854325046149120.0,82.96588134765625,2944.5
2022-07-29,94.47000122070312,390.19110107421875,60.67190170288086,18.092472076416016,4854325046149120.0,82.84415435791016,2967.139892578125
2022-08-01,96.77999877929688,388.9384765625,61.33884811401367,18.3693904876709,4854325046149120.0,80.81237030029297,2978.320068359375
2022-08-02,99.29000091552734,386.4613952636719,61.27019119262695,18.454057693481445,4854325046149120.0,80.56893920898438,2974.75
2022-08-03,98.08999633789062,392.4892883300781,63.01600646972656,18.819637298583984,4854325046149120.0,80.9996337890625,3053.4599609375
2022-08-04,103.91000366210938,392.112548828125,63.60447692871094,19.140384674072266,4854325046149120.0,82.7879638671875,3081.409912109375
2022-08-05,102.30999755859375,391.4249572753906,61.26038360595703,18.915258407592773,4854325046149120.0,84.05199432373047,3053.389892578125
2022-08-08,100.06999969482422,391.0859069824219,60.269779205322266,17.72390365600586,4854325046149120.0,82.33855438232422,3004.340087890625
2022-08-09,95.54000091552734,389.4471130371094,58.01395797729492,17.019649505615234,4854325046149120.0,79.78243255615234,2866.89990234375
2022-08-10,99.05000305175781,397.6035461425781,60.22074890136719,18.0267276763916,4854325046149120.0,83.02203369140625,2988.7099609375
2022-08-11,98.12000274658203,397.7447814941406,61.123069763183594,17.872325897216797,4854325046149120.0,83.81790161132812,2978.699951171875
2022-08-12,100.83000183105469,404.2907409667969,63.79081726074219,18.6363468170166,4854325046149120.0,85.07255554199219,3067.840087890625
2022-08-15,101.01000213623047,406.0707702636719,63.45735168457031,18.95809555053711,4854325046149120.0,85.7373275756836,3077.330078125
2022-08-16,100.19999694824219,406.9184265136719,62.63349533081055,18.805688858032227,4854325046149120.0,84.22050476074219,3045.639892578125
2022-08-17,98.2699966430664,403.85748291015625,60.436519622802734,18.263803482055664,4854325046149120.0,83.51829528808594,2970.1201171875
2022-08-18,100.44000244140625,405.0441589355469,61.7703971862793,18.700103759765625,4854325046149120.0,83.58382415771484,3037.840087890625
2022-08-19,95.94999694824219,399.6849670410156,59.34783935546875,17.77968978881836,4854325046149120.0,81.64569091796875,2953.340087890625
2022-08-22,92.83999633789062,391.30255126953125,57.190101623535156,16.96785545349121,4854325046149120.0,79.81053161621094,2843.3701171875
2022-08-23,92.48999786376953,390.43597412109375,56.74872589111328,17.114282608032227,4854325046149120.0,80.55020904541016,2864.31005859375
2022-08-24,92.7300033569336,391.65106201171875,57.190101623535156,17.155126571655273,4854325046149120.0,80.11015319824219,2866.179931640625
2022-08-25,97.18000030517578,397.1702880859375,60.02458953857422,17.84343910217285,4854325046149120.0,81.99211120605469,2971.070068359375
2022-08-26,91.18000030517578,383.59814453125,56.52313995361328,16.196857452392578,4854325046149120.0,79.34236907958984,2798.43994140625
2022-08-29,88.48999786376953,381.2906188964844,55.91505432128906,15.739640235900879,4854325046149120.0,77.57275390625,2744.5
2022-08-30,86.94000244140625,376.9204406738281,55.21870040893555,15.407937049865723,4854325046149120.0,77.51659393310547,2708.6298828125
2022-08-31,84.87000274658203,374.0854797363281,55.44427490234375,15.03538703918457,4854325046149120.0,78.04090881347656,2677.389892578125
2022-09-01,82.33000183105469,375.3663635253906,56.20930099487305,13.882880210876465,4854325046149120.0,76.43982696533203,2625.949951171875
2022-09-02,80.23999786376953,371.3540954589844,55.24811553955078,13.59400749206543,4854325046149120.0,75.74696350097656,2599.260009765625
2022-09-06,78.72000122070312,369.8753662109375,54.169246673583984,13.412713050842285,4854325046149120.0,74.932373046875,2571.469970703125
2022-09-07,79.61000061035156,376.57196044921875,53.94364929199219,13.664804458618164,4854325046149120.0,74.85746765136719,2611.5
2022-09-08,82.77999877929688,378.9454345703125,54.326171875,13.939815521240234,4854325046149120.0,75.1290054321289,2658.179931640625
2022-09-09,85.44999694824219,384.9921569824219,56.33679962158203,14.335392951965332,4854325046149120.0,76.33683013916016,2721.77001953125
2022-09-12,84.63999938964844,389.1457824707031,56.82719802856445,14.45296573638916,4854325046149120.0,76.91735076904297,2731.090087890625
2022-09-13,77.02999877929688,372.16412353515625,52.59016418457031,13.083895683288574,4854325046149120.0,73.79010009765625,2562.27001953125
2022-09-14,77.44999694824219,373.5862731933594,52.089962005615234,13.080907821655273,4854325046149120.0,74.58598327636719,2591.510009765625
2022-09-15,76.66000366210938,369.27264404296875,51.67802810668945,12.882619857788086,4854325046149120.0,73.4259033203125,2549.5400390625
2022-09-16,76.51000213623047,366.4752502441406,51.8349494934082,13.150654792785645,4854325046149120.0,73.34115600585938,2563.139892578125
2022-09-19,76.7699966430664,369.3291320800781,51.0993537902832,13.333995819091797,4854325046149120.0,73.66130828857422,2577.93994140625
2022-09-20,75.25,364.987060546875,49.8243293762207,13.128734588623047,4854325046149120.0,73.58596801757812,2539.5
2022-09-21,74.4800033569336,358.76153564453125,49.13777160644531,13.213430404663086,4854325046149120.0,72.63494873046875,2514.9599609375
2022-09-22,69.5,355.7287902832031,48.70622253417969,12.515942573547363,4854325046149120.0,71.21314239501953,2444.25
2022-09-23,67.95999908447266,349.8233337402344,49.13777160644531,12.471102714538574,4854325046149120.0,69.55595397949219,2408.89990234375
2022-09-26,66.30000305175781,346.3735046386719,47.941200256347656,12.184134483337402,4854325046149120.0,68.74613952636719,2373.469970703125
2022-09-27,67.16999816894531,345.4835205078125,49.608558654785156,12.368471145629883,3412729205358592.0,68.76498413085938,2398.0400390625
2022-09-28,68.36000061035156,352.19580078125,50.02048873901367,12.690314292907715,3412729205358592.0,67.91753387451172,2427.260009765625
2022-09-29,64.13999938964844,344.95343017578125,49.04949188232422,12.176166534423828,-432448244547584.0,65.23400115966797,2347.360107421875
2022-09-30,63.36000061035156,339.5382080078125,49.13777160644531,12.095454216003418,-432448244547584.0,64.55603790283203,2306.699951171875
2022-10-03,66.11000061035156,348.5226135253906,50.72665786743164,12.467119216918945,-432448244547584.0,65.20573425292969,2393.320068359375
2022-10-04,67.9000015258789,359.1919860839844,52.92362976074219,13.119767189025879,-432448244547584.0,68.5578384399414,2500.110107421875
2022-10-05,67.94000244140625,358.349365234375,53.6788444519043,13.16161823272705,-432448244547584.0,70.13031005859375,2523.610107421875
2022-10-06,67.8499984741211,354.80877685546875,53.570953369140625,13.082900047302246,-432448244547584.0,70.00789642333984,2508.840087890625
2022-10-07,58.439998626708984,344.91552734375,52.003299713134766,12.032679557800293,-432448244547584.0,65.6765365600586,2356.75
2022-10-10,57.810001373291016,342.3499755859375,50.4995231628418,11.628137588500977,-432448244547584.0,63.50144577026367,2275.340087890625
2022-10-11,57.630001068115234,340.0021667480469,52.789581298828125,11.544441223144531,-432448244547584.0,59.74447250366211,2218.489990234375
2022-10-12,57.849998474121094,338.9039306640625,51.846031188964844,11.458747863769531,-432448244547584.0,60.36592483520508,2198.60009765625
2022-10-13,58.939998626708984,347.9261474609375,53.919883728027344,11.917097091674805,-432448244547584.0,62.729347229003906,2263.239990234375
2022-10-14,55.939998626708984,339.954833984375,51.816551208496094,11.186727523803711,-432448244547584.0,60.187015533447266,2162.320068359375
2022-10-17,57.959999084472656,348.7024230957031,52.58318328857422,11.845355987548828,-432448244547584.0,61.100364685058594,2211.659912109375
2022-10-18,57.91999816894531,352.6975402832031,51.64945983886719,11.924071311950684,-432448244547584.0,59.98927688598633,2220.9599609375
2022-10-19,57.22999954223633,350.3780517578125,52.121238708496094,12.007770538330078,-432448244547584.0,59.942203521728516,2237.739990234375
2022-10-20,57.77000045776367,347.3959045410156,52.779762268066406,12.150256156921387,-432448244547584.0,59.86688232421875,2253.219970703125
2022-10-21,58.81999969482422,355.7837829589844,55.0894889831543,12.421280860900879,-432448244547584.0,60.02694320678711,2336.68994140625
2022-10-24,58.70000076293945,360.1575927734375,55.2762336730957,12.553805351257324,-432448244547584.0,57.71060562133789,2351.550048828125
2022-10-25,61.470001220703125,365.9420471191406,54.91257095336914,13.213430404663086,-432448244547584.0,57.56937026977539,2404.68994140625
2022-10-26,59.72999954223633,363.1776123046875,54.4997673034668,12.849738121032715,-432448244547584.0,57.286895751953125,2376.330078125
2022-10-27,58.599998474121094,361.2463073730469,51.31528854370117,13.128734588623047,-432448244547584.0,57.39046859741211,2340.60009765625
2022-10-28,62.0099983215332,369.7193603515625,53.11392593383789,13.78437328338623,-432448244547584.0,58.3885612487793,2433.659912109375
2022-10-31,60.060001373291016,367.12542724609375,53.17289733886719,13.448585510253906,-432448244547584.0,57.9554328918457,2384.449951171875
2022-11-01,59.65999984741211,365.6675109863281,53.919883728027344,13.494418144226074,-432448244547584.0,57.98368453979492,2402.75
2022-11-02,58.630001068115234,356.2950744628906,52.53403854370117,13.17158031463623,-432448244547584.0,56.9855842590332,2328.469970703125
2022-11-03,60.11000061035156,352.71649169921875,52.563533782958984,13.372856140136719,-432448244547584.0,56.75959777832031,2292.85009765625
2022-11-04,62.189998626708984,357.7056884765625,55.19759750366211,14.105220794677734,-432448244547584.0,58.83111572265625,2398.239990234375
2022-11-07,63.08000183105469,361.198974609375,55.59074783325195,14.249698638916016,-432448244547584.0,59.094764709472656,2450.6201171875
2022-11-08,63.849998474121094,363.15869140625,56.50481033325195,14.549620628356934,-432448244547584.0,61.222782135009766,2503.389892578125
2022-11-09,59.91999816894531,355.74591064453125,55.0108528137207,13.726582527160645,-432448244547584.0,61.203948974609375,2424.820068359375
2022-11-10,68.47000122070312,375.229248046875,59.23716735839844,15.693502426147461,-432448244547584.0,66.702880859375,2672.5
2022-11-11,72.37000274658203,378.84576416015625,61.448612213134766,16.268430709838867,-432448244547584.0,69.51827239990234,2754.89990234375
2022-11-14,73.52999877929688,375.6647644042969,60.72129821777344,16.23654556274414,-432448244547584.0,68.54841613769531,2728.050048828125
2022-11-15,76.37000274658203,378.855224609375,62.0186653137207,16.60621452331543,-432448244547584.0,75.76106262207031,2810.610107421875
2022-11-16,72.69999694824219,376.0718078613281,57.86116027832031,15.852926254272461,-432448244547584.0,74.81004333496094,2690.820068359375
2022-11-17,73.9000015258789,374.80322265625,57.733394622802734,15.620762825012207,-432448244547584.0,76.72149658203125,2719.10009765625
2022-11-18,73.56999969482422,376.58306884765625,57.576133728027344,15.35372543334961,-432448244547584.0,77.4653549194336,2724.030029296875
2022-11-21,72.45999908447266,375.14410400390625,56.18046569824219,15.262056350708008,-432448244547584.0,75.26202392578125,2675.830078125
2022-11-22,75.25,380.31317138671875,57.61543655395508,15.980472564697266,-432448244547584.0,77.71959686279297,2756.820068359375
2022-11-23,76.4000015258789,382.58526611328125,57.92013168334961,16.45974349975586,-432448244547584.0,77.18289184570312,2786.419921875
2022-11-25,75.13999938964844,382.55682373046875,57.40903854370117,16.211639404296875,-432448244547584.0,76.64617919921875,2751.27001953125
2022-11-28,73.19000244140625,376.4979553222656,54.794620513916016,15.770225524902344,-432448244547584.0,74.59346771240234,2678.780029296875
2022-11-29,73.38999938964844,375.8541259765625,54.1754150390625,15.582900047302246,-432448244547584.0,74.69706726074219,2670.64990234375
2022-11-30,77.62999725341797,387.5081787109375,56.66205978393555,16.866609573364258,-432448244547584.0,78.13388061523438,2826.85009765625
2022-12-01,77.4800033569336,387.34716796875,54.53907775878906,17.077903747558594,-432448244547584.0,77.85140991210938,2804.699951171875
2022-12-02,74.9800033569336,386.9306335449219,53.74296569824219,16.819765090942383,-432448244547584.0,76.74031829833984,2771.239990234375
2022-12-05,73.62000274658203,379.9627685546875,53.11392593383789,16.55465316772461,-432448244547584.0,76.85333251953125,2738.050048828125
2022-12-06,70.2699966430664,374.5287170410156,52.760101318359375,15.933728218078613,-432448244547584.0,74.91362762451172,2673.530029296875
2022-12-07,70.13999938964844,373.8092346191406,52.897701263427734,16.0662841796875,-432448244547584.0,74.6123046875,2673.25
2022-12-08,70.47000122070312,376.7439880371094,54.254051208496094,17.11178970336914,-432448244547584.0,76.08122253417969,2744.72998046875
2022-12-09,68.58999633789062,373.9607238769531,53.92970657348633,16.944345474243164,-432448244547584.0,75.97763061523438,2721.02001953125
2022-12-12,70.66999816894531,379.2054748535156,54.40148162841797,17.4765682220459,-432448244547584.0,75.73281860351562,2779.2099609375
2022-12-13,71.6500015258789,382.2328186035156,54.293373107910156,18.01177978515625,-432448244547584.0,75.80815124511719,2821.530029296875
2022-12-14,68.93000030517578,379.9413146972656,53.65449905395508,17.615108489990234,-432448244547584.0,75.34675598144531,2777.27001953125
2022-12-15,66.52999877929688,370.5284118652344,51.1482048034668,16.8955078125,-432448244547584.0,73.4917221069336,2661.409912109375
2022-12-16,65.41000366210938,366.00262451171875,51.17768859863281,16.515783309936523,-432448244547584.0,72.25123596191406,2636.10009765625
2022-12-19,64.58999633789062,362.9600524902344,50.833683013916016,16.199832916259766,-432448244547584.0,72.06182861328125,2599.860107421875
2022-12-20,65.05000305175781,363.37835693359375,49.81150436401367,16.031400680541992,-432448244547584.0,71.6073226928711,2583.639892578125
2022-12-21,67.68000030517578,368.7980041503906,50.31276321411133,16.44601058959961,-432448244547584.0,73.0466537475586,2644.5
2022-12-22,63.86000061035156,363.7777404785156,48.58292770385742,15.287888526916504,-432448244547584.0,71.28535461425781,2533.330078125
2022-12-23,64.5199966430664,365.6698303222656,49.33974075317383,15.155328750610352,-432448244547584.0,70.91606140136719,2535.489990234375
2022-12-27,63.27000045776367,364.26263427734375,49.162818908691406,14.073945999145508,-432448244547584.0,70.37628173828125,2490.169921875
2022-12-28,62.56999969482422,359.8414306640625,48.27824020385742,13.98923110961914,54798225244160.0,69.18315887451172,2453.489990234375
2022-12-29,64.81999969482422,366.0691223144531,49.782020568847656,14.554338455200195,54798225244160.0,71.96715545654297,2534.949951171875
2022-12-30,64.7699966430664,365.3085021972656,49.235286712646484,14.565302848815918,54798225244160.0,70.53726959228516,2532.110107421875
2023-01-03,64.0199966430664,363.7111511230469,49.619483947753906,14.267297744750977,54798225244160.0,70.1016845703125,2500.989990234375
2023-01-04,64.66000366210938,366.5445861816406,53.39241027832031,14.699851989746094,54798225244160.0,72.27017974853516,2569.4599609375
2023-01-05,62.33000183105469,362.3800048828125,53.89481735229492,14.217464447021484,54798225244160.0,71.71147155761719,2518.52001953125
2023-01-06,63.959999084472656,370.6520080566406,55.92412567138672,14.809487342834473,54798225244160.0,73.92730712890625,2636.10009765625
2023-01-09,67.23999786376953,370.39532470703125,55.52021789550781,15.575923919677734,54798225244160.0,76.0484390258789,2686.75
2023-01-10,68.05000305175781,373.0575256347656,56.35757064819336,15.855986595153809,54798225244160.0,76.95751190185547,2721.2900390625
2023-01-11,69.05999755859375,377.7070007324219,57.19489669799805,15.947680473327637,54798225244160.0,77.44046020507812,2755.360107421875
2023-01-12,70.80000305175781,379.1806945800781,56.41666793823242,16.45598030090332,54798225244160.0,82.3834457397461,2789.64990234375
2023-01-13,71.0,380.67352294921875,56.08173751831055,16.842693328857422,54798225244160.0,82.19405364990234,2800.659912109375
2023-01-17,71.58999633789062,379.96990966796875,56.00292205810547,17.643014907836914,54798225244160.0,84.2678451538086,2807.47998046875
2023-01-18,70.52999877929688,373.9798278808594,55.667991638183594,17.319095611572266,54798225244160.0,84.72237396240234,2789.469970703125
2023-01-19,67.70999908447266,371.3176574707031,55.52021789550781,16.70913314819336,54798225244160.0,83.70914459228516,2710.43994140625
2023-01-20,70.06999969482422,378.1349182128906,57.58893585205078,17.779556274414062,54798225244160.0,86.19960021972656,2794.68994140625
2023-01-23,76.52999877929688,382.6227111816406,60.89888000488281,19.129043579101562,54798225244160.0,90.58390808105469,2934.830078125
2023-01-24,74.69999694824219,382.36590576171875,60.34721755981445,19.2007999420166,54798225244160.0,89.54228210449219,2913.739990234375
2023-01-25,74.91000366210938,382.4324951171875,60.62303924560547,19.258609771728516,54798225244160.0,87.50638580322266,2918.989990234375
2023-01-26,75.16000366210938,386.635009765625,61.86426544189453,19.736013412475586,54798225244160.0,88.49118041992188,2966.60009765625
2023-01-27,75.4000015258789,387.59539794921875,62.91831970214844,20.297136306762695,54798225244160.0,88.34912872314453,2945.27001953125
2023-01-30,72.44999694824219,382.6701965332031,60.790504455566406,19.098146438598633,54798225244160.0,88.18817138671875,2866.68994140625
2023-01-31,75.1500015258789,388.222900390625,59.401519775390625,19.471895217895508,54798225244160.0,87.80940246582031,2921.919921875
2023-02-01,84.63999938964844,392.368408203125,61.66725540161133,20.873214721679688,54798225244160.0,89.71273040771484,3073.469970703125
2023-02-02,88.30999755859375,398.0637512207031,62.228759765625,21.63665771484375,54798225244160.0,91.5213851928711,3141.840087890625
2023-02-03,86.08999633789062,393.9657287597656,61.48008346557617,21.029685974121094,54798225244160.0,89.63697052001953,3082.110107421875
2023-02-06,83.68000030517578,391.5411071777344,59.08628845214844,21.018726348876953,54798225244160.0,86.95713806152344,3029.739990234375
2023-02-07,85.91000366210938,396.5994873046875,61.20425796508789,22.099117279052734,54798225244160.0,89.53282165527344,3124.14990234375
2023-02-08,84.69000244140625,392.27337646484375,59.35226821899414,22.131004333496094,54798225244160.0,89.27714538574219,3055.6298828125
2023-02-09,83.20999908447266,388.9455871582031,59.28330612182617,22.2625675201416,54798225244160.0,91.55926513671875,3059.6201171875
2023-02-10,81.4800033569336,389.791748046875,58.92866897583008,21.194135665893555,54798225244160.0,90.30928039550781,3011.14990234375
2023-02-13,83.12999725341797,394.3746032714844,59.22420883178711,21.715394973754883,54798225244160.0,91.0100326538086,3057.320068359375
2023-02-14,85.94999694824219,394.1653747558594,61.1451530456543,22.894453048706055,54798225244160.0,92.76188659667969,3121.6298828125
2023-02-15,85.18000030517578,395.42047119140625,60.91857147216797,22.688140869140625,54798225244160.0,87.83779907226562,3133.070068359375
2023-02-16,80.08000183105469,390.09600830078125,59.155242919921875,21.928688049316406,54798225244160.0,86.00074005126953,3055.239990234375
2023-02-17,78.5,389.0120849609375,58.13072967529297,21.316728591918945,54798225244160.0,85.31893920898438,3005.8701171875
2023-02-21,76.7699966430664,381.3010559082031,56.74174499511719,20.586172103881836,54798225244160.0,82.9894790649414,2906.260009765625
2023-02-22,76.61000061035156,380.6545104980469,56.1309928894043,20.684839248657227,54798225244160.0,82.22246551513672,2892.389892578125
2023-02-23,79.75,382.66070556640625,57.87462615966797,23.58514404296875,54798225244160.0,85.30001831054688,2988.81005859375
2023-02-24,78.08999633789062,378.5246887207031,57.313106536865234,23.208406448364258,54798225244160.0,83.43455505371094,2935.110107421875
2023-02-27,78.7699966430664,379.8464050292969,57.03728103637695,23.422685623168945,54798225244160.0,82.66753387451172,2951.2099609375
2023-02-28,78.58000183105469,378.3916015625,56.95846939086914,23.138635635375977,54798225244160.0,82.44972229003906,2958.389892578125
2023-03-01,78.29000091552734,377.0414123535156,56.485633850097656,22.622364044189453,54798225244160.0,83.72811126708984,2955.830078125
2023-03-02,80.44000244140625,380.0079650878906,55.58919143676758,23.236312866210938,54798225244160.0,84.30571746826172,2984.110107421875
2023-03-03,81.5199966430664,386.10260009765625,55.9339714050293,23.810392379760742,54798225244160.0,85.02539825439453,3028.340087890625
2023-03-06,81.16000366210938,386.5400390625,55.98323059082031,23.47551155090332,54798225244160.0,84.82654571533203,2994.590087890625
2023-03-07,82.11000061035156,380.4453125,54.73215103149414,23.21434211730957,54798225244160.0,84.13528442382812,2962.419921875
2023-03-08,85.37000274658203,381.1108093261719,56.04232406616211,24.10451316833496,54798225244160.0,86.01020812988281,3041.389892578125
2023-03-09,84.02999877929688,374.0559387207031,54.77155685424805,23.36187171936035,54798225244160.0,84.1636962890625,2980.2099609375
2023-03-10,82.66999816894531,368.7980041503906,54.111534118652344,22.892356872558594,54798225244160.0,82.62019348144531,2923.929931640625
2023-03-13,82.01000213623047,368.0278015136719,53.096885681152344,22.893354415893555,54798225244160.0,83.08416748046875,2921.7099609375
2023-03-14,87.44999694824219,374.2175598144531,53.46137237548828,23.986888885498047,54798225244160.0,84.55194854736328,3010.14990234375
2023-03-15,89.68000030517578,371.91656494140625,53.323455810546875,24.151369094848633,54798225244160.0,82.09937286376953,2977.389892578125
2023-03-16,96.5999984741211,378.3155517578125,55.72709274291992,25.460214614868164,54798225244160.0,85.00160217285156,3098.070068359375
2023-03-17,97.83999633789062,373.8277587890625,55.81576156616211,25.643632888793945,54798225244160.0,85.16340637207031,3083.52001953125
2023-03-20,96.80999755859375,377.535888671875,56.781158447265625,25.81807518005371,54798225244160.0,85.70597076416016,3114.7099609375
2023-03-21,95.93000030517578,382.4420166015625,57.756404876708984,26.116134643554688,54798225244160.0,88.0475845336914,3116.889892578125
2023-03-22,97.58000183105469,376.0335693359375,57.30326461791992,26.384279251098633,54798225244160.0,88.16181182861328,3091.7099609375
2023-03-23,100.27999877929688,376.9864196777344,60.426021575927734,27.104995727539062,54798225244160.0,90.03695678710938,3174.360107421875
2023-03-24,97.94999694824219,379.4784851074219,60.24870681762695,26.694297790527344,54798225244160.0,88.3236083984375,3121.260009765625
2023-03-27,96.61000061035156,380.13726806640625,58.89912033081055,26.447084426879883,54798225244160.0,86.296142578125,3083.580078125
2023-03-28,94.55999755859375,379.4306945800781,58.39672088623047,26.326467514038086,54798225244160.0,86.43891143798828,3057.27001953125
2023-03-29,96.08999633789062,384.92071533203125,62.59325408935547,26.89864730834961,54798225244160.0,88.29505920410156,3157.110107421875
2023-03-30,97.87999725341797,387.05938720703125,62.14994430541992,27.296388626098633,-6943825985536.0,88.01902770996094,3208.260009765625
2023-03-31,98.01000213623047,392.4921569824219,59.440921783447266,27.689144134521484,-6943825985536.0,88.54253387451172,3230.860107421875
2023-04-03,96.55999755859375,393.8861389160156,58.721797943115234,27.876550674438477,-6943825985536.0,88.37120056152344,3200.429931640625
2023-04-04,95.87000274658203,391.8714904785156,56.41666793823242,27.366165161132812,-6943825985536.0,87.73346710205078,3142.5
2023-04-05,92.55999755859375,390.94537353515625,56.17039489746094,26.79597282409668,-6943825985536.0,85.85826873779297,3085.97998046875
2023-04-06,92.47000122070312,392.42529296875,57.80403137207031,26.951480865478516,-6943825985536.0,85.8963623046875,3071.77001953125
2023-04-10,95.4800033569336,392.87408447265625,62.45322799682617,27.49176597595215,-6943825985536.0,84.73506927490234,3126.969970703125
2023-04-11,94.02999877929688,392.864501953125,62.74934768676758,27.083065032958984,-6943825985536.0,84.94448852539062,3109.419921875
2023-04-12,92.33000183105469,391.3941345214844,61.16012954711914,26.411197662353516,-6943825985536.0,82.68858337402344,3052.52001953125
2023-04-13,92.08999633789062,396.4926452636719,62.18671798706055,26.37929344177246,-6943825985536.0,82.85990905761719,3074.93994140625
2023-04-14,91.75,395.5188293457031,61.821495056152344,26.673364639282227,-6943825985536.0,83.00267791748047,3070.449951171875
2023-04-17,89.87000274658203,396.9796142578125,61.73263931274414,26.916595458984375,-6943825985536.0,83.75464630126953,3066.679931640625
2023-04-18,89.77999877929688,397.208740234375,61.130523681640625,27.579490661621094,-6943825985536.0,83.89745330810547,3077.719970703125
2023-04-19,89.94000244140625,397.18011474609375,59.86704635620117,27.842653274536133,-6943825985536.0,83.03123474121094,3046.3798828125
2023-04-20,90.11000061035156,394.9554748535156,60.66659164428711,27.018268585205078,-6943825985536.0,84.99208068847656,3046.280029296875
2023-04-21,88.43000030517578,395.17510986328125,60.340843200683594,27.033222198486328,-6943825985536.0,81.26077270507812,3021.43994140625
2023-04-24,87.56999969482422,395.6715393066406,58.741764068603516,26.956462860107422,-6943825985536.0,80.56591796875,3007.510009765625
2023-04-25,83.80000305175781,389.3890380859375,57.38944625854492,26.158002853393555,-6943825985536.0,78.32903289794922,2906.2900390625
2023-04-26,85.94000244140625,387.8041687011719,60.232276916503906,26.870737075805664,-6943825985536.0,78.29094696044922,2922.989990234375
2023-04-27,87.44000244140625,395.4996643066406,61.10091781616211,27.13988494873047,-6943825985536.0,79.6426010131836,2941.590087890625
2023-04-28,89.37000274658203,398.7745666503906,63.5291633605957,27.661230087280273,-6943825985536.0,80.24227142333984,2994.969970703125
2023-05-01,89.69000244140625,398.48809814453125,61.54509735107422,28.818559646606445,-6943825985536.0,79.93768310546875,3019.090087890625
2023-05-02,89.91000366210938,394.0293273925781,61.10091781616211,28.12077522277832,-6943825985536.0,78.96678161621094,2996.860107421875
2023-05-03,81.62000274658203,391.1936340332031,60.123695373535156,27.714065551757812,-6943825985536.0,78.71929931640625,2957.3701171875
2023-05-04,86.61000061035156,388.4628601074219,59.728858947753906,27.474822998046875,-6943825985536.0,79.47126007080078,2941.6298828125
2023-05-05,89.83999633789062,395.56646728515625,60.43955612182617,28.589284896850586,-6943825985536.0,80.88002014160156,3007.68994140625
2023-05-08,95.04000091552734,395.776611328125,60.08420944213867,29.058794021606445,-6943825985536.0,81.4225845336914,3024.409912109375
2023-05-09,95.05999755859375,394.1629943847656,60.14342498779297,28.480628967285156,-6943825985536.0,80.96569061279297,2967.840087890625
2023-05-10,97.0199966430664,395.82427978515625,59.21556854248047,28.793642044067383,-6943825985536.0,80.81340026855469,2997.510009765625
2023-05-11,97.0999984741211,395.2323913574219,60.81466293334961,28.487606048583984,-6943825985536.0,79.41415405273438,2978.719970703125
2023-05-12,95.26000213623047,394.7167663574219,60.133567810058594,28.25035858154297,-6943825985536.0,79.41415405273438,2972.85009765625
2023-05-15,97.4000015258789,396.0247802734375,63.8055305480957,28.86142349243164,-6943825985536.0,81.53680419921875,3052.639892578125
2023-05-16,101.4800033569336,393.38006591796875,62.907291412353516,29.120601654052734,-6943825985536.0,81.74620819091797,3048.7099609375
2023-05-17,103.75,398.15399169921875,64.08192443847656,30.08254623413086,-6943825985536.0,86.50555419921875,3124.679931640625
2023-05-18,107.93000030517578,402.01129150390625,66.69770050048828,31.57779884338379,-6943825985536.0,88.19035339355469,3223.489990234375
2023-05-19,105.81999969482422,401.4289245605469,67.28997039794922,31.16510772705078,-6943825985536.0,88.12373352050781,3203.489990234375
2023-05-22,108.0,401.5434265136719,65.3750228881836,31.077388763427734,-6943825985536.0,87.30513000488281,3215.0400390625
2023-05-23,108.12000274658203,397.1514587402344,65.15785217285156,30.590930938720703,-6943825985536.0,86.08672332763672,3177.43994140625
2023-05-24,108.2699966430664,394.1725158691406,65.67115020751953,30.441410064697266,-6943825985536.0,85.79165649414062,3124.090087890625
2023-05-25,120.3499984741211,397.64794921875,68.71138763427734,37.85986328125,-6943825985536.0,96.09082794189453,3336.719970703125
2023-05-26,127.02999877929688,402.8706359863281,72.97562408447266,38.82281494140625,-6943825985536.0,98.2420425415039,3545.669921875
2023-05-30,125.2699966430664,402.9470520019531,70.7645263671875,39.984130859375,-6943825985536.0,97.0712661743164,3549.389892578125
2023-05-31,118.20999908447266,400.4645080566406,67.319580078125,37.71432876586914,-6943825985536.0,93.84442901611328,3453.179931640625
2023-06-01,119.47000122070312,404.58917236328125,68.19808959960938,39.64420700073242,-6943825985536.0,94.08240509033203,3506.739990234375
2023-06-02,117.86000061035156,410.35614013671875,68.27705383300781,39.202606201171875,-6943825985536.0,94.17758178710938,3501.39990234375
2023-06-05,117.93000030517578,409.6495666503906,66.8951187133789,39.04710388183594,-6943825985536.0,93.33042907714844,3444.1201171875
2023-06-06,124.2300033569336,410.5184326171875,66.6680908203125,38.53173828125,-6943825985536.0,95.01524353027344,3488.340087890625
2023-06-07,117.83000183105469,409.1670227050781,66.19429779052734,37.360328674316406,-6943825985536.0,95.46261596679688,3477.179931640625
2023-06-08,121.05000305175781,411.5327453613281,64.47676086425781,38.39216232299805,-6943825985536.0,95.12944793701172,3514.320068359375
2023-06-09,124.91999816894531,412.35638427734375,64.5853500366211,38.6513671875,-6943825985536.0,97.85177612304688,3524.969970703125
2023-06-12,129.19000244140625,416.10125732421875,66.57926940917969,39.36119079589844,-6943825985536.0,101.90673065185547,3641.659912109375
2023-06-13,124.52999877929688,418.8213806152344,66.99383544921875,40.89646911621094,-6943825985536.0,101.65925598144531,3683.659912109375
2023-06-14,127.33000183105469,419.30975341796875,68.22772216796875,42.86544418334961,-6943825985536.0,102.23987579345703,3739.75
2023-06-15,124.23999786376953,424.4912414550781,67.93158721923828,42.522491455078125,-6943825985536.0,100.53656005859375,3708.06005859375
2023-06-16,120.08000183105469,422.9779968261719,66.78655242919922,42.561370849609375,-6943825985536.0,99.9534912109375,3673.139892578125
2023-06-20,118.93000030517578,420.9762878417969,66.03636169433594,43.67395782470703,-6943825985536.0,99.38954162597656,3647.56005859375
2023-06-21,112.11000061035156,418.7543029785156,64.95056915283203,42.91329574584961,-6943825985536.0,97.1528549194336,3549.72998046875
2023-06-22,110.69999694824219,420.26751708984375,65.39476776123047,42.89335250854492,-6943825985536.0,98.57707214355469,3569.8701171875
2023-06-23,110.01000213623047,417.0685729980469,64.43728637695312,42.0798454284668,-6943825985536.0,97.41090393066406,3506.7099609375
2023-06-26,107.51000213623047,415.3063049316406,64.60509490966797,40.50767517089844,-6943825985536.0,95.69039916992188,3515.77001953125
2023-06-27,110.38999938964844,419.9035949707031,65.92779541015625,41.74787139892578,-6943825985536.0,97.57342529296875,3642.409912109375
2023-06-28,110.16999816894531,420.0376892089844,66.20417022705078,40.99119186401367,-6943825985536.0,96.4646224975586,3609.47998046875
2023-06-29,111.23999786376953,421.7137451171875,63.49953842163086,40.697086334228516,879895642112.0,96.19698333740234,3614.179931640625
2023-06-30,113.91000366210938,426.88568115234375,62.295291900634766,42.17256546020508,879895642112.0,96.4646224975586,3673.06005859375
2023-07-03,115.81999969482422,427.4986877441406,63.07509994506836,42.28322219848633,879895642112.0,98.59619140625,3703.6201171875
2023-07-05,113.94999694824219,426.7611999511719,61.258846282958984,42.18751525878906,879895642112.0,96.53153228759766,3622.320068359375
2023-07-06,113.4800033569336,423.26531982421875,60.43955612182617,41.97417449951172,879895642112.0,95.02129364013672,3577.489990234375
2023-07-07,113.16999816894531,422.18304443359375,59.97970199584961,42.372947692871094,879895642112.0,95.80509948730469,3577.72998046875
2023-07-10,113.58000183105469,423.30364990234375,61.78948211669922,42.05093002319336,879895642112.0,95.36539459228516,3651.60009765625
2023-07-11,111.31999969482422,426.1482238769531,62.8970947265625,42.275245666503906,879895642112.0,96.78961944580078,3653.530029296875
2023-07-12,114.58000183105469,429.34716796875,63.084999084472656,43.76766586303711,879895642112.0,99.31307983398438,3721.469970703125
2023-07-13,115.91999816894531,433.00579833984375,63.81680679321289,45.83631896972656,879895642112.0,100.90933227539062,3797.1298828125
2023-07-14,115.94000244140625,432.5747375488281,63.37179183959961,45.32987594604492,879895642112.0,100.49832153320312,3750.409912109375
2023-07-17,118.31999969482422,434.183837890625,64.43986511230469,46.3188362121582,879895642112.0,100.16378784179688,3837.31005859375
2023-07-18,117.93000030517578,437.3348693847656,64.2222900390625,47.348670959472656,879895642112.0,98.59619140625,3842.360107421875
2023-07-19,116.43000030517578,438.1393737792969,64.24205780029297,46.932952880859375,879895642112.0,98.51014709472656,3801.659912109375
2023-07-20,110.25,435.4097900390625,63.97505569458008,45.380714416503906,879895642112.0,93.53972625732422,3663.85009765625
2023-07-21,110.94999694824219,435.40020751953125,64.92443084716797,44.17341613769531,879895642112.0,92.95665740966797,3698.85009765625
2023-07-24,110.61000061035156,437.3253173828125,64.75631713867188,44.475494384765625,879895642112.0,93.91249084472656,3692.320068359375
2023-07-25,113.0,438.50335693359375,64.95410919189453,45.53923416137695,879895642112.0,95.89112091064453,3755.27001953125
2023-07-26,110.08999633789062,438.54168701171875,66.63532257080078,45.312923431396484,879895642112.0,95.02129364013672,3699.3701171875
2023-07-27,111.0999984741211,435.7066345214844,70.28453063964844,45.75955581665039,879895642112.0,94.96394348144531,3768.27001953125
2023-07-28,112.95999908447266,439.82501220703125,70.41309356689453,46.60695266723633,879895642112.0,96.40727233886719,3851.760009765625
2023-07-31,114.4000015258789,440.74456787109375,70.60099792480469,46.58601379394531,879895642112.0,94.77278137207031,3861.6298828125
2023-08-01,117.5999984741211,439.5185852050781,69.97796630859375,46.36469268798828,879895642112.0,94.05589294433594,3858.2099609375
2023-08-02,109.3499984741211,433.3793029785156,67.41658782958984,44.133544921875,879895642112.0,91.47509002685547,3711.60009765625
2023-08-03,113.1500015258789,432.1342468261719,68.41544342041016,44.3787956237793,879895642112.0,90.786865234375,3708.080078125
2023-08-04,115.81999969482422,430.1229553222656,69.13735961914062,44.543277740478516,879895642112.0,91.914794921875,3699.199951171875
2023-08-07,116.80999755859375,433.9252624511719,68.61321258544922,45.278038024902344,879895642112.0,92.09638977050781,3739.409912109375
2023-08-08,113.2300033569336,432.1054992675781,66.90234375,44.5273323059082,879895642112.0,90.3185043334961,3679.419921875
2023-08-09,110.47000122070312,429.184326171875,65.96282958984375,42.423789978027344,879895642112.0,89.83101654052734,3610.47998046875
2023-08-10,110.2300033569336,429.37591552734375,64.71675872802734,42.25830078125,879895642112.0,90.61481475830078,3597.02001953125
2023-08-11,107.56999969482422,429.1172790527344,63.65857696533203,40.72998809814453,879895642112.0,87.92884826660156,3514.550048828125
2023-08-14,111.9800033569336,431.4158935546875,67.52537536621094,43.61911392211914,879895642112.0,88.961181640625,3615.449951171875
2023-08-15,111.3499984741211,426.53131103515625,64.60797882080078,43.805545806884766,879895642112.0,87.63255310058594,3553.9599609375
2023-08-16,107.19000244140625,423.3419189453125,63.5102424621582,43.35293960571289,879895642112.0,87.72814178466797,3480.080078125
2023-08-17,104.44000244140625,420.0855407714844,62.8575439453125,43.211368560791016,879895642112.0,87.59431457519531,3446.35009765625
2023-08-18,105.44999694824219,420.16217041015625,62.88720703125,43.16651153564453,879895642112.0,87.0781478881836,3462.739990234375
2023-08-21,108.22000122070312,422.9971008300781,63.253116607666016,46.82329559326172,879895642112.0,88.47370910644531,3560.739990234375
2023-08-22,105.66000366210938,421.7904052734375,62.70919418334961,45.52825927734375,879895642112.0,88.16783905029297,3527.68994140625
2023-08-23,109.43000030517578,426.4450988769531,64.46951293945312,46.97183609008789,879895642112.0,90.06041717529297,3602.010009765625
2023-08-24,101.80000305175781,420.7176818847656,62.98609161376953,47.0186882019043,879895642112.0,88.44503784179688,3481.300048828125
2023-08-25,102.25,423.72509765625,63.015769958496094,45.877193450927734,879895642112.0,88.98986053466797,3495.64990234375
2023-08-28,102.61000061035156,426.2822570800781,64.58818817138672,46.69169235229492,879895642112.0,89.85012817382812,3537.8701171875
2023-08-29,105.91999816894531,432.4407653808594,65.94305419921875,48.63473129272461,879895642112.0,90.88245391845703,3629.570068359375
2023-08-30,106.58999633789062,434.33709716796875,67.33747863769531,49.11325454711914,879895642112.0,90.59569549560547,3643.919921875
2023-08-31,105.72000122070312,433.5708312988281,69.16703796386719,49.20398712158203,879895642112.0,89.4391098022461,3670.929931640625
2023-09-01,109.44999694824219,434.49029541015625,69.61206817626953,48.36057662963867,879895642112.0,89.07589721679688,3682.840087890625
2023-09-05,110.77999877929688,432.6226806640625,69.51315307617188,48.399452209472656,879895642112.0,90.42363739013672,3683.7900390625
2023-09-06,109.27999877929688,429.61529541015625,69.6318359375,46.920867919921875,879895642112.0,88.18696594238281,3654.4599609375
2023-09-07,106.58999633789062,428.4277038574219,69.09779357910156,46.103309631347656,879895642112.0,86.07450103759766,3582.110107421875
2023-09-08,106.08999633789062,428.9544982910156,69.40437316894531,45.43629455566406,879895642112.0,85.68260192871094,3565.989990234375
2023-09-11,105.31999969482422,431.85650634765625,69.25603485107422,45.04347610473633,879895642112.0,85.64437103271484,3569.22998046875
2023-09-12,105.30999755859375,429.5195007324219,69.53294372558594,44.736392974853516,879895642112.0,86.48553466796875,3541.090087890625
2023-09-13,107.70999908447266,429.92181396484375,70.06697082519531,45.34955978393555,879895642112.0,87.19285583496094,3560.4599609375
2023-09-14,106.62999725341797,433.7624206542969,70.99658203125,45.44527816772461,879895642112.0,87.8855972290039,3584.22998046875
2023-09-15,101.48999786376953,428.1690673828125,69.10769653320312,43.76927947998047,879895642112.0,85.75259399414062,3476.389892578125
2023-09-18,102.37000274658203,428.90655517578125,69.7208251953125,43.835079193115234,879895642112.0,85.34906768798828,3492.469970703125
2023-09-19,101.61000061035156,427.9488220214844,69.92850494384766,43.390411376953125,879895642112.0,84.71492767333984,3459.02001953125
2023-09-20,100.33999633789062,423.8974609375,68.90990447998047,42.113224029541016,879895642112.0,83.86941528320312,3398.81005859375
2023-09-21,96.11000061035156,416.9536437988281,67.14957427978516,40.89485549926758,879895642112.0,82.01502227783203,3338.85009765625
2023-09-22,96.19999694824219,415.9576416015625,68.11874389648438,41.48610305786133,879895642112.0,82.28404998779297,3365.2900390625
2023-09-25,97.37999725341797,417.68157958984375,67.82205963134766,42.09627151489258,879895642112.0,82.86054992675781,3389.4599609375
2023-09-26,95.95999908447266,411.56903076171875,67.18914031982422,41.78620147705078,-111497076736.0,80.9869613647461,3329.6201171875
2023-09-27,98.06999969482422,411.6748352050781,67.45613861083984,42.3415412902832,-111497076736.0,82.09188079833984,3361.409912109375
2023-09-28,102.76000213623047,414.0802307128906,64.47942352294922,42.960693359375,-111497076736.0,83.0239028930664,3420.989990234375
2023-09-29,102.81999969482422,413.17578125,67.27813720703125,43.369468688964844,-111497076736.0,83.49469757080078,3434.2900390625
2023-10-02,103.2699966430664,413.031494140625,67.20890808105469,44.64865493774414,-111497076736.0,84.21530151367188,3448.85009765625
2023-10-03,100.08000183105469,407.52801513671875,67.08035278320312,43.387420654296875,-111497076736.0,82.06307220458984,3376.580078125
2023-10-04,104.06999969482422,410.4144287109375,67.35725402832031,43.90985870361328,-111497076736.0,83.27368927001953,3424.919921875
2023-10-05,102.91000366210938,410.2219543457031,68.286865234375,44.554935455322266,-111497076736.0,83.61959075927734,3406.97998046875
2023-10-06,107.23999786376953,415.0423583984375,69.30223083496094,45.625728607177734,-111497076736.0,85.79102325439453,3475.2099609375
2023-10-09,106.97000122070312,417.77490234375,68.82674407958984,45.13818359375,-111497076736.0,85.5027847290039,3467.35009765625
2023-10-10,109.01000213623047,419.9588928222656,68.42058563232422,45.661624908447266,-111497076736.0,87.05929565429688,3512.070068359375
2023-10-11,108.30999755859375,421.73895263671875,69.54987335205078,46.6666259765625,-111497076736.0,88.39483642578125,3537.830078125
2023-10-12,108.79000091552734,419.20849609375,69.09420776367188,46.805206298828125,-111497076736.0,88.79837036132812,3548.6201171875
2023-10-13,105.08999633789062,417.0050964355469,68.55928039550781,45.32563018798828,-111497076736.0,86.91517639160156,3452.969970703125
2023-10-16,106.45999908447266,421.3445129394531,68.43051147460938,45.95773696899414,-111497076736.0,87.64539337158203,3502.510009765625
2023-10-17,105.13999938964844,421.4695129394531,68.35124969482422,43.80716323852539,-111497076736.0,87.43402099609375,3474.659912109375
2023-10-18,102.16999816894531,415.9468078613281,68.48992919921875,42.070350646972656,-111497076736.0,86.08888244628906,3413.449951171875
2023-10-19,102.4000015258789,412.1751708984375,66.89506530761719,41.97563934326172,-111497076736.0,89.26917266845703,3367.77001953125
2023-10-20,101.80999755859375,407.1045837402344,66.58799743652344,41.263763427734375,-111497076736.0,87.73188018798828,3316.139892578125
2023-10-23,100.01000213623047,406.3926086425781,66.25117492675781,42.84703063964844,-111497076736.0,87.53972625732422,3298.5400390625
2023-10-24,101.66999816894531,409.4522399902344,67.43000030517578,43.53297805786133,-111497076736.0,88.04893493652344,3343.93994140625
2023-10-25,96.05999755859375,403.6313171386719,65.87474822998047,41.65459060668945,-111497076736.0,84.2056884765625,3205.840087890625
2023-10-26,93.66999816894531,398.7627868652344,63.92326736450195,40.2059211730957,-111497076736.0,84.02313995361328,3188.419921875
2023-10-27,96.43000030517578,396.9347229003906,65.03274536132812,40.3794059753418,-111497076736.0,82.62034606933594,3227.090087890625
2023-10-30,96.18000030517578,401.64923095703125,65.44879913330078,41.03843688964844,-111497076736.0,82.68760681152344,3185.179931640625
2023-10-31,98.5,404.04498291015625,66.24128723144531,40.6585693359375,-111497076736.0,82.92781066894531,3215.889892578125
2023-11-01,108.04000091552734,408.46124267578125,68.74748992919922,42.198974609375,-111497076736.0,84.35942077636719,3290.949951171875
2023-11-02,107.83000183105469,416.3316650390625,69.7777099609375,43.37644958496094,-111497076736.0,86.93440246582031,3368.5400390625
2023-11-03,112.25,420.0647888183594,71.8976058959961,44.87098693847656,-111497076736.0,88.19306945800781,3454.570068359375
2023-11-06,111.75,421.0751037597656,72.2343978881836,45.614768981933594,-111497076736.0,88.97132110595703,3444.889892578125
2023-11-07,113.44999694824219,422.191162109375,72.11551666259766,45.81816101074219,-111497076736.0,88.78877258300781,3471.4599609375
2023-11-08,113.58999633789062,422.5375061035156,71.60041809082031,46.43531036376953,-111497076736.0,88.39483642578125,3472.669921875
2023-11-09,113.48999786376953,419.3528137207031,72.87828063964844,46.81019592285156,-111497076736.0,88.02972412109375,3452.340087890625
2023-11-10,118.58999633789062,425.91461181640625,74.65145111083984,48.19107437133789,-111497076736.0,93.62166595458984,3591.739990234375
2023-11-13,116.79000091552734,425.4239807128906,74.07691192626953,48.47521209716797,-111497076736.0,92.64163208007812,3556.75
2023-11-14,119.87999725341797,433.76580810546875,76.4444351196289,49.50813674926758,-111497076736.0,95.03406524658203,3685.570068359375
2023-11-15,118.0,434.64129638671875,76.41471862792969,48.742427825927734,-111497076736.0,94.92837524414062,3712.090087890625
2023-11-16,119.83000183105469,435.18017578125,75.94914245605469,49.33266067504883,-111497076736.0,94.67855834960938,3724.10009765625
2023-11-17,120.62000274658203,435.6419982910156,76.83077239990234,49.151214599609375,-111497076736.0,95.67779541015625,3748.64990234375
2023-11-20,121.52999877929688,439.144287109375,77.88080596923828,50.2588996887207,-111497076736.0,96.04290771484375,3805.81005859375
2023-11-21,119.16000366210938,438.1339416503906,75.98876190185547,49.795284271240234,-111497076736.0,94.55364990234375,3732.7900390625
2023-11-22,122.51000213623047,439.7985534667969,76.37509155273438,48.57093811035156,-111497076736.0,94.78424072265625,3744.9599609375
2023-11-24,122.30999755859375,440.1255798339844,76.14726257324219,47.63374328613281,-111497076736.0,93.99638366699219,3747.929931640625
2023-11-27,122.6500015258789,439.3078308105469,76.78124237060547,48.098350524902344,-111497076736.0,93.40067291259766,3739.31005859375
2023-11-28,122.01000213623047,439.68304443359375,75.4043197631836,47.67860412597656,-111497076736.0,94.1405029296875,3718.35009765625
2023-11-29,123.8499984741211,439.4809875488281,75.96895599365234,47.99665069580078,-111497076736.0,95.00523376464844,3753.360107421875
2023-11-30,121.16000366210938,441.06854248046875,75.4043197631836,46.630733489990234,-111497076736.0,93.49674987792969,3724.580078125
2023-12-01,121.38999938964844,443.6759948730469,75.21610260009766,46.6257438659668,-111497076736.0,94.68816375732422,3738.27001953125
2023-12-04,118.56999969482422,441.48223876953125,73.59151458740234,45.37448501586914,-111497076736.0,93.20851135253906,3693.43994140625
2023-12-05,118.37999725341797,441.38604736328125,72.99715423583984,46.43142318725586,-111497076736.0,92.90104675292969,3672.39990234375
2023-12-06,116.81999969482422,439.5579833984375,72.44242858886719,45.37149429321289,-111497076736.0,94.01558685302734,3645.820068359375
2023-12-07,128.3699951171875,442.9350280761719,72.95753479003906,46.461334228515625,-111497076736.0,95.399169921875,3747.5400390625
2023-12-08,128.9199981689453,444.8497619628906,74.25521087646484,47.368709564208984,-111497076736.0,96.41761779785156,3774.169921875
2023-12-11,134.41000366210938,446.5816650390625,77.05860900878906,46.49224853515625,-111497076736.0,96.99411010742188,3902.389892578125
2023-12-12,137.61000061035156,448.7945556640625,77.42514038085938,47.519264221191406,-111497076736.0,97.61864471435547,3930.179931640625
2023-12-13,138.19000244140625,454.9426574707031,79.03980255126953,47.94902420043945,-111497076736.0,98.11827850341797,3990.949951171875
2023-12-14,138.0,456.36676025390625,81.41724395751953,48.210262298583984,-111497076736.0,99.86457824707031,4097.47021484375
2023-12-15,139.14999389648438,455.5969543457031,80.64456176757812,48.74870681762695,-111497076736.0,98.98611450195312,4117.0
2023-12-18,138.89999389648438,458.12744140625,80.79315948486328,49.932273864746094,-111497076736.0,99.36259460449219,4103.7900390625
2023-12-19,140.14999389648438,460.7733154296875,81.39743041992188,49.46063995361328,-111497076736.0,100.27001190185547,4125.56005859375
2023-12-20,135.47000122070312,454.1705322265625,77.95015716552734,47.971961975097656,-111497076736.0,96.57276153564453,4007.659912109375
2023-12-21,139.91000366210938,458.7785339355469,84.67630767822266,48.848419189453125,-111497076736.0,98.99578094482422,4118.58984375
2023-12-22,139.60000610351562,459.6575622558594,85.67680358886719,48.68887710571289,-111497076736.0,99.57496643066406,4132.85009765625
2023-12-26,143.41000366210938,461.63787841796875,86.24144744873047,49.13657760620117,-111497076736.0,100.82989501953125,4207.4501953125
2023-12-27,146.07000732421875,462.51702880859375,85.84522247314453,49.2741813659668,14128491520.0,101.02298736572266,4214.58984375
2023-12-28,148.75999450683594,462.72955322265625,85.19142150878906,49.37887954711914,14128491520.0,101.07124328613281,4208.68017578125
2023-12-29,147.41000366210938,461.4060363769531,84.65081787109375,49.37887954711914,14128491520.0,100.3955078125,4175.47021484375
2024-01-02,138.5800018310547,458.7591857910156,81.67504119873047,48.02879333496094,14128491520.0,98.0111083984375,4023.0400390625
2024-01-03,135.32000732421875,455.010986328125,81.59569549560547,47.4315185546875,14128491520.0,96.69824981689453,3941.2099609375
2024-01-04,136.00999450683594,453.61016845703125,82.04205322265625,47.85928726196289,14128491520.0,95.69429779052734,3908.85009765625
2024-01-05,138.5800018310547,454.15118408203125,82.77606964111328,48.955101013183594,14128491520.0,96.15765380859375,3933.489990234375
2024-01-08,146.17999267578125,460.4014587402344,84.26396179199219,52.10198211669922,14128491520.0,98.69650268554688,4062.47998046875
2024-01-09,149.25999450683594,459.9667053222656,82.65705871582031,52.986419677734375,14128491520.0,98.35865020751953,4064.64990234375
2024-01-10,148.5399932861328,462.54595947265625,81.7147216796875,54.19292449951172,14128491520.0,97.30642700195312,4048.840087890625
2024-01-11,148.02000427246094,462.2947692871094,82.71656036376953,54.66355895996094,14128491520.0,97.71186828613281,4067.89990234375
2024-01-12,146.55999755859375,462.6908874511719,81.72463989257812,54.551883697509766,14128491520.0,97.73118591308594,4052.429931640625
2024-01-16,158.74000549316406,461.0872802734375,83.92671203613281,56.219051361083984,14128491520.0,98.14627075195312,4105.93994140625
2024-01-17,160.1699981689453,458.49835205078125,82.6074447631836,55.89100646972656,14128491520.0,99.38190460205078,4069.949951171875
2024-01-18,162.6699981689453,462.43011474609375,84.13501739501953,56.941959381103516,14128491520.0,109.11254119873047,4206.52001953125
2024-01-19,174.22999572753906,468.21661376953125,86.80329895019531,59.319068908691406,14128491520.0,110.24199676513672,4375.64990234375
2024-01-22,168.17999267578125,469.2309265136719,88.51932525634766,59.48160171508789,14128491520.0,109.11254119873047,4386.60009765625
2024-01-23,168.4199981689453,470.6896667480469,86.82313537597656,59.69996643066406,14128491520.0,110.1744155883789,4415.259765625
2024-01-24,178.2899932861328,471.0470886230469,87.36869049072266,61.184661865234375,14128491520.0,112.48158264160156,4483.330078125
2024-01-25,180.3300018310547,473.6746826171875,88.4796371459961,61.438926696777344,14128491520.0,112.52020263671875,4472.259765625
2024-01-26,177.25,473.1820373535156,87.33893585205078,60.854610443115234,14128491520.0,113.19593048095703,4342.10009765625
2024-01-29,177.8300018310547,476.9012451171875,88.35069274902344,62.28446578979492,14128491520.0,112.92564392089844,4388.27001953125
2024-01-30,172.05999755859375,476.54376220703125,85.46420288085938,62.59257888793945,14128491520.0,112.03752899169922,4319.990234375
2024-01-31,167.69000244140625,468.7189636230469,85.05750274658203,61.349185943603516,14128491520.0,109.04496765136719,4260.919921875
2024-02-01,170.47999572753906,474.9402160644531,84.91864013671875,62.844852447509766,14128491520.0,109.46006774902344,4280.47998046875
2024-02-02,177.66000366210938,479.8379821777344,85.7816162109375,65.96879577636719,14128491520.0,111.73828125,4336.72998046875
2024-02-05,174.22999572753906,478.234375,86.27757263183594,69.13162994384766,14128491520.0,114.67290496826172,4388.10009765625
2024-02-06,167.8800048828125,479.52880859375,83.91679382324219,68.02583312988281,14128491520.0,115.24246978759766,4338.27001953125
2024-02-07,170.94000244140625,483.4219665527344,84.48218536376953,69.89640808105469,14128491520.0,120.64838409423828,4408.72998046875
2024-02-08,169.35000610351562,483.74072265625,84.19452667236328,69.43973541259766,14128491520.0,129.09510803222656,4478.009765625
2024-02-09,172.47999572753906,486.54217529296875,84.8690414428711,71.92454528808594,14128491520.0,128.49659729003906,4567.2998046875
2024-02-12,171.91000366210938,486.28143310546875,85.00789642333984,72.03919219970703,14128491520.0,125.93843841552734,4560.0400390625
2024-02-13,171.5399932861328,479.75103759765625,80.87158966064453,71.9195556640625,14128491520.0,123.12930297851562,4468.18017578125
2024-02-14,178.6999969482422,484.0305480957031,81.16917419433594,73.68643188476562,14128491520.0,124.78970336914062,4565.41015625
2024-02-15,176.75999450683594,487.21844482421875,80.97078704833984,72.44801330566406,14128491520.0,124.55802154541016,4558.10009765625
2024-02-16,173.8699951171875,484.8999938964844,78.85797882080078,72.40314483642578,14128491520.0,122.29910278320312,4527.68017578125
2024-02-20,165.69000244140625,482.2047424316406,80.05821990966797,69.25128936767578,14128491520.0,120.98624420166016,4456.8701171875
2024-02-21,164.2899932861328,482.6394958496094,80.83190155029297,67.27701568603516,14128491520.0,120.99588012695312,4446.35986328125
2024-02-22,181.86000061035156,492.724853515625,85.21621704101562,78.31101989746094,14128491520.0,124.59661102294922,4667.3701171875
2024-02-23,176.52000427246094,493.0050048828125,85.30548858642578,78.58921813964844,14128491520.0,125.04068756103516,4615.02978515625
2024-02-26,176.00999450683594,491.15020751953125,88.737548828125,78.8634262084961,14128491520.0,126.1122055053711,4663.47021484375
2024-02-27,178.0,492.01959228515625,91.10823059082031,78.47354125976562,14128491520.0,124.13324737548828,4654.89013671875
2024-02-28,176.5399932861328,491.4013671875,88.98552703857422,77.43855285644531,14128491520.0,122.96520233154297,4602.60009765625
2024-02-29,192.52999877929688,493.1112976074219,89.87826538085938,78.88336944580078,14128491520.0,124.21048736572266,4726.919921875
2024-03-01,202.63999938964844,497.88348388671875,94.38159942626953,82.04119873046875,14128491520.0,129.2592315673828,4929.580078125
2024-03-04,205.36000061035156,497.2942199707031,94.99659729003906,84.99065399169922,14128491520.0,133.4680938720703,4981.97021484375
2024-03-05,205.1300048828125,492.27081298828125,93.70708465576172,85.7195816040039,14128491520.0,130.29214477539062,4879.830078125
2024-03-06,210.6300048828125,494.9371032714844,94.78826904296875,88.44779205322266,14128491520.0,136.6634063720703,4997.93017578125
2024-03-07,211.3800048828125,499.8541564941406,98.18067169189453,92.40552520751953,14128491520.0,144.0289306640625,5165.830078125
2024-03-08,207.38999938964844,496.8208312988281,96.83164978027344,87.27913665771484,14128491520.0,141.2970428466797,4957.77978515625
2024-03-11,198.38999938964844,496.57928466796875,93.74675750732422,85.53012084960938,14128491520.0,134.2017822265625,4890.2001953125
2024-03-12,202.75999450683594,501.7572937011719,96.63325500488281,91.65165710449219,14128491520.0,139.39529418945312,4992.509765625
2024-03-13,194.7899932861328,500.9554748535156,93.39958953857422,90.62958526611328,14128491520.0,137.21363830566406,4868.9501953125
2024-03-14,187.05999755859375,499.8638610839844,90.69163513183594,87.69395446777344,14128491520.0,134.7809600830078,4783.64990234375
2024-03-15,191.05999755859375,495.7968444824219,92.49693298339844,87.5872573852539,14128491520.0,132.23248291015625,4757.7099609375
2024-03-18,190.64999389648438,499.2939147949219,93.02265930175781,88.20350646972656,14128491520.0,132.43991088867188,4757.60009765625
2024-03-19,181.4199981689453,502.18231201171875,93.24087524414062,89.14382934570312,14128491520.0,130.7242889404297,4712.81005859375
2024-03-20,179.72999572753906,506.84832763671875,95.47270202636719,90.11505889892578,14128491520.0,132.5465087890625,4788.18017578125
2024-03-21,178.67999267578125,508.4133605957031,108.96289825439453,91.1750259399414,14128491520.0,135.16351318359375,4897.8798828125
2024-03-22,179.64999389648438,507.7349548339844,109.31996154785156,94.02091217041016,14128491520.0,136.2200164794922,4908.259765625
2024-03-25,178.6300048828125,506.1456604003906,116.18408203125,94.73188781738281,14128491520.0,135.91954040527344,4891.490234375
2024-03-26,177.8699951171875,505.0796203613281,117.84060668945312,92.29782104492188,14128491520.0,134.572265625,4851.8798828125
2024-03-27,179.58999633789062,509.47943115234375,118.2869644165039,89.99339294433594,14128491520.0,132.48834228515625,4899.9501953125
2024-03-28,180.49000549316406,509.489013671875,117.05082702636719,90.09910583496094,-1790309632.0,131.86801147460938,4905.2099609375
2024-04-01,183.33999633789062,508.66534423828125,123.41520690917969,90.1060791015625,-1790309632.0,137.1408233642578,4962.10009765625
2024-04-02,178.6999969482422,505.34124755859375,121.87623596191406,89.19766998291016,-1790309632.0,135.9098358154297,4886.93994140625
2024-04-03,180.77000427246094,505.9034118652344,127.09880065917969,88.71105194091797,-1790309632.0,137.63511657714844,4903.5
2024-04-04,165.8300018310547,499.68170166015625,123.20669555664062,85.66075134277344,-1790309632.0,135.36708068847656,4756.06982421875
2024-04-05,170.4199981689453,504.8954772949219,122.70033264160156,87.75776672363281,-1790309632.0,137.01480102539062,4819.1298828125
2024-04-08,169.89999389648438,505.03118896484375,122.0748062133789,86.88525390625,-1790309632.0,138.40084838867188,4825.39013671875
2024-04-09,170.77999877929688,505.6611022949219,121.75708770751953,85.11131286621094,-1790309632.0,140.93063354492188,4870.81005859375
2024-04-10,167.13999938964844,500.75738525390625,121.33013916015625,86.7915267944336,-1790309632.0,141.72543334960938,4790.35009765625
2024-04-11,170.5,504.5079040527344,126.60236358642578,90.35835266113281,-1790309632.0,142.67530822753906,4906.3701171875
2024-04-12,163.27999877929688,497.4527282714844,121.64787292480469,87.93527221679688,-1790309632.0,138.13916015625,4745.0498046875
2024-04-15,160.32000732421875,491.2892150878906,120.50605773925781,85.75646209716797,-1790309632.0,135.83229064941406,4679.10009765625
2024-04-16,163.4600067138672,490.3492431640625,120.90320587158203,87.16645812988281,-1790309632.0,135.50279235839844,4720.52978515625
2024-04-17,154.02000427246094,487.50006103515625,115.50193786621094,83.79607391357422,-1790309632.0,134.75643920898438,4567.31005859375
2024-04-18,155.0800018310547,486.3758544921875,111.13325500488281,84.43024444580078,-1790309632.0,128.20423889160156,4491.7099609375
2024-04-19,146.63999938964844,482.16021728515625,106.0099868774414,75.98334503173828,-1790309632.0,123.77469635009766,4306.8701171875
2024-04-22,148.63999938964844,486.6083984375,108.34326934814453,79.29190826416016,-1790309632.0,125.76168823242188,4381.919921875
2024-04-23,152.27000427246094,492.4715576171875,111.65947723388672,82.18865203857422,-1790309632.0,129.3285369873047,4478.7998046875
2024-04-24,151.74000549316406,492.2777099609375,110.98433685302734,79.4504623413086,-1790309632.0,128.88272094726562,4526.2001953125
2024-04-25,153.75999450683594,490.19415283203125,110.7857666015625,82.39706420898438,-1790309632.0,132.3817596435547,4615.0400390625
2024-04-26,157.39999389648438,494.9911804199219,114.02253723144531,87.48555755615234,-1790309632.0,134.04888916015625,4735.2900390625
2024-04-29,160.1999969482422,496.7550354003906,113.54595947265625,87.50747680664062,-1790309632.0,134.2427215576172,4765.7900390625
2024-04-30,158.3800048828125,488.8567199707031,112.15593719482422,86.15634155273438,-1790309632.0,133.11837768554688,4673.2998046875
2024-05-01,144.27000427246094,487.3255310058594,108.91912078857422,82.80489349365234,-1790309632.0,130.7921905517578,4507.68017578125
2024-05-02,146.16000366210938,491.78350830078125,111.5304183959961,85.572998046875,-1790309632.0,132.04251098632812,4605.35009765625
2024-05-03,150.60000610351562,497.9664001464844,113.88353729248047,88.53654479980469,-1790309632.0,137.20864868164062,4716.18994140625
2024-05-06,155.77999877929688,503.1510925292969,119.27487182617188,91.8780288696289,-1790309632.0,138.43963623046875,4820.4501953125
2024-05-07,154.42999267578125,503.8004455566406,118.36143493652344,90.29653930664062,-1790309632.0,136.77249145507812,4784.8798828125
2024-05-08,153.6199951171875,503.751953125,118.47066497802734,90.15493774414062,-1790309632.0,139.1859588623047,4790.3798828125
2024-05-09,152.38999938964844,506.5138854980469,116.97139739990234,88.49466705322266,-1790309632.0,138.40084838867188,4759.77001953125
2024-05-10,151.9199981689453,507.22137451171875,120.37699890136719,89.62245178222656,-1790309632.0,144.67196655273438,4808.02978515625
2024-05-13,150.55999755859375,507.3957824707031,122.12445831298828,90.1419677734375,-1790309632.0,141.90957641601562,4823.08984375
2024-05-14,153.16000366210938,509.7118835449219,123.92156982421875,91.09626007080078,-1790309632.0,147.27931213378906,4903.93017578125
2024-05-15,159.6699981689453,516.0305786132812,126.90020751953125,94.36093139648438,-1790309632.0,150.79769897460938,5045.080078125
2024-05-16,162.6199951171875,514.8191528320312,126.97964477539062,94.0906982421875,-1790309632.0,147.55068969726562,5017.5400390625
2024-05-17,164.47000122070312,515.69140625,124.39816284179688,92.21604919433594,-1790309632.0,147.017578125,4983.02001953125
2024-05-20,166.3300018310547,516.2921752929688,128.08175659179688,94.51051330566406,-1790309632.0,148.83010864257812,5090.35009765625
2024-05-21,164.66000366210938,517.5520629882812,126.5924301147461,95.11479949951172,-1790309632.0,148.9464111328125,5074.39990234375
2024-05-22,165.52000427246094,516.0789794921875,125.38111114501953,94.6800308227539,-1790309632.0,151.3501739501953,5126.81005859375
2024-05-23,160.42999267578125,512.3092651367188,125.37117767333984,103.50389099121094,-1790309632.0,152.2613067626953,5125.97998046875
2024-05-24,166.36000061035156,515.7106323242188,128.5682830810547,106.16629028320312,-1790309632.0,155.08184814453125,5220.919921875
2024-05-28,171.61000061035156,516.1080932617188,131.72561645507812,113.57714080810547,-1790309632.0,154.50997924804688,5317.8701171875
2024-05-29,165.13999938964844,512.415771484375,130.64337158203125,114.49852752685547,-1790309632.0,149.5958251953125,5219.31982421875
2024-05-30,166.75,509.09173583984375,125.39104461669922,110.1858139038086,-1790309632.0,148.25823974609375,5173.259765625
2024-05-31,166.89999389648438,513.5884399414062,124.11022186279297,109.32128143310547,-1790309632.0,146.3972625732422,5123.35986328125
2024-06-03,163.5500030517578,513.9082641601562,127.25765991210938,114.67301177978516,-1790309632.0,150.18707275390625,5152.509765625
2024-06-04,159.99000549316406,514.6641235351562,125.7385482788086,116.1059341430664,-1790309632.0,147.7833251953125,5116.27001953125
2024-06-05,166.1699981689453,520.82763671875,132.7582550048828,122.09187316894531,-1790309632.0,157.91207885742188,5347.43994140625
2024-06-06,166.77999877929688,520.8082885742188,129.14414978027344,120.65397644042969,-1790309632.0,157.08822631835938,5301.68017578125
2024-06-07,167.8699951171875,520.1492309570312,130.00794982910156,120.5442886352539,-1790309632.0,159.3369140625,5287.240234375
2024-06-10,160.33999633789062,521.6998291015625,133.86032104492188,121.44371032714844,-1790309632.0,162.9910430908203,5362.39990234375
2024-06-11,158.9600067138672,522.9935302734375,134.10853576660156,120.57612609863281,-1790309632.0,160.61631774902344,5365.3798828125
2024-06-12,160.24000549316406,527.3482666015625,139.7481231689453,124.85426330566406,-1790309632.0,167.66287231445312,5520.8701171875
2024-06-13,159.89999389648438,528.456298828125,142.12107849121094,129.25209045410156,-1790309632.0,168.12376403808594,5602.419921875
2024-06-14,159.6300048828125,528.6409912109375,140.35377502441406,131.51583862304688,-1790309632.0,167.7348175048828,5598.31005859375
2024-06-17,158.39999389648438,532.966552734375,146.77772521972656,130.61831665039062,-1790309632.0,172.33389282226562,5688.10009765625
2024-06-18,154.6300048828125,534.2592163085938,152.35769653320312,135.2056121826172,-1790309632.0,174.716064453125,5765.1201171875
2024-06-20,161.77999877929688,532.6067504882812,143.16360473632812,130.41885375976562,-1790309632.0,170.525390625,5610.009765625
2024-06-21,161.22999572753906,531.702880859375,138.5467071533203,126.2204818725586,-1790309632.0,169.1446990966797,5538.5400390625
2024-06-24,160.25,530.3418579101562,138.0205078125,117.78384399414062,-1790309632.0,163.16490173339844,5371.52001953125
2024-06-25,160.25,532.3540649414062,140.11546325683594,125.74180603027344,-1790309632.0,167.8223114013672,5467.66015625
2024-06-26,157.5399932861328,533.1705932617188,141.34664916992188,126.05097198486328,-1790309632.0,167.3070068359375,5452.31982421875
2024-06-27,159.47000122070312,533.9482421875,131.2887725830078,123.64762115478516,226861312.0,166.87916564941406,5421.08984375
2024-06-28,162.2100067138672,531.916748046875,130.59373474121094,123.19886779785156,226861312.0,168.9988250732422,5472.259765625
2024-07-01,157.69000244140625,533.0636596679688,130.5838165283203,123.9567642211914,226861312.0,167.559814453125,5477.14990234375
2024-07-02,164.30999755859375,536.4657592773438,131.6461944580078,122.33125305175781,226861312.0,170.83653259277344,5544.990234375
2024-07-03,163.89999389648438,538.8179931640625,135.84608459472656,127.92577362060547,226861312.0,177.4385528564453,5651.72021484375
2024-07-05,171.89999389648438,542.1519775390625,130.66326904296875,125.48253631591797,226861312.0,178.8970489501953,5656.31005859375
2024-07-08,178.69000244140625,542.7838134765625,129.8732147216797,127.84597778320312,226861312.0,181.4639892578125,5765.2099609375
2024-07-09,177.10000610351562,543.289306640625,130.3203887939453,131.01722717285156,226861312.0,179.41238403320312,5765.2001953125
2024-07-10,183.9600067138672,548.4603881835938,135.53759765625,134.53749084472656,226861312.0,185.76161193847656,5904.5400390625
2024-07-11,181.94000244140625,543.8045043945312,129.41607666015625,127.0481948852539,226861312.0,179.39292907714844,5699.66015625
2024-07-12,181.61000061035156,547.2843017578125,132.71533203125,128.88311767578125,226861312.0,182.1640625,5775.18994140625
2024-07-15,179.8300018310547,548.810302734375,130.05209350585938,128.08534240722656,226861312.0,180.09298706054688,5777.7099609375
2024-07-16,177.5500030517578,552.066650390625,126.69320678710938,126.01107788085938,226861312.0,180.89028930664062,5804.02978515625
2024-07-17,159.42999267578125,544.3585815429688,118.7531509399414,117.66417694091797,226861312.0,166.46107482910156,5408.7099609375
2024-07-18,155.77000427246094,540.052490234375,116.71595001220703,120.75560760498047,226861312.0,167.1125030517578,5436.419921875
2024-07-19,151.5800018310547,536.53369140625,113.54589080810547,117.6043472290039,226861312.0,161.18138122558594,5267.16015625
2024-07-22,155.8699951171875,542.1033935546875,114.55952453613281,123.19886779785156,226861312.0,164.66229248046875,5477.830078125
2024-07-23,154.0,541.199462890625,113.53594970703125,122.25147247314453,226861312.0,165.11927795410156,5397.89990234375
2024-07-24,144.6300048828125,528.981201171875,109.59077453613281,113.93451690673828,226861312.0,155.37661743164062,5105.64990234375
2024-07-25,138.32000732421875,526.1915283203125,106.77845001220703,111.96996307373047,226861312.0,155.8433380126953,5005.35986328125
2024-07-26,139.99000549316406,532.072265625,108.7261962890625,112.74779510498047,226861312.0,157.45741271972656,5103.1298828125
2024-07-29,139.75,532.441650390625,107.17594909667969,111.2818603515625,226861312.0,155.58082580566406,5087.6201171875
2024-07-30,138.44000244140625,529.57421875,101.91902160644531,103.44355773925781,226861312.0,150.26220703125,4890.14990234375
2024-07-31,144.47999572753906,537.8362426757812,109.13365173339844,116.69686126708984,226861312.0,161.21055603027344,5233.18017578125
2024-08-01,132.5399932861328,530.769775390625,100.87557983398438,108.90843963623047,226861312.0,153.8014678955078,4859.58984375
2024-08-02,132.5,520.7774047851562,92.12063598632812,106.9737777709961,226861312.0,145.71177673339844,4607.759765625
2024-08-05,134.82000732421875,505.6236877441406,89.85488891601562,100.17262268066406,226861312.0,143.85464477539062,4519.4501953125
2024-08-06,130.17999267578125,510.4254150390625,88.44375610351562,103.96212005615234,226861312.0,151.0886993408203,4567.56982421875
2024-08-07,128.6699981689453,506.89691162109375,86.25751495361328,98.63687896728516,226861312.0,150.74839782714844,4426.27001953125
2024-08-08,136.32000732421875,518.6390380859375,91.49458312988281,104.68013763427734,226861312.0,159.99514770507812,4730.009765625
2024-08-09,134.27000427246094,520.8551025390625,92.4982681274414,104.46074676513672,226861312.0,162.49398803710938,4709.4501953125
2024-08-12,136.77000427246094,521.10791015625,94.04851531982422,108.71894073486328,226861312.0,162.98989868164062,4743.81982421875
2024-08-13,141.1300048828125,529.7782592773438,96.83102416992188,115.81929016113281,226861312.0,167.5695037841797,4942.31005859375
2024-08-14,140.75,531.5083618164062,99.78245544433594,117.75395202636719,226861312.0,165.26513671875,4933.35009765625
2024-08-15,147.36000061035156,540.6064453125,106.28157043457031,122.52073669433594,226861312.0,169.1446990966797,5173.3798828125
2024-08-16,148.55999755859375,541.8313598632812,107.31507873535156,124.2359848022461,226861312.0,169.70863342285156,5170.25
2024-08-19,155.27999877929688,546.8662109375,107.95108032226562,129.6410369873047,226861312.0,170.5934295654297,5266.56982421875
2024-08-20,156.39999389648438,546.0498046875,107.31507873535156,126.89862060546875,226861312.0,167.27781677246094,5196.2998046875
2024-08-21,157.80999755859375,548.178466796875,107.65296173095703,128.14517211914062,226861312.0,166.69444274902344,5267.93017578125
2024-08-22,151.6999969482422,543.5420532226562,103.6083984375,123.39830780029297,226861312.0,161.8328399658203,5086.89990234375
2024-08-23,154.97999572753906,549.4129638671875,102.20719909667969,129.01275634765625,226861312.0,166.53884887695312,5228.64990234375
2024-08-26,149.99000549316406,547.8577880859375,98.29183197021484,126.11079406738281,226861312.0,164.39002990722656,5097.35009765625
2024-08-27,150.5,548.85888671875,97.24839782714844,127.94571685791016,226861312.0,165.82907104492188,5153.6298828125
2024-08-28,146.36000061035156,545.6512451171875,94.26714324951172,125.26315307617188,226861312.0,164.5164337158203,5059.56005859375
2024-08-29,145.49000549316406,545.73876953125,94.97270202636719,117.26528930664062,226861312.0,164.46778869628906,5029.25
2024-08-30,148.55999755859375,550.8904418945312,95.6385269165039,119.04036712646484,226861312.0,166.94723510742188,5158.81982421875
2024-09-03,136.94000244140625,539.721923828125,88.02638244628906,107.70177459716797,226861312.0,156.0475311279297,4759.0
2024-09-04,140.8699951171875,538.5943603515625,88.7319564819336,105.91671752929688,226861312.0,156.41700744628906,4770.85009765625
2024-09-05,139.44000244140625,537.0975341796875,88.83133697509766,106.9139633178711,226861312.0,159.1686553955078,4742.419921875
2024-09-06,134.35000610351562,528.1646118164062,85.84013366699219,102.54605865478516,226861312.0,152.4791259765625,4528.22021484375
2024-09-09,138.14999389648438,534.093994140625,85.7308349609375,106.1760025024414,226861312.0,158.27415466308594,4625.77978515625
2024-09-10,142.83999633789062,536.067138671875,86.30719757080078,107.8014907836914,226861312.0,157.93382263183594,4680.669921875
2024-09-11,149.86000061035156,541.8507690429688,90.08345794677734,116.58717346191406,226861312.0,165.51792907714844,4910.169921875
2024-09-12,150.77000427246094,546.4385375976562,86.6649398803711,118.82117462158203,226861312.0,167.29994201660156,4898.43994140625
2024-09-13,152.30999755859375,549.2379760742188,90.64989471435547,118.7812728881836,226861312.0,168.34414672851562,4980.490234375
2024-09-16,152.0800018310547,550.151611328125,86.6351318359375,116.46748352050781,226861312.0,165.00653076171875,4910.43994140625
2024-09-17,150.82000732421875,550.3558349609375,88.17545318603516,115.28067016601562,226861312.0,163.3182373046875,4912.10009765625
2024-09-18,148.2899932861328,548.7131958007812,86.8040771484375,113.06661987304688,226861312.0,163.24990844726562,4859.2900390625
2024-09-19,156.74000549316406,558.1222534179688,88.69220733642578,117.55458068847656,226861312.0,171.97451782226562,5066.64990234375
2024-09-20,155.9499969482422,556.955810546875,90.3318862915039,115.6895751953125,226861312.0,169.88612365722656,5000.06005859375
2024-09-23,156.75,558.5014038085938,92.98518371582031,115.94888305664062,226861312.0,170.5496826171875,5025.81005859375
2024-09-24,158.32000732421875,560.1245727539062,93.41251373291016,120.54654693603516,226861312.0,177.5860137939453,5091.77978515625
2024-09-25,162.02000427246094,558.8023681640625,95.17145538330078,123.17948913574219,226861312.0,177.95684814453125,5132.52001953125
2024-09-26,167.49000549316406,561.1932373046875,109.19327545166016,123.70806121826172,226861312.0,182.32891845703125,5310.5
2024-09-27,164.35000610351562,560.1782836914062,106.8281478881836,121.07512664794922,-28747016.0,173.68235778808594,5217.22998046875
2024-09-30,164.0800018310547,562.8616943359375,103.06182861328125,121.11502838134766,-28747016.0,169.4859619140625,5173.06005859375
2024-10-01,159.75,557.543701171875,99.68307495117188,116.68689727783203,-28747016.0,167.9245147705078,5024.93994140625
2024-10-02,159.77999877929688,557.7680053710938,99.22596740722656,118.53194427490234,-28747016.0,171.56466674804688,5099.2001953125
2024-10-03,162.85000610351562,556.7044067382812,101.18363189697266,122.52124786376953,-28747016.0,175.15599060058594,5125.2099609375
2024-10-04,170.89999389648438,561.759033203125,101.61095428466797,124.585693359375,-28747016.0,176.7955322265625,5206.83984375
2024-10-07,170.97000122070312,556.7239379882812,102.3819808959961,127.37821960449219,-28747016.0,180.06480407714844,5196.7998046875
2024-10-08,172.8000030517578,562.0030517578125,102.01386260986328,132.5343780517578,-28747016.0,181.56771850585938,5266.10009765625
2024-10-09,171.02000427246094,565.818359375,101.17817687988281,132.29501342773438,-28747016.0,182.63143920898438,5321.89990234375
2024-10-10,164.17999267578125,564.8231201171875,105.14771270751953,134.44923400878906,-28747016.0,181.30419921875,5293.93994140625
2024-10-11,167.88999938964844,568.2578735351562,106.37139892578125,134.4392547607422,-28747016.0,186.21302795410156,5335.93994140625
2024-10-14,165.27000427246094,572.9417114257812,107.78411102294922,137.7005157470703,-28747016.0,187.5792999267578,5432.2099609375
2024-10-15,156.63999938964844,568.39453125,103.78474426269531,131.2478485107422,-28747016.0,182.62168884277344,5145.2099609375
2024-10-16,156.1300048828125,570.9219360351562,108.67949676513672,135.3568115234375,-28747016.0,182.96327209472656,5155.85986328125
2024-10-17,156.25,571.0877685546875,111.47509002685547,136.56353759765625,-28747016.0,200.8809356689453,5204.81005859375
2024-10-18,155.97000122070312,573.2442626953125,110.57969665527344,137.63070678710938,-28747016.0,195.9428253173828,5208.6201171875
2024-10-21,157.89999389648438,572.3953857421875,108.52032470703125,143.32542419433594,-28747016.0,197.0846405029297,5215.2099609375
2024-10-22,154.08999633789062,571.9464721679688,107.26679229736328,143.20574951171875,-28747016.0,193.6982421875,5190.7099609375
2024-10-23,152.91000366210938,566.7356567382812,104.51100158691406,139.18653869628906,-28747016.0,196.02090454101562,5131.3701171875
2024-10-24,153.44000244140625,567.9457397460938,106.30176544189453,140.03427124023438,-28747016.0,193.16148376464844,5157.60986328125
2024-10-25,156.22999572753906,567.8187255859375,107.35633087158203,141.16122436523438,-28747016.0,198.53875732421875,5212.830078125
2024-10-28,159.9199981689453,569.5264282226562,105.8441162109375,140.14395141601562,-28747016.0,189.98980712890625,5211.669921875
2024-10-29,166.25,570.4047241210938,107.62494659423828,140.87200927734375,-28747016.0,192.1953582763672,5332.169921875
2024-10-30,148.60000610351562,568.5701904296875,103.54598236083984,138.9671173095703,-28747016.0,189.7946014404297,5153.490234375
2024-10-31,144.07000732421875,557.4166870117188,99.1386947631836,132.40472412109375,-28747016.0,185.94952392578125,4946.75
2024-11-01,141.86000061035156,559.8367309570312,99.21829986572266,135.03765869140625,-28747016.0,188.3014678955078,5001.43017578125
2024-11-04,140.7100067138672,558.7145385742188,101.20803833007812,135.68594360351562,-28747016.0,186.9449462890625,4974.0
2024-11-05,141.66000366210938,565.467041015625,104.94873809814453,139.5355987548828,-28747016.0,191.04376220703125,5057.830078125
2024-11-06,145.10000610351562,579.5089721679688,111.25621032714844,145.2203369140625,-28747016.0,188.56497192382812,5215.56982421875
2024-11-07,149.82000732421875,584.0269775390625,112.82809448242188,148.48159790039062,-28747016.0,196.3429412841797,5333.990234375
2024-11-08,147.9499969482422,586.58349609375,111.32585906982422,147.23492431640625,-28747016.0,196.35272216796875,5290.52001953125
2024-11-11,147.35000610351562,587.0323486328125,108.092529296875,144.8712921142578,-28747016.0,189.37498474121094,5156.39013671875
2024-11-12,143.6300048828125,585.2369384765625,103.56587219238281,147.8931427001953,-28747016.0,187.14991760253906,5108.64013671875
2024-11-13,139.3000030517578,585.6759643554688,99.40731048583984,145.87857055664062,-28747016.0,182.1630096435547,5006.2900390625
2024-11-14,138.83999633789062,581.802001953125,98.6711196899414,146.3672637939453,-28747016.0,183.95870971679688,5004.58984375
2024-11-15,134.89999389648438,574.4152221679688,95.84568786621094,141.60006713867188,-28747016.0,181.52865600585938,4833.58984375
2024-11-18,138.92999267578125,576.805908203125,97.00967407226562,139.77493286132812,-28747016.0,182.96327209472656,4888.77001953125
2024-11-19,139.38999938964844,578.816162109375,97.22856140136719,146.61659240722656,-28747016.0,185.10049438476562,4919.16015625
2024-11-20,137.60000610351562,579.0795288085938,97.86528015136719,145.49960327148438,-28747016.0,183.8220672607422,4884.25
2024-11-21,137.49000549316406,582.0458984375,102.23274230957031,146.27749633789062,-28747016.0,186.63267517089844,4963.0498046875
2024-11-22,138.35000610351562,583.96826171875,102.11335754394531,141.5701446533203,-28747016.0,185.5006103515625,4955.7998046875
2024-11-25,141.1300048828125,585.6954345703125,103.94393920898438,135.65602111816406,-28747016.0,180.62110900878906,4987.919921875
2024-11-26,137.72000122070312,589.1498413085938,101.27767181396484,136.5535888671875,-28747016.0,179.41094970703125,4927.56005859375
2024-11-27,136.24000549316406,587.2567138671875,97.69615173339844,134.97781372070312,-28747016.0,176.82479858398438,4853.009765625
2024-11-29,137.17999267578125,590.4281005859375,97.44742584228516,137.88003540039062,-28747016.0,180.211181640625,4926.56005859375
2024-12-02,142.05999755859375,592.0284423828125,98.04434967041016,138.25901794433594,-28747016.0,189.71653747558594,5055.31982421875
2024-12-03,141.97999572753906,592.2724609375,99.32772827148438,139.88465881347656,-28747016.0,194.09837341308594,5035.85986328125
2024-12-04,143.99000549316406,595.921875,102.67047882080078,144.7515869140625,-28747016.0,195.8550262451172,5121.77978515625
2024-12-05,141.36000061035156,594.975341796875,100.3524398803711,144.68179321289062,-28747016.0,199.37802124023438,5026.3701171875
2024-12-06,138.58999633789062,596.0487670898438,100.6509017944336,142.06861877441406,-28747016.0,198.1288604736328,5061.2998046875
2024-12-09,130.8699951171875,592.9749755859375,102.29244232177734,138.4480743408203,-28747016.0,194.3716278076172,5018.83984375
2024-12-10,127.73999786376953,591.2574462890625,97.59666442871094,134.71783447265625,-28747016.0,187.3157958984375,4894.7001953125
2024-12-11,130.14999389648438,595.8145751953125,101.53633117675781,138.94676208496094,-28747016.0,189.9117431640625,5027.7998046875
2024-12-12,130.60000610351562,592.6529541015625,97.7359390258789,136.98191833496094,-28747016.0,187.4407196044922,4982.18994140625
2024-12-13,126.91000366210938,592.5455932617188,101.97406768798828,133.8999786376953,-28747016.0,196.77066040039062,5149.77978515625
2024-12-16,126.69000244140625,595.072998046875,107.70452117919922,131.6558074951172,-28747016.0,197.974853515625,5256.06005859375
2024-12-17,125.0199966430664,592.4818725585938,108.04278564453125,130.05001831054688,-28747016.0,196.4475860595703,5169.7900390625
2024-12-18,121.41000366210938,575.0615234375,103.36688995361328,128.5738983154297,-28747016.0,191.4546356201172,4970.97998046875
2024-12-19,118.87999725341797,574.640380859375,86.64315032958984,130.33926391601562,-28747016.0,190.553955078125,4893.47021484375
2024-12-20,119.20999908447266,581.00537109375,89.6576156616211,134.34878540039062,-28747016.0,193.07000732421875,4964.91015625
2024-12-23,124.5999984741211,585.225830078125,89.2596664428711,139.30581665039062,-28747016.0,203.00692749023438,5118.75
2024-12-24,126.29000091552734,591.80615234375,88.8218994140625,139.85440063476562,-28747016.0,201.99856567382812,5173.56005859375
2024-12-26,125.05999755859375,591.5222778320312,89.35914611816406,139.5651397705078,-28747016.0,198.7971954345703,5175.31005859375
2024-12-27,125.19000244140625,585.1181030273438,88.17523956298828,136.6527557373047,3620116.75,197.39723205566406,5122.97021484375
2024-12-30,122.44000244140625,578.7041015625,84.98255157470703,137.1315155029297,3620116.75,196.18324279785156,5026.509765625
2024-12-31,120.79000091552734,576.4519653320312,83.83695983886719,133.9398651123047,3620116.75,193.3441162109375,4979.93017578125
2025-01-02,120.62999725341797,575.2474365234375,86.99478912353516,137.94937133789062,3620116.75,197.3482666015625,5021.5
2025-01-03,125.37000274658203,582.2587280273438,89.5250473022461,144.0933074951172,3620116.75,204.23069763183594,5163.64990234375
2025-01-06,129.5500030517578,585.8720703125,98.8790054321289,149.04037475585938,3620116.75,215.391357421875,5310.14013671875
2025-01-07,127.33000183105469,579.2820434570312,101.51882934570312,139.77459716796875,3620116.75,206.981689453125,5212.25
2025-01-08,121.83999633789062,579.8890380859375,99.02843475341797,139.7447052001953,3620116.75,202.7719268798828,5162.35009765625
2025-01-10,116.04000091552734,571.213134765625,98.95869445800781,135.55563354492188,3620116.75,203.9957275390625,5037.47021484375
2025-01-13,117.31999969482422,572.0453491210938,94.69512176513672,132.88262939453125,3620116.75,197.1328887939453,5020.0400390625
2025-01-14,116.08999633789062,572.838623046875,96.98628997802734,131.4164581298828,3620116.75,197.2209930419922,5045.9501953125
2025-01-15,119.95999908447266,583.2575073242188,102.79393005371094,135.88479614257812,3620116.75,202.45867919921875,5153.669921875
2025-01-16,118.44000244140625,582.2684936523438,102.2061767578125,133.2217559814453,3620116.75,210.28094482421875,5162.9599609375
2025-01-17,121.45999908447266,587.7913818359375,105.34410095214844,137.35096740722656,3620116.75,207.06002807617188,5309.740234375
2025-01-21,122.27999877929688,593.1183471679688,108.96015167236328,140.4628143310547,3620116.75,214.10885620117188,5378.5
2025-01-22,123.75,596.6435546875,108.81073760986328,146.68653869628906,3620116.75,218.51438903808594,5469.2900390625
2025-01-23,123.04000091552734,599.9729614257812,104.43759155273438,146.83615112304688,3620116.75,219.90457153320312,5444.68994140625
2025-01-24,122.83999633789062,598.2006225585938,102.79393005371094,142.2481231689453,3620116.75,217.2221221923828,5341.93994140625
2025-01-27,115.01000213623047,589.8575439453125,90.7602767944336,118.11123657226562,3620116.75,188.2728729248047,4853.240234375
2025-01-28,114.16999816894531,594.8712768554688,87.91126251220703,128.6536865234375,3620116.75,198.1510467529297,4907.02978515625
2025-01-29,117.3499984741211,592.3447875976562,88.6683578491211,123.37747192382812,3620116.75,198.08251953125,4918.10009765625
2025-01-30,118.86000061035156,595.3118286132812,92.14494323730469,124.32498931884766,3620116.75,203.78033447265625,5030.52978515625
2025-01-31,115.94999694824219,592.0999755859375,90.88978576660156,119.75694274902344,3620116.75,204.92581176757812,5015.85009765625
2025-02-03,114.2699966430664,588.20263671875,89.5748519897461,116.35584259033203,3620116.75,195.60562133789062,4924.81005859375
2025-02-04,119.5,592.1293334960938,90.31201934814453,118.34063720703125,3620116.75,199.76641845703125,4976.58984375
2025-02-05,112.01000213623047,594.557861328125,93.24072265625,124.50453186035156,3620116.75,204.19154357910156,5091.5
2025-02-06,110.16000366210938,596.7415161132812,94.1771240234375,128.34449768066406,3620116.75,206.0810089111328,5092.58984375
2025-02-07,107.55999755859375,591.2578125,91.94572448730469,129.50144958496094,3620116.75,201.79295349121094,5009.33984375
2025-02-10,110.4800033569336,595.1259155273438,95.5617904663086,133.2217559814453,3620116.75,203.58453369140625,5082.669921875
2025-02-11,111.0999984741211,595.5957641601562,93.7188949584961,132.4537353515625,3620116.75,204.3579559326172,5079.97021484375
2025-02-12,111.72000122070312,593.6178588867188,91.32809448242188,130.798095703125,3620116.75,202.04751586914062,5090.7900390625
2025-02-13,111.80999755859375,599.943603515625,95.2928237915039,134.93724060058594,3620116.75,197.593017578125,5156.39013671875
2025-02-14,113.0999984741211,599.953369140625,99.13799285888672,138.48797607421875,3620116.75,199.6195526123047,5160.93994140625
2025-02-18,114.27999877929688,601.7159423828125,106.3801040649414,139.03652954101562,3620116.75,198.4839324951172,5247.85986328125
2025-02-19,114.69000244140625,603.0575561523438,103.95942687988281,138.86697387695312,3620116.75,196.73147583007812,5309.68994140625
2025-02-20,114.16999816894531,600.7172241210938,102.7839584350586,139.7447052001953,3620116.75,195.8993377685547,5310.6298828125
2025-02-21,110.83999633789062,590.3471069335938,98.46060943603516,134.07948303222656,3620116.75,194.07838439941406,5136.58984375
2025-02-24,108.11000061035156,587.5368041992188,95.04377746582031,129.94033813476562,3620116.75,187.62672424316406,5003.5400390625
2025-02-25,103.95999908447266,584.6774291992188,92.8621826171875,126.2998275756836,3620116.75,185.39459228515625,4888.8798828125
2025-02-26,104.73999786376953,584.8733520507812,97.33495330810547,130.9376983642578,3620116.75,190.53439331054688,4990.81982421875
2025-02-27,99.51000213623047,575.570556640625,91.46755981445312,119.83672332763672,3620116.75,177.2884063720703,4686.75
2025-02-28,99.86000061035156,584.63818359375,93.27061462402344,124.59428405761719,3620116.75,176.7401580810547,4766.75
2025-03-03,98.2300033569336,574.6011962890625,90.19247436523438,113.76261138916016,3620116.75,169.33888244628906,4575.3701171875
2025-03-04,100.75,567.668212890625,90.84994506835938,115.68757629394531,3620116.75,176.22128295898438,4604.509765625
2025-03-05,101.66999816894531,573.8864135742188,93.97789001464844,116.99415588378906,3620116.75,180.4114227294922,4700.7900390625
2025-03-06,98.8499984741211,563.5848388671875,88.9273452758789,110.28170776367188,3620116.75,172.15841674804688,4487.85009765625
2025-03-07,100.30999755859375,566.4931640625,92.60319519042969,112.39618682861328,3620116.75,173.38218688964844,4629.58984375
2025-03-10,96.62999725341797,551.7362670898438,86.74575805664062,106.70106506347656,3620116.75,167.06756591796875,4405.08984375
2025-03-11,96.76000213623047,547.035888671875,88.70819854736328,108.47642517089844,3620116.75,167.380859375,4374.06982421875
2025-03-12,100.79000091552734,549.8169555664062,95.27289581298828,115.44884490966797,3620116.75,173.45069885253906,4481.02001953125
2025-03-13,98.11000061035156,542.5511474609375,94.51581573486328,115.28925323486328,3620116.75,167.9878387451172,4453.240234375
2025-03-14,100.97000122070312,553.8121948242188,100.40312957763672,121.36392211914062,3620116.75,170.4353485107422,4598.7900390625
2025-03-17,104.58999633789062,557.7780151367188,102.7142333984375,119.22930908203125,3620116.75,172.54022216796875,4663.97021484375
2025-03-18,103.51000213623047,551.9678955078125,101.32955169677734,115.1396255493164,3620116.75,170.15591430664062,4589.02978515625
2025-03-19,106.2300033569336,557.9400634765625,101.66825103759766,117.22435760498047,3620116.75,170.77508544921875,4634.52978515625
2025-03-20,107.13999938964844,556.6926879882812,102.60465240478516,118.23181915283203,3620116.75,174.4213409423828,4601.3701171875
2025-03-21,106.44000244140625,556.5355224609375,94.35643768310547,117.4039077758789,3620116.75,173.69406127929688,4557.9501953125
2025-03-24,113.8499984741211,566.4956665039062,96.56791687011719,121.1045913696289,3620116.75,178.0479736328125,4694.22021484375
2025-03-25,114.80999755859375,567.7137451171875,93.8185043334961,120.38638305664062,3620116.75,177.7924041748047,4661.33984375
2025-03-26,110.19000244140625,561.2896728515625,91.77637481689453,113.47382354736328,3620116.75,170.51953125,4508.740234375
2025-03-27,106.6500015258789,559.5216064453125,90.81009674072266,111.1496810913086,3620116.75,165.34991455078125,4415.25
2025-03-28,103.22000122070312,548.2254638671875,88.10053253173828,109.39411163330078,-453071.3125,162.41127014160156,4284.91015625
2025-03-31,102.73999786376953,551.9384765625,86.669189453125,108.10736083984375,-453071.3125,163.1483917236328,4270.43017578125
2025-04-01,102.77999877929688,553.7850952148438,88.48455047607422,109.87291717529297,-453071.3125,165.7430419921875,4282.4599609375
2025-04-02,102.95999908447266,557.1444702148438,88.37483978271484,110.14221954345703,-453071.3125,167.46295166015625,4320.75
2025-04-03,93.80000305175781,530.4954223632812,74.15107727050781,101.54390716552734,-453071.3125,154.6764678955078,3893.68994140625
2025-04-04,85.76000213623047,498.61090087890625,64.55552673339844,94.07275390625,-453071.3125,144.2781982421875,3597.659912109375
2025-04-07,83.63999938964844,497.4027099609375,68.19624328613281,97.39437103271484,-453071.3125,143.65904235839844,3694.949951171875
2025-04-08,78.20999908447266,489.9570617675781,65.37344360351562,96.05775451660156,-453071.3125,138.9414825439453,3562.93994140625
2025-04-09,96.83999633789062,536.56591796875,77.67210388183594,114.04239654541016,-453071.3125,156.02291870117188,4230.4501953125
2025-04-10,88.69999694824219,517.7161254882812,69.87197875976562,107.29939270019531,-453071.3125,148.53384399414062,3893.300048828125
2025-04-11,93.4000015258789,527.460205078125,69.37325286865234,110.65093994140625,-453071.3125,154.38162231445312,3990.89990234375
2025-04-14,94.5,531.9197387695312,70.83950805664062,110.43150329589844,-453071.3125,153.1629180908203,4003.219970703125
2025-04-15,95.29000091552734,530.61328125,70.85946655273438,111.9177474975586,-453071.3125,154.6273193359375,4021.889892578125
2025-04-16,88.29000091552734,518.7769775390625,69.15380859375,104.2271499633789,-453071.3125,149.06454467773438,3857.169921875
2025-04-17,87.5,519.2975463867188,68.62515258789062,101.23469543457031,-453071.3125,149.13336181640625,3832.469970703125
2025-04-21,85.55999755859375,507.2254333496094,66.57038879394531,96.66622161865234,-453071.3125,145.32000732421875,3751.909912109375
2025-04-22,86.26000213623047,519.9949951171875,70.03157806396484,98.64122772216797,-453071.3125,148.79917907714844,3832.050048828125
2025-04-23,90.38999938964844,528.3148193359375,72.74466705322266,102.45162200927734,-453071.3125,155.0990753173828,3983.919921875
2025-04-24,94.47000122070312,539.483154296875,77.2232437133789,106.16226196289062,-453071.3125,161.35963439941406,4208.18994140625
2025-04-25,96.6500015258789,543.3828125,79.57725524902344,110.73075103759766,-453071.3125,162.2638397216797,4251.60986328125
2025-04-28,96.38999938964844,543.6185913085938,78.36034393310547,108.45648193359375,-453071.3125,160.59304809570312,4235.6201171875
2025-04-29,96.05999755859375,547.076171875,76.68462371826172,108.74574279785156,-453071.3125,161.6544952392578,4196.75
2025-04-30,97.3499984741211,548.068359375,76.75444793701172,108.64599609375,-453071.3125,163.82655334472656,4230.08984375
2025-05-01,96.6500015258789,551.1624145507812,77.57235717773438,111.32923889160156,-453071.3125,169.7529296875,4247.66015625
2025-05-02,98.80000305175781,559.24658203125,80.51486206054688,114.21196746826172,-453071.3125,176.20025634765625,4397.0498046875
2025-05-05,100.58999633789062,556.1327514648438,80.21562957763672,113.53368377685547,-453071.3125,173.36973571777344,4356.18017578125
2025-05-06,98.62000274658203,551.5848388671875,80.3053970336914,113.25438690185547,-453071.3125,169.32049560546875,4311.2001953125
2025-05-07,100.36000061035156,553.7753295898438,82.41004943847656,116.7655258178711,-453071.3125,171.5416717529297,4386.35986328125
2025-05-08,101.69999694824219,557.272216796875,84.93360137939453,117.07474517822266,-453071.3125,172.20999145507812,4430.43994140625
2025-05-09,102.83999633789062,556.8399047851562,85.64180755615234,116.3565673828125,-453071.3125,173.4876708984375,4466.5
2025-05-12,108.12000274658203,575.326416015625,92.05545806884766,122.6905746459961,-453071.3125,183.76795959472656,4780.93017578125
2025-05-13,112.45999908447266,579.4813232421875,96.68367767333984,129.60313415527344,-453071.3125,190.65756225585938,4931.35009765625
2025-05-14,117.72000122070312,579.8153076171875,95.07776641845703,134.99954223632812,-453071.3125,191.41433715820312,4960.72998046875
2025-05-15,114.98999786376953,582.6638793945312,95.20743560791016,134.49082946777344,-453071.3125,190.88360595703125,4932.4501953125
2025-05-16,117.16999816894531,586.4553833007812,97.75094604492188,135.05938720703125,-453071.3125,190.88360595703125,4922.18994140625
2025-05-19,114.73999786376953,587.1920776367188,98.39929962158203,135.2289581298828,-453071.3125,190.1759796142578,4897.7099609375
2025-05-20,113.51000213623047,585.0115966796875,97.85069274902344,134.04196166992188,-453071.3125,190.12684631347656,4890.77978515625
2025-05-21,112.05999755859375,575.2870483398438,95.596435546875,131.4684600830078,-453071.3125,188.46585083007812,4802.7099609375
2025-05-22,110.70999908447266,575.3754272460938,94.5890121459961,132.495849609375,-453071.3125,192.81976318359375,4775.47021484375
2025-05-23,110.30999755859375,571.68212890625,93.13272094726562,130.959716796875,-453071.3125,188.6820831298828,4702.3798828125
2025-05-27,114.55999755859375,583.4105224609375,96.13506317138672,135.15911865234375,-453071.3125,194.2841796875,4861.08984375
2025-05-28,112.86000061035156,579.9724731445312,95.9355697631836,134.4708709716797,-453071.3125,192.77061462402344,4834.419921875
2025-05-29,113.02999877929688,582.27099609375,96.55400085449219,138.83984375,-453071.3125,193.76327514648438,4860.47998046875
2025-05-30,110.7300033569336,581.6521606445312,94.2199478149414,134.7900848388672,-453071.3125,189.9990692138672,4758.06005859375
2025-06-02,114.62999725341797,585.03125,97.93048858642578,137.034423828125,-453071.3125,191.49295043945312,4832.7900390625
2025-06-03,117.30999755859375,588.3118896484375,101.99014282226562,140.86474609375,-453071.3125,194.21536254882812,4964.41015625
2025-06-04,118.58000183105469,588.1548461914062,102.98760223388672,141.56300354003906,-453071.3125,198.92308044433594,5033.35009765625
2025-06-05,115.69000244140625,585.4142456054688,106.01988220214844,139.63784790039062,-453071.3125,199.84693908691406,5010.919921875
2025-06-06,116.19000244140625,591.3275146484375,108.28411102294922,141.36349487304688,-453071.3125,201.65533447265625,5038.06005859375
2025-06-09,121.7300033569336,591.887451171875,110.66802978515625,142.27122497558594,-453071.3125,203.44407653808594,5136.66015625
2025-06-10,123.23999786376953,595.2861328125,113.84992980957031,143.59783935546875,-453071.3125,208.81028747558594,5242.5
2025-06-11,121.13999938964844,593.5966186523438,115.7351303100586,142.48057556152344,-453071.3125,210.42210388183594,5232.52978515625
2025-06-12,118.5,595.7576293945312,115.88475036621094,144.64527893066406,-453071.3125,212.50343322753906,5249.14990234375
2025-06-13,116.16000366210938,589.15673828125,115.30622100830078,141.62269592285156,-453071.3125,208.23226928710938,5112.240234375
2025-06-16,126.38999938964844,594.9081420898438,119.53544616699219,144.33604431152344,-453071.3125,212.75003051757812,5267.2998046875
2025-06-17,127.0999984741211,589.9815063476562,120.03417205810547,143.76744079589844,-453071.3125,210.9942169189453,5223.64990234375
2025-06-18,126.79000091552734,589.843505859375,121.51041412353516,145.1240997314453,-453071.3125,210.59963989257812,5251.02001953125
2025-06-20,128.24000549316406,587.9121704101562,123.28589630126953,143.4980926513672,-453071.3125,206.66384887695312,5211.47998046875
2025-06-23,129.5800018310547,594.0902709960938,121.7697525024414,143.81732177734375,-453071.3125,207.46287536621094,5244.2998046875
2025-06-24,138.42999267578125,600.5738525390625,127.58494567871094,147.53817749023438,-453071.3125,217.10011291503906,5441.8701171875
2025-06-25,143.39999389648438,601.017333984375,126.9266128540039,153.93251037597656,-453071.3125,219.71414184570312,5493.2998046875
2025-06-26,143.67999267578125,605.746826171875,125.6797866821289,154.64076232910156,-453071.3125,220.9668731689453,5541.4599609375
2025-06-27,143.80999755859375,608.4072875976562,124.44293975830078,157.3640899658203,56356.140625,225.46495056152344,5544.990234375
2025-06-30,141.89999389648438,611.7968139648438,122.93677520751953,157.60353088378906,56356.140625,223.41319274902344,5546.5400390625
2025-07-01,136.11000061035156,611.5701293945312,120.58277893066406,152.92498779296875,56356.140625,221.62777709960938,5507.5
2025-07-02,138.52000427246094,614.2798461914062,121.43061828613281,156.86529541015625,56356.140625,230.42662048339844,5611.0498046875
2025-07-03,137.91000366210938,618.960205078125,121.97921752929688,158.95021057128906,56356.140625,231.61029052734375,5647.1201171875
2025-07-07,134.8000030517578,614.6838989257812,119.72782897949219,157.85292053222656,56356.140625,226.05679321289062,5541.2001953125
2025-07-08,137.82000732421875,614.1912231445312,124.22061920166016,159.60858154296875,56356.140625,224.7646026611328,5641.22021484375
2025-07-09,138.41000366210938,617.8369750976562,122.04412078857422,162.48155212402344,56356.140625,228.69052124023438,5665.990234375
2025-07-10,144.16000366210938,619.6302490234375,122.9127197265625,163.6985626220703,56356.140625,226.6387481689453,5708.27978515625
2025-07-11,146.4199981689453,617.255615234375,124.3304443359375,164.51654052734375,56356.140625,227.27008056640625,5696.2900390625
2025-07-14,146.24000549316406,618.5364990234375,118.41993713378906,163.6686248779297,56356.140625,225.56356811523438,5646.72021484375
2025-07-15,155.61000061035156,615.826904296875,119.91752624511719,170.28240966796875,56356.140625,233.73109436035156,5718.60986328125
2025-07-16,160.0800018310547,618.0537109375,116.2434310913086,170.9507598876953,56356.140625,234.3328094482422,5696.2099609375
2025-07-17,160.41000366210938,621.6797485351562,113.07850646972656,172.5767822265625,56356.140625,242.26358032226562,5737.64013671875
2025-07-18,156.99000549316406,621.423583984375,114.20669555664062,171.9882354736328,56356.140625,237.1342315673828,5732.6201171875
2025-07-21,157.0,622.468017578125,113.04855346679688,170.9607391357422,56356.140625,235.6053009033203,5739.419921875
2025-07-22,154.72000122070312,622.4779663085938,109.04498291015625,166.62139892578125,56356.140625,231.4130401611328,5638.7099609375
2025-07-23,158.64999389648438,627.9860229492188,109.65399932861328,170.36219787597656,56356.140625,237.065185546875,5637.7900390625
2025-07-24,162.1199951171875,628.2322998046875,111.55095672607422,173.3149871826172,56356.140625,238.31793212890625,5644.3701171875
2025-07-25,166.47000122070312,630.6759643554688,111.08171844482422,173.0755615234375,56356.140625,242.26358032226562,5645.85986328125
2025-07-28,173.66000366210938,630.5379638671875,111.07173156738281,176.31761169433594,56356.140625,239.4523162841797,5737.10009765625
2025-07-29,177.44000244140625,629.0402221679688,111.78058624267578,175.0806427001953,56356.140625,238.0515899658203,5739.7900390625
2025-07-30,179.50999450683594,628.163330078125,114.5561294555664,178.83143615722656,56356.140625,239.61012268066406,5787.31982421875
2025-07-31,176.30999755859375,625.591552734375,108.96510314941406,177.4348602294922,56356.140625,238.337646484375,5607.919921875
2025-08-01,171.6999969482422,615.491943359375,104.7119369506836,173.29502868652344,56356.140625,232.01473999023438,5527.60986328125
2025-08-04,176.77999877929688,624.8721923828125,107.59729766845703,179.55966186523438,56356.140625,235.7532501220703,5624.41015625
2025-08-05,174.30999755859375,621.8670043945312,108.8852310180664,177.8239288330078,56356.140625,229.3119659423828,5561.68994140625
2025-08-06,163.1199951171875,626.4684448242188,108.6056900024414,178.9810791015625,56356.140625,228.22689819335938,5550.2998046875
2025-08-07,172.39999389648438,626.1236572265625,111.69073486328125,180.32777404785156,56356.140625,239.32406616210938,5633.7001953125
2025-08-08,172.75999450683594,630.8631591796875,118.69947814941406,182.25303649902344,56356.140625,238.54478454589844,5678.02001953125
2025-08-11,172.27999877929688,629.6116943359375,123.52174377441406,181.6146240234375,56356.140625,238.80126953125,5670.3701171875
2025-08-12,174.9499969482422,636.2726440429688,127.5452880859375,182.71194458007812,56356.140625,240.9713897705078,5840.08984375
2025-08-13,184.4199981689453,638.6078491210938,124.07085418701172,181.145751953125,56356.140625,238.16009521484375,5892.60986328125
2025-08-14,180.9499969482422,638.6276245117188,125.08922576904297,181.57472229003906,56356.140625,237.72608947753906,5885.490234375
2025-08-15,177.50999450683594,637.1890258789062,120.67630767822266,180.00856018066406,56356.140625,235.63487243652344,5752.740234375
2025-08-18,176.13999938964844,636.8934936523438,123.35201263427734,181.56472778320312,56356.140625,238.13050842285156,5776.31005859375
2025-08-19,166.5500030517578,633.5236206054688,121.85441589355469,175.2103271484375,56356.140625,229.53880310058594,5671.509765625
2025-08-20,165.1999969482422,631.8287353515625,117.02217864990234,174.9709014892578,56356.140625,225.49452209472656,5630.81982421875
2025-08-21,163.7100067138672,629.3358154296875,115.60444641113281,174.55194091796875,56356.140625,224.24179077148438,5603.259765625
2025-08-22,167.75999450683594,638.9921875,117.49142456054688,177.55459594726562,56356.140625,229.8248748779297,5754.4599609375
2025-08-25,163.36000061035156,636.1741333007812,116.23344421386719,179.3701171875,56356.140625,232.3895721435547,5756.2998046875
2025-08-26,166.6199951171875,638.7557373046875,116.31330871582031,181.32533264160156,56356.140625,235.47703552246094,5807.919921875
2025-08-27,167.1300048828125,640.2730712890625,117.56130981445312,181.15576171875,56356.140625,236.039306640625,5824.60986328125
2025-08-28,168.5800018310547,642.578857421875,121.80449676513672,179.729248046875,56356.140625,235.03317260742188,5853.0498046875
2025-08-29,162.6300048828125,638.8148193359375,118.81929779052734,173.75390625,56356.140625,227.73365783691406,5668.93994140625
2025-09-02,162.32000732421875,633.9867553710938,118.29014587402344,170.36219787597656,56356.140625,225.28736877441406,5605.4599609375
2025-09-03,162.1300048828125,637.39599609375,118.5297622680664,170.20260620117188,56356.140625,228.2466278076172,5592.81982421875
2025-09-04,161.7899932861328,642.6477661132812,124.01095581054688,171.2400665283203,56356.140625,232.01473999023438,5667.85986328125
2025-09-05,151.13999938964844,640.9332885742188,131.15948486328125,166.61141967773438,56356.140625,240.10336303710938,5761.39990234375
2025-09-08,151.41000366210938,642.5592041015625,131.2493438720703,167.8982696533203,56356.140625,243.83200073242188,5809.60986328125
2025-09-09,155.82000732421875,644.0370483398438,135.02328491210938,170.34225463867188,56356.140625,247.51132202148438,5819.830078125
2025-09-10,159.5399932861328,645.8796997070312,139.77565002441406,176.89617919921875,56356.140625,256.9020080566406,5958.08984375
2025-09-11,155.6699981689453,651.2597045898438,150.32872009277344,176.74656677246094,56356.140625,255.39276123046875,5995.39013671875
2025-09-12,158.57000732421875,651.032958984375,156.97804260253906,177.39498901367188,56356.140625,255.80706787109375,6001.740234375
2025-09-15,161.16000366210938,654.4324951171875,157.5171661376953,177.3251495361328,56356.140625,257.8292541503906,6059.830078125
2025-09-16,160.4600067138672,653.567626953125,158.5655059814453,174.46202087402344,56356.140625,259.31549072265625,6079.22021484375
2025-09-17,159.16000366210938,652.84619140625,159.73362731933594,169.8829803466797,56356.140625,260.037841796875,6060.22021484375
2025-09-18,157.9199981689453,655.9396362304688,168.61935424804688,175.81878662109375,56356.140625,265.82659912109375,6278.16015625
2025-09-19,157.38999938964844,659.0725708007812,162.46922302246094,176.2477264404297,56356.140625,262.0960388183594,6232.25
2025-09-22,159.7899932861328,662.2450561523438,164.356201171875,183.17115783691406,56356.140625,269.7747802734375,6330.1201171875
2025-09-23,160.89999389648438,658.7068481445312,166.14332580566406,178.0035400390625,56356.140625,279.7492370605469,6308.2099609375
2025-09-24,160.8800048828125,656.4931030273438,161.4508819580078,176.54701232910156,56356.140625,277.7701721191406,6297.0
2025-09-25,161.27000427246094,653.4886474609375,156.5786895751953,177.26531982421875,56356.140625,273.7625732421875,6284.669921875
2025-09-26,159.4600067138672,657.1157836914062,157.0179901123047,177.7641143798828,56356.140625,270.49713134765625,6305.0498046875
2025-09-29,161.36000061035156,658.9638061523438,163.63735961914062,181.41537475585938,-6946.12255859375,270.3684997558594,6315.10986328125
2025-09-30,161.7899932861328,661.4741821289062,167.0518798828125,186.13404846191406,-6946.12255859375,276.36505126953125,6369.81982421875
2025-10-01,164.00999450683594,663.9844360351562,181.85809326171875,186.79248046875,-6946.12255859375,285.4488830566406,6500.27978515625
2025-10-02,169.72999572753906,664.6367797851562,183.45555114746094,188.43853759765625,-6946.12255859375,285.0926818847656,6626.3798828125
2025-10-03,164.6699981689453,664.5576171875,187.64645385742188,187.1715545654297,-6946.12255859375,289.12994384765625,6583.740234375
2025-10-06,203.7100067138672,666.9988403320312,190.7733917236328,185.09654235839844,-6946.12255859375,299.2330017089844,6774.06005859375
2025-10-07,211.50999450683594,664.5576171875,185.508544921875,184.5977325439453,-6946.12255859375,290.9506530761719,6634.759765625
2025-10-08,235.55999755859375,668.5109252929688,196.34793090820312,188.6580047607422,-6946.12255859375,301.330810546875,6860.2001953125
2025-10-09,232.88999938964844,666.6331787109375,192.1420440673828,192.1097412109375,-6946.12255859375,296.7394104003906,6840.2001953125
2025-10-10,214.89999389648438,648.5272827148438,181.4225311279297,182.7222442626953,-6946.12255859375,277.7206726074219,6407.60009765625
2025-10-13,216.4199981689453,658.4400634765625,192.58163452148438,187.86990356445312,-6946.12255859375,299.7178955078125,6723.47021484375
2025-10-14,218.08999633789062,657.6987915039062,186.877197265625,179.59970092773438,-6946.12255859375,292.8406677246094,6570.330078125
2025-10-15,238.60000610351562,660.4661254882812,191.75242614746094,179.4001922607422,-6946.12255859375,301.5188293457031,6767.06005859375
2025-10-16,234.55999755859375,656.21630859375,202.3320770263672,181.37545776367188,-6946.12255859375,296.6998291015625,6800.02001953125
2025-10-17,233.0800018310547,659.8829956054688,202.18223571777344,182.78208923339844,-6946.12255859375,291.9896545410156,6777.97998046875
2025-10-20,240.55999755859375,666.7023315429688,206.5679473876953,182.20347595214844,-6946.12255859375,294.58221435546875,6885.02978515625
2025-10-21,238.02999877929688,666.5441284179688,202.09231567382812,180.7270050048828,-6946.12255859375,291.4256896972656,6839.27001953125
2025-10-22,230.22999572753906,663.3123168945312,198.2760467529297,179.84910583496094,-6946.12255859375,285.8546142578125,6677.56982421875
2025-10-23,234.99000549316406,667.0778198242188,206.50799560546875,181.72462463378906,-6946.12255859375,287.68524169921875,6847.39013671875
2025-10-24,252.9199981689453,672.56298828125,218.8059844970703,185.81480407714844,-6946.12255859375,291.87091064453125,6976.93994140625
2025-10-27,259.6700134277344,680.5484619140625,219.8849334716797,191.03231811523438,-6946.12255859375,295.12652587890625,7167.97998046875
2025-10-28,258.010009765625,682.2681884765625,221.69314575195312,200.54953002929688,-6946.12255859375,298.3721618652344,7194.7099609375
2025-10-29,264.3299865722656,682.6338500976562,226.40853881835938,206.545166015625,-6946.12255859375,301.89483642578125,7327.93017578125
2025-10-30,254.83999633789062,675.2412719726562,223.79107666015625,202.4050750732422,-6946.12255859375,300.0444030761719,7216.0
2025-10-31,256.1199951171875,677.2178955078125,223.55133056640625,202.00604248046875,-6946.12255859375,297.28363037109375,7228.66015625
2025-11-03,259.6499938964844,678.6608276367188,234.47064208984375,206.38552856445312,-6946.12255859375,301.667236328125,7270.97021484375
2025-11-04,250.0500030517578,670.8729858398438,217.81692504882812,198.21510314941406,-6946.12255859375,290.970458984375,6979.56982421875
2025-11-05,256.3299865722656,672.9483642578125,237.2678985595703,194.74343872070312,-6946.12255859375,290.56475830078125,7190.27001953125
2025-11-06,237.6999969482422,665.6448974609375,238.0970916748047,187.63047790527344,-6946.12255859375,286.2108154296875,7018.39013671875
2025-11-07,233.5399932861328,666.4552001953125,237.6875,187.7003173828125,-11156.5947265625,283.4995422363281,6947.35986328125
2025-11-10,243.97999572753906,676.8126831054688,253.05245971679688,198.5742645263672,-11156.5947265625,292.1776428222656,7156.9501953125
2025-11-11,237.52000427246094,678.1370239257812,240.8743896484375,192.69833374023438,-11156.5947265625,288.1206359863281,6979.7001953125
2025-11-12,258.8900146484375,678.6113891601562,244.66065979003906,193.33680725097656,-11156.5947265625,287.5763854980469,7082.1298828125
2025-11-13,247.9600067138672,667.55224609375,236.71844482421875,186.4133758544922,-11156.5947265625,279.2445983886719,6818.740234375
2025-11-14,246.80999755859375,667.4139404296875,246.58877563476562,189.71548461914062,-11156.5947265625,281.8371276855469,6811.2001953125
2025-11-17,240.52000427246094,661.1677856445312,241.7135772705078,186.1540069580078,-11156.5947265625,279.05657958984375,6705.740234375
2025-11-18,230.2899932861328,655.6925659179688,228.27670288085938,180.92652893066406,-11156.5947265625,274.99951171875,6551.02978515625
2025-11-19,223.5500030517578,658.163330078125,225.69923400878906,186.07418823242188,-11156.5947265625,279.41278076171875,6670.02978515625
2025-11-20,206.02000427246094,648.1023559570312,201.17320251464844,180.208251953125,-11156.5947265625,274.5937805175781,6352.06982421875
2025-11-21,203.77999877929688,654.5362548828125,207.16734313964844,178.4524688720703,-11156.5947265625,272.1793212890625,6406.43017578125
2025-11-24,215.0500030517578,664.201904296875,223.71116638183594,182.1136932373047,-11156.5947265625,281.6590270996094,6703.2001953125
2025-11-25,206.1300048828125,670.447998046875,224.31057739257812,177.39498901367188,-11156.5947265625,281.6986083984375,6714.18017578125
2025-11-26,214.24000549316406,675.0732421875,230.03497314453125,179.82916259765625,-11156.5947265625,286.92327880859375,6899.4599609375
2025-11-28,217.52999877929688,678.8485717773438,236.2489013671875,176.5769500732422,-11156.5947265625,288.4570617675781,7025.14990234375
2025-12-01,219.75999450683594,675.666259765625,240.22503662109375,179.489990234375,-11156.5947265625,284.6671447753906,7020.52978515625
2025-12-02,215.24000549316406,676.8225708007812,239.25596618652344,181.0262908935547,-11156.5947265625,289.0309753417969,7149.47021484375
2025-12-03,217.60000610351562,679.2241821289062,233.93118286132812,179.1607666015625,-11156.5947265625,292.3558349609375,7280.509765625
2025-12-04,215.97999572753906,679.8072509765625,226.4285125732422,182.951904296875,-11156.5947265625,289.8621826171875,7215.97021484375
2025-12-05,217.97000122070312,681.0525512695312,236.98818969726562,181.98416137695312,-11156.5947265625,291.6334533691406,7294.83984375
2025-12-08,221.11000061035156,679.0264892578125,246.6787109375,185.11683654785156,-11156.5947265625,298.70855712890625,7375.22021484375
2025-12-09,221.6199951171875,678.4829711914062,252.17333984375,184.53817749023438,-11156.5947265625,300.2324523925781,7372.509765625
2025-12-10,221.4199981689453,682.8413696289062,263.4522705078125,183.35096740722656,-11156.5947265625,306.8919982910156,7467.490234375
2025-12-11,221.42999267578125,684.4918823242188,258.2074279785156,180.50759887695312,-11156.5947265625,302.4717102050781,7411.47998046875
2025-12-12,210.77999877929688,677.1585693359375,240.90435791015625,174.6114044189453,-11156.5947265625,289.76165771484375,7033.56982421875
2025-12-15,207.5800018310547,676.1505126953125,237.2678985595703,175.87843322753906,-11156.5947265625,285.4952087402344,6990.41015625
2025-12-16,209.1699981689453,674.2700805664062,232.28277587890625,177.30511474609375,-11156.5947265625,284.6319885253906,6958.43994140625
2025-12-17,198.11000061035156,666.90087890625,225.29962158203125,170.5409393310547,-11156.5947265625,274.7992858886719,6695.31005859375
2025-12-18,201.05999755859375,671.94921875,248.30711364746094,173.73345947265625,-11156.5947265625,282.4590759277344,6863.6298828125
2025-12-19,213.42999267578125,677.89013671875,265.66015625,180.56747436523438,-11156.5947265625,286.6957702636719,7067.8701171875
2025-12-22,214.9499969482422,682.1946411132812,276.3197021484375,183.26116943359375,-11156.5947265625,290.9919738769531,7145.56982421875
2025-12-23,214.89999389648438,685.308837890625,276.0000305175781,188.76828002929688,-11156.5947265625,294.63336181640625,7184.5400390625
2025-12-24,215.0399932861328,687.7090454101562,286.39984130859375,188.169677734375,-11156.5947265625,296.4689025878906,7204.3701171875
2025-12-26,214.99000549316406,687.590087890625,284.5116882324219,190.085205078125,-11156.5947265625,300.4773864746094,7207.64013671875
2025-12-29,215.61000061035156,685.2493896484375,294.2011413574219,187.7805938720703,1452.747802734375,298.5723876953125,7178.27001953125
2025-12-30,215.33999633789062,684.2673950195312,292.4621276855469,187.1021728515625,1452.747802734375,297.2427978515625,7169.10009765625
2025-12-31,214.16000366210938,679.3283081054688,285.24627685546875,186.0646209716797,1452.747802734375,301.51922607421875,7083.1298828125
2026-01-02,223.47000122070312,680.5680541992188,315.23907470703125,188.4091339111328,1452.747802734375,317.1165466308594,7367.47021484375
2026-01-05,221.0800018310547,685.1303100585938,311.970947265625,187.6808319091797,1452.747802734375,319.7359619140625,7446.4501953125
2026-01-06,214.35000610351562,689.1967163085938,343.23297119140625,186.80288696289062,1452.747802734375,324.87554931640625,7650.93017578125
2026-01-07,210.02000427246094,686.9552612304688,339.355224609375,188.66851806640625,1452.747802734375,316.1938171386719,7574.8701171875
2026-01-08,204.67999267578125,686.8759765625,326.8323974609375,184.60801696777344,1452.747802734375,315.529052734375,7436.10009765625
2026-01-09,203.1699981689453,691.3688354492188,344.8920593261719,184.42843627929688,1452.747802734375,321.1051940917969,7638.77978515625
2026-01-12,207.69000244140625,692.5093383789062,345.6716003417969,184.5082550048828,1452.747802734375,329.18170166015625,7674.83984375
2026-01-13,220.97000122070312,691.1605224609375,337.93603515625,185.376220703125,1452.747802734375,328.6260681152344,7747.990234375
2026-01-14,223.60000610351562,687.8081665039062,333.1587829589844,182.71243286132812,1452.747802734375,324.55804443359375,7701.47021484375
2026-01-15,227.9199981689453,689.6232299804688,336.4368896484375,186.6133270263672,1452.747802734375,338.9747314453125,7837.2998046875
2026-01-16,231.8300018310547,688.9685668945312,362.54193115234375,185.79522705078125,1452.747802734375,339.728759765625,7927.41015625
2026-01-20,231.9199981689453,675.0238037109375,364.7906494140625,177.65428161621094,1452.747802734375,324.607666015625,7794.18994140625
2026-01-21,249.8000030517578,682.6806030273438,388.88677978515625,182.8920440673828,1452.747802734375,323.5757751464844,8042.06982421875
2026-01-22,253.72999572753906,686.2907104492188,397.3518981933594,184.40847778320312,1452.747802734375,324.8160400390625,8055.169921875
2026-01-23,259.67999267578125,686.5684204101562,399.4207458496094,187.23187255859375,1452.747802734375,332.25750732421875,7957.93017578125
2026-01-26,251.30999755859375,690.1885375976562,388.8667907714844,186.03468322753906,1452.747802734375,330.1143798828125,7927.0400390625
2026-01-27,252.02999877929688,692.9259643554688,410.0046691894531,188.07989501953125,1452.747802734375,335.700439453125,8117.18017578125
2026-01-28,252.74000549316406,692.9755859375,435.03033447265625,191.07289123535156,1452.747802734375,339.6295471191406,8306.740234375
2026-01-29,252.17999267578125,691.3787231445312,435.5400390625,192.06057739257812,1452.747802734375,336.9010009765625,8320.3896484375
2026-01-30,236.72999572753906,689.3356323242188,414.6419982910156,190.68380737304688,1452.747802734375,327.98114013671875,7998.47021484375
2026-02-02,246.27000427246094,692.81689453125,437.5488586425781,185.17669677734375,1452.747802734375,338.6968688964844,8134.490234375
2026-02-03,242.11000061035156,686.8958129882812,419.19940185546875,179.91897583007812,1452.747802734375,333.1306457519531,7966.330078125
2026-02-04,200.19000244140625,683.6426391601562,379.182373046875,173.78334045410156,1452.747802734375,323.19873046875,7619.16015625
2026-02-05,192.5,674.9445190429688,382.6703796386719,171.47872924804688,1452.747802734375,328.1498107910156,7614.64013671875
2026-02-06,208.44000244140625,688.0958862304688,394.4635925292969,184.97714233398438,1452.747802734375,346.12847900390625,8048.6201171875
2026-02-09,216.0,691.3787231445312,383.2799987792969,189.59634399414062,1452.747802734375,352.63726806640625,8162.580078125
2026-02-10,213.57000732421875,689.45458984375,373.035888671875,188.09983825683594,1452.747802734375,359.0865478515625,8107.1298828125
2026-02-11,213.5800018310547,689.35546875,410.1046142578125,189.6063232421875,1452.747802734375,371.1715393066406,8291.8603515625
2026-02-12,205.94000244140625,678.7232666015625,413.7325439453125,186.5035858154297,1452.747802734375,365.228271484375,8084.7001953125
2026-02-13,207.32000732421875,679.1497192382812,411.4238586425781,182.3832244873047,1452.747802734375,363.5018615722656,8137.85986328125
2026-02-17,203.0800018310547,680.220947265625,399.5506591796875,184.53817749023438,1452.747802734375,361.3587341308594,8136.0498046875
2026-02-18,200.1199951171875,683.7020874023438,420.70855712890625,187.5411376953125,1452.747802734375,359.433837890625,8214.349609375
2026-02-19,203.3699951171875,682.0457763671875,417.110595703125,187.46133422851562,1452.747802734375,357.57843017578125,8173.2998046875
2026-02-20,200.14999389648438,686.8263549804688,427.92437744140625,189.3768768310547,1452.747802734375,367.64923095703125,8260.419921875
2026-02-23,196.60000610351562,679.8737182617188,420.7285461425781,191.1028289794922,1452.747802734375,367.15313720703125,8213.4599609375
2026-02-24,213.83999633789062,684.8526611328125,417.7702331542969,192.39979553222656,1452.747802734375,382.7405700683594,8332.33984375
2026-02-25,210.86000061035156,690.5455932617188,428.75390625,195.10345458984375,1452.747802734375,384.70513916015625,8467.4296875
2026-02-26,203.67999267578125,686.737060546875,415.3216247558594,184.45835876464844,1452.747802734375,373.8703308105469,8197.259765625
2026-02-27,200.2100067138672,683.73193359375,412.1334533691406,176.77635192871094,1452.747802734375,371.65771484375,8098.3701171875
2026-03-02,198.6199951171875,683.8013916015625,412.43328857421875,182.0540008544922,1452.747802734375,366.2303466796875,8137.35986328125
2026-03-03,190.9499969482422,677.7711181640625,379.46221923828125,179.62965393066406,1452.747802734375,350.37506103515625,7764.8798828125
2026-03-04,202.07000732421875,682.6409301757812,400.5400695800781,182.61268615722656,1452.747802734375,354.6514587402344,7914.47998046875
2026-03-05,199.4499969482422,678.852294921875,396.8222351074219,182.9119873046875,1452.747802734375,351.099365234375,7821.759765625
2026-03-06,192.42999267578125,669.866455078125,370.08758544921875,177.40487670898438,1452.747802734375,336.24615478515625,7514.740234375
2026-03-09,202.67999267578125,675.7676391601562,389.0966796875,182.2235870361328,1452.747802734375,345.9796447753906,7810.39990234375
2026-03-10,203.22999572753906,674.5477294921875,402.8787536621094,184.33865356445312,1452.747802734375,344.3821716308594,7865.1201171875
2026-03-11,204.8300018310547,673.82373046875,418.4498291015625,185.60574340820312,1452.747802734375,351.79388427734375,7914.56982421875
2026-03-12,197.74000549316406,663.4692993164062,405.1174621582031,182.72235107421875,1452.747802734375,334.0831604003906,7643.169921875
2026-03-13,193.38999938964844,659.75,425.8855895996094,179.83892822265625,1452.747802734375,335.670654296875,7646.64013671875
2026-03-16,196.5800018310547,666.405029296875,441.54656982421875,182.8021697998047,1452.747802734375,337.5757141113281,7796.240234375
2026-03-17,196.30999755859375,668.2586669921875,461.4251403808594,181.5150909423828,1452.747802734375,344.2481384277344,7836.830078125
2026-03-18,199.4600067138672,659.1693725585938,461.46514892578125,179.98858642578125,1452.747802734375,337.8702392578125,7795.1298828125
2026-03-19,205.27000427246094,657.2600708007812,444.01513671875,178.1527862548828,1452.747802734375,337.0941467285156,7863.2998046875
2026-03-20,201.3300018310547,647.6835327148438,422.65740966796875,172.30613708496094,1452.747802734375,327.5919189453125,7670.60986328125
2026-03-23,202.67999267578125,654.6844482421875,404.1180419921875,175.23944091796875,1452.747802734375,336.7558288574219,7773.1298828125
2026-03-24,205.3699951171875,652.586181640625,395.3031311035156,174.80044555664062,1452.747802734375,341.5318298339844,7872.7099609375
2026-03-25,220.27000427246094,656.0767211914062,381.8708190917969,178.2725067138672,1452.747802734375,346.00927734375,7967.75
2026-03-26,203.77000427246094,644.4118041992188,355.256103515625,170.8494873046875,1452.747802734375,324.4775695800781,7585.8701171875
2026-03-27,201.99000549316406,633.4530029296875,357.0151062011719,167.13795471191406,1452.747802734375,325.10443115234375,7457.669921875
2026-03-30,196.0399932861328,631.4044189453125,321.75048828125,164.79331970214844,-308.7900085449219,314.91571044921875,7142.330078125
2026-03-31,203.42999267578125,649.5829467773438,337.7880554199219,174.0022735595703,-308.7900085449219,336.2583312988281,7588.2001953125
2026-04-01,210.2100067138672,654.406005859375,367.7934265136719,175.3491973876953,-308.7900085449219,339.7806091308594,7802.31005859375
2026-04-02,217.5,655.301025390625,366.18365478515625,176.98544311523438,-308.7900085449219,337.3428955078125,7833.39013671875
2026-04-06,220.17999267578125,658.1848754882812,377.701904296875,177.23487854003906,-308.7900085449219,340.04925537109375,7916.10986328125
2026-04-07,221.52999877929688,658.7020263671875,377.52191162109375,177.69383239746094,-308.7900085449219,343.5914611816406,8003.8701171875
2026-04-08,231.82000732421875,675.2197875976562,406.6674499511719,181.66476440429688,-308.7900085449219,364.06842041015625,8510.919921875
2026-04-09,236.63999938964844,679.2174682617188,421.4451904296875,183.49058532714844,-308.7900085449219,363.66046142578125,8689.5302734375
2026-04-10,245.0399932861328,678.82958984375,420.52532958984375,188.1998291015625,-308.7900085449219,368.7449035644531,8889.830078125
2026-04-13,246.8300018310547,685.711181640625,426.4944152832031,188.87826538085938,-308.7900085449219,367.7200622558594,9039.51953125
2026-04-14,255.07000732421875,693.8159790039062,465.5884094238281,196.0618438720703,-308.7900085449219,377.9884033203125,9224.1201171875
2026-04-15,258.1199951171875,699.2854614257812,456.15985107421875,198.41647338867188,-308.7900085449219,373.2223815917969,9239.2900390625
2026-04-16,278.260009765625,700.8268432617188,457.1596984863281,197.8976593017578,-308.7900085449219,361.53118896484375,9329.349609375
2026-04-17,278.3900146484375,709.39892578125,455.0000305175781,201.2200469970703,-308.7900085449219,368.6454162597656,9555.8798828125
2026-04-20,274.95001220703125,708.1360473632812,448.3510437011719,201.59918212890625,-308.7900085449219,364.4067077636719,9599.2099609375
2026-04-21,284.489990234375,703.3029174804688,449.3109130859375,199.42417907714844,-308.7900085449219,366.2375183105469,9647.2099609375
2026-04-22,303.4599914550781,710.59228515625,487.4050598144531,202.03819274902344,-308.7900085449219,385.5006103515625,9909.26953125
2026-04-23,305.3299865722656,707.7879028320312,481.64593505859375,199.18470764160156,-308.7900085449219,380.7445068359375,10078.5703125
2026-04-24,347.80999755859375,713.2971801757812,496.64361572265625,207.79502868652344,-308.7900085449219,400.4454345703125,10513.66015625
2026-04-27,334.6300048828125,714.5104370117188,524.4793090820312,216.1160125732422,-308.7900085449219,402.95281982421875,10408.0400390625
2026-04-28,323.2099914550781,710.9900512695312,504.21246337890625,212.68385314941406,-308.7900085449219,390.3760681152344,10035.580078125
2026-04-29,337.1099853515625,710.9204711914062,518.3803100585938,208.77279663085938,-308.7900085449219,391.8586120605469,10271.2998046875
2026-04-30,354.489990234375,718.0606079101562,517.0804443359375,199.11488342285156,-308.7900085449219,394.07745361328125,10503.7001953125
2026-05-01,360.5400085449219,719.9898071289062,542.1266479492188,197.99742126464844,-308.7900085449219,395.6794128417969,10595.33984375
2026-05-04,341.5400085449219,717.3843994140625,576.3613891601562,198.02734375,-308.7900085449219,399.59967041015625,10534.66015625
2026-05-05,355.260009765625,722.9432983398438,640.1015625,196.05186462402344,-308.7900085449219,392.4356994628906,10980.580078125
2026-05-06,421.3900146484375,733.3153686523438,666.487548828125,207.3560333251953,-308.7900085449219,417.400146484375,11472.75
2026-05-07,408.4599914550781,730.8790283203125,646.5305786132812,211.01766967773438,-308.7900085449219,412.076904296875,11160.990234375
2026-05-08,455.19000244140625,736.8556518554688,746.6951293945312,214.709228515625,-308.7900085449219,409.6192626953125,11775.5
2026-05-11,458.7900085449219,738.625732421875,795.2077026367188,218.93955993652344,-308.7900085449219,402.5150146484375,12081.0400390625
2026-05-12,448.2900085449219,737.4920654296875,766.462158203125,220.27650451660156,-308.7900085449219,395.2913513183594,11717.259765625
2026-05-13,445.5,741.59912109375,803.5064086914062,225.3149871826172,-308.7900085449219,397.7987365722656,12017.98046875
2026-05-14,449.70001220703125,747.3868408203125,775.8906860351562,235.202392578125,-308.7900085449219,415.6290588378906,12073.7802734375
2026-05-15,424.1000061035156,738.3274536132812,724.5485229492188,224.80616760253906,-308.7900085449219,402.3259582519531,11588.4599609375
2026-05-18,420.989990234375,737.7903442382812,681.4351806640625,221.81300354003906,-308.7900085449219,393.968017578125,11302.51953125
2026-05-19,414.04998779296875,733.0966186523438,698.632568359375,220.1068878173828,-308.7900085449219,390.64471435546875,11305.5
2026-05-20,447.5799865722656,740.6544189453125,731.87744140625,222.9603729248047,-308.7900085449219,399.609619140625,11813.2900390625
2026-05-21,449.5899963378906,742.0366821289062,761.9827880859375,219.0093994140625,-308.7900085449219,405.1119384765625,11964.080078125
2026-05-22,467.510009765625,744.9802856445312,750.884521484375,214.83892822265625,-308.7900085449219,402.4950866699219,12202.5400390625
2026-05-26,503.8900146484375,749.8431396484375,895.7422485351562,214.37001037597656,-308.7900085449219,410.2560729980469,12876.91015625
2026-05-27,495.5400085449219,749.9822998046875,928.2672119140625,212.1151580810547,-308.7900085449219,420.61395263671875,12702.1904296875
2026-05-28,518.0900268554688,753.9601440429688,923.3779907226562,213.76138305664062,-308.7900085449219,422.7332763671875,12829.1396484375
2026-05-29,516.0999755859375,755.8296508789062,970.8507080078125,210.6584930419922,-308.7900085449219,416.35540771484375,12829.3798828125
2026-06-01,510.1300048828125,757.7887573242188,1035.3408203125,223.8483428955078,-308.7900085449219,433.44940185546875,12965.650390625
2026-06-02,521.5399780273438,758.8229370117188,1063.936279296875,222.3118438720703,-308.7900085449219,444.45404052734375,13726.26953125
2026-06-03,542.52001953125,753.0452270507812,1079.4039306640625,214.26025390625,-308.7900085449219,434.50408935546875,13916.9599609375
2026-06-04,523.2000122070312,756.6053466796875,995.8468627929688,218.4156036376953,-308.7900085449219,442.6929016113281,13617.5
2026-06-05,466.3800048828125,736.7958984375,863.8771362304688,204.87075805664062,-308.7900085449219,413.091796875,12220.759765625
2026-06-08,490.3299865722656,738.5361938476562,949.134033203125,208.40679931640625,-308.7900085449219,424.66357421875,12906.6904296875
2026-06-09,475.510009765625,736.6368408203125,935.74609375,207.95730590820312,-308.7900085449219,425.7779846191406,12657.8095703125
2026-06-10,452.3999938964844,724.8724975585938,891.7428588867188,200.19598388671875,-308.7900085449219,406.70391845703125,12206.4599609375
2026-06-11,488.45001220703125,736.9351806640625,995.7168579101562,204.64100646972656,-308.7900085449219,419.94342041015625,13171.4404296875
2026-06-12,511.57000732421875,741.0025024414062,981.4590454101562,204.96066284179688,-308.7900085449219,422.7957458496094,13371.4697265625
2026-06-15,547.260009765625,754.17041015625,1087.8226318359375,212.21253967285156,-308.7900085449219,440.2190246582031,14099.6201171875
2026-06-16,507.2900085449219,749.8429565429688,1020.60302734375,207.1781768798828,-308.7900085449219,424.690673828125,13294.2197265625
2026-06-17,512.47998046875,740.4700317382812,1043.029541015625,204.42124938964844,-308.7900085449219,430.9937744140625,13477.0703125
2026-06-18,537.3699951171875,747.9483642578125,1133.8155517578125,210.4545135498047,-308.7900085449219,460.8835754394531,14341.7802734375
2026-06-22,551.6300048828125,745.6251220703125,1211.1937255859375,208.41677856445312,-308.7900085449219,466.4187316894531,14634.7197265625
2026-06-23,519.8499755859375,735.0158081054688,1051.6082763671875,199.81640625,-308.7900085449219,435.2224426269531,13482.509765625
2026-06-24,519.739990234375,734.537109375,1048.3487548828125,198.77757263183594,-308.7900085449219,439.6505432128906,13458.2001953125
2026-06-25,532.5700073242188,734.3776245117188,1213.3734130859375,195.52122497558594,-308.7900085449219,433.826171875,13940.8701171875
2026-06-26,521.5800170898438,728.0658569335938,1132.1558837890625,192.31480407714844,-308.7900085449219,431.1932373046875,13203.5703125
2026-06-29,539.489990234375,742.0454711914062,1145.1038818359375,194.7520751953125,65.20999908447266,453.88238525390625,13709.66015625
2026-06-30,580.9099731445312,746.73193359375,1154.112548828125,199.86634826660156,65.20999908447266,476.2922668457031,14246.9599609375
2026-07-01,540.8800048828125,746.9412841796875,1032.121337890625,197.35916137695312,65.20999908447266,443.0414733886719,13353.2802734375
2026-07-02,517.8200073242188,746.2732543945312,975.4099731445312,194.61224365234375,65.20999908447266,432.9983825683594,12626.2197265625
2026-07-06,552.0499877929688,752.5850219726562,984.75,195.33143615722656,65.20999908447266,450.58123779296875,12900.1396484375
2026-07-07,516.1099853515625,748.9156494140625,938.3800048828125,196.7098846435547,65.20999908447266,431.41265869140625,12300.51953125
2026-07-08,517.4099731445312,746.9014282226562,948.7999877929688,203.891845703125,65.20999908447266,435.81085205078125,12574.9697265625
2026-07-09,546.719970703125,752.8741455078125,991.6400146484375,202.5533447265625,65.20999908447266,435.7908935546875,12960.0
2026-07-10,557.8900146484375,755.9253540039062,979.2999877929688,210.72421264648438,65.20999908447266,432.9485168457031,12967.16015625
2026-07-13,534.3900146484375,750.4113159179688,937.0,203.30250549316406,65.20999908447266,420.4520263671875,12347.7802734375
2026-07-14,548.1300048828125,752.9439697265625,983.1199951171875,211.5632781982422,65.20999908447266,419.2652587890625,12661.9296875
2026-07-15,529.1400146484375,756.2045288085938,904.280029296875,212.26248168945312,65.20999908447266,418.357666015625,12398.8896484375
2026-07-16,500.94000244140625,752.2459716796875,853.2000122070312,207.16818237304688,65.20999908447266,408.6437072753906,11867.5
2026-07-17,495.760009765625,744.568115234375,848.9500122070312,202.58331298828125,65.20999908447266,397.30413818359375,11673.8896484375
2026-07-20,503.57000732421875,743.2120971679688,865.4600219726562,203.05279541015625,65.20999908447266,401.2236328125,11743.849609375
2026-07-21,544.4299926757812,749.7831420898438,970.8200073242188,207.0583038330078,65.20999908447266,423.47393798828125,12356.16015625
2026-07-22,552.3300170898438,748.7660522460938,959.47998046875,211.82298278808594,65.20999908447266,420.0830383300781,12410.669921875
2026-07-23,539.6900024414062,739.4828491210938,990.2100219726562,208.5266571044922,65.20999908447266,414.46807861328125,12343.83984375
2026-07-24,521.9500122070312,740.220703125,920.9500122070312,206.6088104248047,65.20999908447266,402.3306579589844,11818.8798828125
2026-07-27,494.95001220703125,740.41015625,900.2000122070312,196.2903594970703,65.20999908447266,398.022216796875,11554.8798828125
2026-07-28,454.6199951171875,742.0753173828125,820.530029296875,196.789794921875,65.20999908447266,391.2603454589844,11035.6796875
2026-07-29,429.55999755859375,731.0073852539062,739.0,189.79762268066406,65.20999908447266,373.6675720214844,10447.490234375
2026-07-30,485.3900146484375,743.0525512695312,874.6599731445312,194.82199096679688,65.20999908447266,402.2309265136719,11302.990234375
2026-07-31,476.1499938964844,748.1577758789062,823.030029296875,200.52561950683594,65.20999908447266,403.1684265136719,11311.080078125
2026-08-03,484.6400146484375,759.1260986328125,829.5,206.40904235839844,65.20999908447266,405.0234375,11430.349609375
2026-08-04,518.5800170898438,772.5572509765625,892.6699829101562,211.70310974121094,65.20999908447266,416.0538635253906,12179.259765625
2026-08-05,482.04998779296875,771.1314086914062,893.1900024414062,218.9749755859375,65.20999908447266,412.892333984375,12008.8798828125
2026-08-06,489.2799987792969,769.9049682617188,881.469970703125,218.7452392578125,65.20999908447266,417.08111572265625,12048.6904296875
2026-08-07,483.3599853515625,774.49169921875,877.5700073242188,223.70968627929688,65.20999908447266,418.9161682128906,12356.7900390625
2026-08-10,469.55999755859375,774.5016479492188,861.0,217.3068389892578,65.20999908447266,417.3503723144531,11993.8603515625
2026-08-11,474.32000732421875,771.9989013671875,868.52001953125,217.25689697265625,65.20999908447266,420.9307556152344,12098.4697265625
2026-08-12,482.92999267578125,773.9532470703125,911.2899780273438,223.8395233154297,65.20999908447266,428.0018005371094,12399.3798828125
2026-08-13,483.010009765625,779.218017578125,949.8300170898438,225.04818725585938,65.20999908447266,429.33819580078125,12456.0
2026-08-14,514.3900146484375,777.7921142578125,971.6599731445312,224.90834045410156,65.20999908447266,425.20928955078125,12417.0498046875
2026-08-17,506.0,774.0529174804688,1011.75,224.7584991455078,65.20999908447266,429.8169250488281,12621.0
2026-08-18,484.3900146484375,768.7582397460938,940.760009765625,219.49440002441406,65.20999908447266,412.3039245605469,11992.4599609375
2026-08-19,466.4200134277344,770.51318359375,937.1099853515625,217.31683349609375,65.20999908447266,410.9874267578125,11738.23046875
2026-08-20,469.4599914550781,764.1316528320312,974.3300170898438,216.60763549804688,65.20999908447266,414.886962890625,11800.01953125
2026-08-21,473.25,767.0930786132812,966.780029296875,214.48001098632812,65.20999908447266,417.8291015625,11740.3701171875
2026-08-24,456.75,764.9193725585938,910.4299926757812,208.24697875976562,65.20999908447266,409.022705078125,11423.169921875
2026-08-25,479.17999267578125,767.4021606445312,932.969970703125,212.81187438964844,65.20999908447266,416.293212890625,11588.0400390625
2026-08-26,480.92999267578125,767.43212890625,938.4000244140625,209.4256591796875,65.20999908447266,416.57244873046875,11611.240234375
2026-08-27,476.6700134277344,772.5173950195312,935.3900146484375,227.7251739501953,65.20999908447266,426.15673828125,11882.169921875
2026-08-28,465.5799865722656,770.7724609375,932.8599853515625,217.3068389892578,65.20999908447266,416.40289306640625,11469.66015625
2026-08-31,470.7200012207031,768.5189208984375,958.72998046875,220.53323364257812,65.20999908447266,414.20880126953125,11535.0498046875
2026-09-01,459.6099853515625,763.1444702148438,933.4400024414062,217.1969757080078,65.20999908447266,412.892333984375,11288.6103515625
2026-09-02,457.05999755859375,766.5945434570312,956.0800170898438,224.1591796875,65.20999908447266,414.3883056640625,11339.25
2026-09-03,456.1600036621094,774.8905639648438,958.1599731445312,228.1946563720703,65.20999908447266,415.894287109375,11352.1298828125
2026-09-04,477.57000732421875,771.6897583007812,1016.5900268554688,230.10252380371094,65.20999908447266,427.762451171875,11735.259765625
2026-09-08,505.739990234375,766.9833984375,1000.260009765625,225.47769165039062,65.20999908447266,437.825439453125,11887.8701171875
2026-09-09,521.0999755859375,763.8922729492188,1027.77001953125,223.4199981689453,65.20999908447266,434.1951599121094,11931.3203125
2026-09-10,503.6000061035156,759.3355102539062,977.4099731445312,218.36000061035156,65.20999908447266,426.8847961425781,11614.169921875
2026-09-11,516.1300048828125,765.7070922851562,975.260009765625,218.2899932861328,65.20999908447266,432.0808410644531,11824.0
2026-09-14,493.4100036621094,762.2769775390625,924.030029296875,210.9600067138672,65.20999908447266,416.8916015625,11131.2802734375
2026-09-15,504.20001220703125,758.8800048828125,927.5999755859375,212.1699981689453,65.20999908447266,412.64300537109375,11175.5498046875
2026-09-16,512.5,755.6300048828125,926.5499877929688,213.89999389648438,65.20999908447266,417.7200012207031,11246.1103515625
2026-09-17,545.0900268554688,764.0800170898438,977.5,219.33999633789062,65.20999908447266,430.260009765625,11599.4921875
