full_date,台灣晶圓核心(台積電ADR),電腦周邊晶片(聯電ADR),硬體封測成本(日月光ADR),全球美金通膨基準(SP500),台灣硬體零件通膨指數,美金總體通膨率(%)
2021-01-04,101.91307067871094,5.917815208435059,4.603381156921387,341.9034118652344,53.65255613327027,0.0
2021-01-05,102.88932800292969,6.132068634033203,4.873261451721191,344.166015625,54.25893688201904,0.6617669438927564
2021-01-06,105.48049926757812,6.21333646774292,4.958080768585205,346.2439880371094,55.59586672782898,1.2695328625693545
2021-01-07,110.79055786132812,6.331545352935791,5.066032886505127,351.3695068359375,58.30794911384583,2.768645951516362
2021-01-08,108.2906494140625,6.279829978942871,4.996634483337402,353.3735046386719,57.0286005973816,3.35477575694933
2021-01-11,111.8580551147461,6.686171054840088,5.181694984436035,351.0647888183594,58.97121787071228,2.6795219454364716
2021-01-12,112.22298431396484,6.449753761291504,5.204827308654785,351.1201171875,59.08738374710083,2.695704401422735
2021-01-13,108.7833251953125,6.567963123321533,5.497840404510498,352.0067138671875,57.46161961555481,2.9550164319317966
2021-01-14,115.37071228027344,7.026020050048828,5.752298355102539,350.78759765625,60.94362182617187,2.598449001297899
2021-01-15,114.25762176513672,6.486693859100342,5.482419013977051,348.25726318359375,60.171302843093876,1.8583761079470678
2021-01-19,119.7957763671875,7.380646228790283,5.914226531982422,350.98162841796875,63.29492735862732,2.6551991696159707
2021-01-20,119.19359588623047,7.062961578369141,5.783141613006592,355.8115539550781,62.8723147392273,4.067857063481374
2021-01-21,122.40519714355469,7.388034820556641,5.906515121459961,356.1255187988281,64.60031204223633,4.159685583716718
2021-01-22,117.82503509521484,7.5875115394592285,5.7985639572143555,354.915771484375,62.34848380088806,3.805858370395442
2021-01-25,119.08414459228516,7.53579568862915,5.667479038238525,356.32879638671875,62.93630681037903,4.2191402661902435
2021-01-26,115.55320739746094,7.328929424285889,5.513261795043945,355.80230712890625,61.07793488502502,4.06515254932592
2021-01-27,111.07337951660156,6.819155693054199,5.27422571182251,347.1213073730469,58.63728160858154,1.5261314531336705
2021-01-28,114.80503845214844,6.856095314025879,5.312779426574707,350.05810546875,60.52190370559693,2.3850869340636773
2021-01-29,110.8726806640625,6.686171054840088,5.135430335998535,343.10400390625,58.46927771568298,0.3511494765336983
2021-02-01,115.56233978271484,6.885647773742676,5.335912227630615,348.7190246582031,60.914046669006346,1.9934322257232142
2021-02-02,117.18637084960938,7.003856182098389,5.466997146606445,353.6689758300781,61.78774170875549,3.4411952488737665
2021-02-03,116.32872009277344,6.952139854431152,5.428442478179932,353.94610595703125,61.33569049835205,3.5222503414337547
2021-02-04,116.9217758178711,6.981692790985107,5.598081588745117,357.95416259765625,61.6750120639801,4.694527803878273
2021-02-05,116.58419036865234,7.1072893142700195,6.014467716217041,359.3578186035156,61.62717552185058,5.105069482360453
2021-02-08,120.93623352050781,7.432362079620361,6.315189838409424,362.06378173828125,63.9608633518219,5.896510293086324
2021-02-09,121.05485534667969,7.646616458892822,6.361456871032715,361.759033203125,64.09370398521423,5.807377361217142
2021-02-10,121.97637939453125,7.506242752075195,6.40001106262207,361.61126708984375,64.52006473541259,5.764158689465631
2021-02-11,126.96710205078125,7.83131742477417,6.662179946899414,362.22076416015625,67.16538224220277,5.942424553203997
2021-02-12,125.96349334716797,7.96429967880249,6.693022727966309,364.0308837890625,66.70964112281798,6.471848819265352
2021-02-16,127.77912139892578,7.89780855178833,6.654468059539795,363.7444763183594,67.58979687690734,6.388080286760618
2021-02-17,124.33031463623047,7.617064476013184,6.608203411102295,363.79083251953125,65.77191734313965,6.401638560695055
2021-02-18,122.83403015136719,7.60967493057251,6.453986167907715,362.2484130859375,64.99071478843689,5.950511318302483
2021-02-19,124.68611145019531,7.6687798500061035,6.407721042633057,361.5650939941406,65.9252338886261,5.750653970266946
2021-02-22,121.86688232421875,7.3215413093566895,6.122419357299805,358.8130187988281,64.35438742637635,4.945726291920974
2021-02-23,117.78854370117188,7.2476630210876465,6.0298895835876465,359.191650390625,62.27454867362976,5.056468559665912
2021-02-24,120.70814514160156,7.424975395202637,6.091576099395752,363.1350402832031,63.79988040924072,6.209832274600837
2021-02-25,114.96015930175781,7.181169509887695,5.844829082489014,354.4262390136719,60.80339632034302,3.6626797843636414
2021-02-26,114.90541076660156,7.240273952484131,5.837117671966553,352.5700378417969,60.79221110343933,3.119777576471477
2021-03-01,117.81591796875,7.432362079620361,5.945069789886475,361.1217956542969,62.326681566238406,5.620997955012416
2021-03-02,114.96015930175781,6.959528923034668,5.775430679321289,358.34197998046875,60.723024463653566,4.807956734200081
2021-03-03,112.12263488769531,6.700947284698486,5.8216962814331055,353.5582580566406,59.235940885543826,3.408812485322655
2021-03-04,105.46224975585938,6.205948352813721,5.513261795043945,349.1807556152344,55.69556174278259,2.128479417710069
2021-03-05,110.21574401855469,6.361097812652588,5.667479038238525,355.6175842285156,58.14969716072083,4.011124746741887
2021-03-08,103.94770812988281,5.932591438293457,5.544105529785156,353.8814392089844,54.862452602386476,3.503336593924162
2021-03-09,106.18303680419922,6.228113651275635,5.675190448760986,358.8683776855469,56.0949905872345,4.9619176736965285
2021-03-10,103.8564453125,6.161620616912842,5.528684139251709,361.0663146972656,54.882445669174196,5.604770870079692
2021-03-11,110.01505279541016,6.5162458419799805,5.875671863555908,364.7789001464844,58.13753452301026,6.690628840599774
2021-03-12,107.93480682373047,6.486693859100342,5.783141613006592,365.35150146484375,57.07003989219666,6.858103425084199
2021-03-15,108.64645385742188,6.501471042633057,5.760009288787842,367.5679931640625,57.425670099258426,7.506383501356854
2021-03-16,108.8927993774414,6.434978485107422,5.760009288787842,367.05072021484375,57.5288950920105,7.355091372858692
2021-03-17,108.76277160644531,6.375874042510986,5.806274890899658,368.2513427734375,57.45540299415588,7.706249775181682
2021-03-18,104.86138153076172,6.087740421295166,5.783141613006592,362.87640380859375,55.41364121437073,6.134186210351755
2021-03-19,104.0645980834961,6.08035135269165,5.968202590942383,362.2023620605469,55.050044965744014,5.937042302260965
2021-03-22,107.31578063964844,6.331545352935791,6.00675630569458,365.0652160644531,56.758705186843876,6.774370595736633
2021-03-23,105.2185287475586,6.235500335693359,5.898804664611816,362.22076416015625,55.659675407409665,5.942424553203997
2021-03-24,99.7877197265625,6.013860702514648,5.721455097198486,360.36444091796875,52.84230909347534,5.399486642154664
2021-03-25,101.15229797363281,6.287217140197754,5.698322296142578,362.42254638671875,53.601978588104245,6.001441872002218
2021-03-26,106.74796295166016,6.523634433746338,5.937358856201172,368.2881164550781,56.518543577194215,7.717005351278454
2021-03-29,104.76062774658203,6.361097812652588,5.852539539337158,368.1027526855469,55.459151124954225,7.66279010711929
2021-03-30,105.38336944580078,6.567963123321533,5.9990458488464355,367.19464111328125,55.861882829666136,7.397185395159419
2021-03-31,108.32316589355469,6.730499267578125,5.937358856201172,368.6309509277344,57.368204498291014,7.817277668183961
2021-04-01,114.2943344116211,6.841319561004639,6.145552158355713,372.5782470703125,60.42867350578308,8.971783884148254
2021-04-05,114.01958465576172,6.796990871429443,6.106997489929199,377.925048828125,60.27028908729554,10.535617871251024
2021-04-06,112.13298797607422,6.582738876342773,6.076155185699463,377.693359375,59.25654668807984,10.467853278946713
2021-04-07,109.7976303100586,6.619678020477295,6.045310974121094,378.16595458984375,58.093780755996704,10.606078051921495
2021-04-08,113.03963470458984,6.989081382751465,6.145552158355713,379.9265441894531,59.845652198791505,11.121015761962052
2021-04-09,112.46267700195312,6.944751739501953,6.230371475219727,382.6786193847656,59.560838317871095,11.925943440308027
2021-04-12,110.72261810302734,6.885647773742676,6.106997489929199,382.8361511230469,58.64840288162232,11.972018364632952
2021-04-13,111.06147003173828,7.062961578369141,6.099287033081055,383.9573974609375,58.8694808959961,12.299960789007642
2021-04-14,110.66765594482422,6.752664089202881,5.852539539337158,382.6786193847656,58.53013510704041,11.925943440308027
2021-04-15,108.38729095458984,6.841319561004639,5.968202590942383,386.7927551269531,57.439681863784784,13.129246946331282
2021-04-16,108.83602142333984,7.003856182098389,6.130130290985107,388.1549987792969,57.74519362449646,13.527676328744317
2021-04-19,105.68563079833984,6.996469020843506,6.0221781730651855,386.2554016113281,56.14619174003601,12.972081648479032
2021-04-20,105.27349853515625,6.989081382751465,6.106997489929199,383.44781494140625,55.954873180389406,12.150917959411043
2021-04-21,107.51725006103516,7.136842250823975,6.145552158355713,387.0337829589844,57.12878813743592,13.19974283015892
2021-04-22,105.61234283447266,7.166393280029297,5.945069789886475,383.595947265625,56.14510335922241,12.194243740634057
2021-04-23,108.65286254882812,7.846092700958252,6.222660541534424,387.61761474609375,57.924791193008424,13.370502105102775
2021-04-26,111.29042053222656,8.26720905303955,6.561938285827637,388.4885559082031,59.43776063919068,13.62523520570508
2021-04-27,111.06147003173828,7.993852615356445,6.477118492126465,388.3680725097656,59.22431449890137,13.58999618958055
2021-04-28,109.5870132446289,7.772213935852051,6.60049295425415,388.2198791503906,58.4452693939209,13.546652556778954
2021-04-29,109.07413482666016,7.484078407287598,6.6159138679504395,390.6754150390625,58.10547370910645,14.264848340575274
2021-04-30,106.91278839111328,7.328929424285889,6.407721042633057,388.1457824707031,56.93661723136902,13.524980740378156
2021-05-03,106.1801528930664,7.055572986602783,6.222660541534424,388.97967529296875,56.451280450820924,13.768877932780061
2021-05-04,105.64896392822266,7.210721969604492,6.130130290985107,386.6168212890625,56.2137246131897,13.077789771063323
2021-05-05,105.66727447509766,6.937364101409912,5.983624458312988,386.6723937988281,56.1115713596344,13.094043633363922
2021-05-06,107.15092468261719,6.885647773742676,6.037600040435791,389.8136291503906,56.848676681518555,14.012792976760547
2021-05-07,106.99522399902344,7.129453182220459,6.315189838409424,392.63995361328125,56.899485921859736,14.839437100453779
2021-05-10,102.8557357788086,6.826543807983398,5.968202590942383,388.82220458984375,54.66947154998779,13.722820860033716
2021-05-11,103.35025024414062,6.6270670890808105,5.729165554046631,385.3565979003906,54.80907835960388,12.709199302253198
2021-05-12,99.10086059570312,6.132068634033203,5.297358512878418,377.1187744140625,52.44952259063721,10.299798518158314
2021-05-13,99.59540557861328,6.294605255126953,5.6057915687561035,381.59442138671875,52.80724267959595,11.608836924133737
2021-05-14,102.99311065673828,6.331545352935791,5.914226531982422,387.4878234863281,54.57886424064637,13.33254072324421
2021-05-17,100.55701446533203,6.03602409362793,5.736876964569092,386.5612487792969,53.23668985366821,13.061535908762725
2021-05-18,101.50948333740234,6.361097812652588,5.898804664611816,383.23455810546875,53.84283194541931,12.088544543839058
2021-05-19,102.9381332397461,6.434978485107422,5.906515121459961,382.1968078613281,54.58086318969727,11.785023078967082
2021-05-20,103.74404907226562,6.279829978942871,5.952780723571777,386.2368469238281,54.946529674530034,12.966654768589542
2021-05-21,102.4344482421875,6.228113651275635,5.7985639572143555,386.0144958496094,54.24537100791931,12.90162146780856
2021-05-24,104.0645980834961,6.449753761291504,5.9759135246276855,389.89703369140625,55.162407875061035,14.037187158895383
2021-05-25,104.65988159179688,6.656619548797607,5.991335391998291,389.0538024902344,55.52519373893738,13.79055867497015
2021-05-26,106.23509979248047,6.723111629486084,5.991335391998291,389.7673034667969,56.332750463485716,13.999243628615401
2021-05-27,106.02444458007812,6.789603233337402,6.130130290985107,389.9711608886719,56.275129318237305,14.058867901085472
2021-05-28,107.48062896728516,6.952139854431152,6.184106826782227,390.7124938964844,57.06277780532837,14.275693174564964
2021-06-01,108.53380584716797,6.937364101409912,6.315189838409424,390.40667724609375,57.61115012168884,14.186247840070564
2021-06-02,108.93678283691406,6.996469020843506,6.276636600494385,391.0552978515625,57.82265944480896,14.37595656568118
2021-06-03,106.98606872558594,7.114677429199219,6.214950084686279,389.5635070800781,56.87042760848999,13.939637207723916
2021-06-04,109.44961547851562,7.232885837554932,6.369167327880859,393.1123962402344,58.168506956100465,14.9776172444821
2021-06-07,108.2682113647461,7.077737331390381,6.507962226867676,392.77880859375,57.559019327163696,14.880049441732046
2021-06-08,106.16183471679688,6.893035888671875,6.461696624755859,392.7973327636719,56.44116744995117,14.885467395832244
2021-06-09,107.26998138427734,6.811768531799316,6.446274757385254,392.16729736328125,56.967776203155516,14.701194475900415
2021-06-10,108.2865219116211,7.011245250701904,6.731576919555664,394.0677795410156,57.59294991493225,15.257048004055166
2021-06-11,108.29568481445312,6.989081382751465,6.716155529022217,394.7182312011719,57.58779792785644,15.447292277023294
2021-06-14,110.80502319335938,7.033409118652344,6.770131587982178,395.66607666015625,58.86656064987183,15.724518366641254
2021-06-15,109.39468383789062,7.062961578369141,6.6313371658325195,394.8948059082031,58.14249782562256,15.498936893866386
2021-06-16,108.08504486083984,6.944751739501953,6.507962226867676,392.7108459472656,57.427540397644044,14.860171708978925
2021-06-17,109.51093292236328,7.12206506729126,6.639046669006348,392.5901794433594,58.21989531517029,14.824879138118646
2021-06-18,106.44956970214844,6.767438888549805,6.33832311630249,387.31158447265625,56.522681140899664,13.280994290083331
2021-06-21,104.93264770507812,6.848708152770996,6.361456871032715,392.7759704589844,55.793227672576904,14.879219343327895
2021-06-22,105.1073226928711,6.76005220413208,6.307480812072754,394.6439208984375,55.84317317008972,15.425557980097453
2021-06-23,106.68858337402344,6.856095314025879,6.407721042633057,394.41162109375,56.682664489746095,15.357614872007305
2021-06-24,107.78258514404297,7.048184871673584,6.453986167907715,396.69775390625,57.2965452671051,16.02626359944414
2021-06-25,107.12987518310547,6.966917037963867,6.477118492126465,398.1567077636719,56.95043640136719,16.45297880812329
2021-06-28,109.96139526367188,7.018631935119629,6.361456871032715,399.00238037109375,58.358578586578375,16.70032135519188
2021-06-29,110.53140258789062,7.077737331390381,6.353744983673096,399.1789855957031,58.65977149009704,16.751974897824258
2021-06-30,110.4670639038086,6.981692790985107,6.207239151000977,399.53216552734375,58.56948761940002,16.85527305729973
2021-07-01,108.86741638183594,6.848708152770996,6.207239151000977,401.7904052734375,57.72976846694946,17.515763613323738
2021-07-02,109.31787109375,6.944751739501953,6.299768447875977,404.8478088378906,58.002314758300784,18.40999381353544
2021-07-06,110.36592864990234,6.959528923034668,6.299768447875977,403.8163146972656,58.53077669143677,18.10830213546831
2021-07-07,108.71112060546875,6.952139854431152,6.276636600494385,405.4704284667969,57.6965295791626,18.592097766669337
2021-07-08,108.36177825927734,6.885647773742676,6.130130290985107,402.2177734375,57.472609519958496,17.640760366567886
2021-07-09,110.83476257324219,7.040796756744385,6.299768447875977,406.4926452636719,58.789574003219606,18.89107600479172
2021-07-12,112.73778533935547,7.12206506729126,6.33832311630249,407.99822998046875,59.773176813125616,19.331429819508937
2021-07-13,113.90535736083984,7.255049705505371,6.438565254211426,406.5670166015625,60.416906642913816,18.912828153296147
2021-07-14,114.35585021972656,7.166393280029297,6.361456871032715,407.1060791015625,60.600134468078615,19.070493295348744
2021-07-15,108.04920196533203,6.996469020843506,6.461696624755859,405.71209716796875,57.41588101387024,18.662781092072105
2021-07-16,106.40359497070312,6.966917037963867,6.446274757385254,402.6452941894531,56.58112754821777,17.765801748758488
2021-07-19,106.0450668334961,6.848708152770996,6.531094551086426,396.63262939453125,56.383364772796625,16.007215965095163
2021-07-20,107.01036834716797,6.907812595367432,6.654468059539795,402.3851623535156,56.90842156410218,17.689718320834107
2021-07-21,108.36177825927734,6.980205535888672,6.739287853240967,405.64703369140625,57.622808361053465,18.643751309301717
2021-07-22,107.1574478149414,7.1859540939331055,6.538805961608887,406.5298767089844,57.042271327972415,18.901965467727873
2021-07-23,107.368896484375,7.1859540939331055,6.369167327880859,410.53521728515625,57.11406793594361,20.073448534925408
2021-07-26,106.32085418701172,7.231675624847412,6.392299652099609,411.6318359375,56.608389711380006,20.39418784734151
2021-07-27,104.38105010986328,7.0335469245910645,6.276636600494385,409.754638671875,55.555916452407835,19.8451446964165
2021-07-28,105.78762817382812,7.216434001922607,6.33832311630249,409.5316162109375,56.32640891075135,19.7799150282711
2021-07-29,106.7805404663086,7.765096664428711,6.739287853240967,411.3531188964844,57.06765680313111,20.312668613738342
2021-07-30,107.2309799194336,8.024187088012695,6.839529037475586,409.2713317871094,57.390651893615725,19.703786971400252
2021-08-02,107.4332504272461,7.841301441192627,6.962903022766113,408.4443054199219,57.46159625053406,19.461898081589034
2021-08-03,108.85820770263672,8.115632057189941,7.109409332275391,411.70611572265625,58.285675334930424,20.415913218478064
2021-08-04,109.1615982055664,8.34424114227295,7.279047012329102,409.74530029296875,58.5398808479309,19.842413404893172
2021-08-05,109.60289001464844,8.801459312438965,7.394710540771484,412.29156494140625,58.92082490921021,20.58714556025439
2021-08-06,108.6743392944336,8.633811950683594,7.271337509155273,413.0072021484375,58.38158073425293,20.796455319150077
2021-08-09,108.68353271484375,8.534748077392578,7.225071907043457,412.7191162109375,58.34720516204834,20.712195868234286
2021-08-10,106.97357177734375,8.25279712677002,7.140253067016602,413.202392578125,57.3906756401062,20.85354466746124
2021-08-11,106.63343048095703,8.260417938232422,7.117119312286377,414.1781311035156,57.218264484405516,21.13892892849202
2021-08-12,106.3668212890625,8.328999519348145,7.024590015411377,415.1446228027344,57.08702850341797,21.42160867536735
2021-08-13,106.18294525146484,7.940364360809326,6.839529037475586,416.1947937011719,56.84148774147034,21.72876293648114
2021-08-16,105.38312530517578,7.871780872344971,6.824108123779297,417.2635192871094,56.41791853904724,22.04134407748442
2021-08-17,102.14707946777344,7.650792121887207,6.5002522468566895,414.4290771484375,54.66882781982422,21.21232569383954
2021-08-18,101.54033660888672,7.795577526092529,6.5233845710754395,409.9590148925781,54.4135184764862,19.904920707304534
2021-08-19,101.60466766357422,7.772717475891113,6.538805961608887,410.5630798339844,54.44191026687622,20.081597780548936
2021-08-20,99.39826965332031,7.9022626876831055,6.585070610046387,413.8343505859375,53.38682775497436,21.03837991211846
2021-08-23,102.00918579101562,8.077530860900879,6.831818580627441,417.4400329589844,54.79421586990357,22.092970842748922
2021-08-24,103.06642150878906,8.138492584228516,6.777841567993164,418.1649475097656,55.330326843261716,22.304994041589357
2021-08-25,107.58952331542969,8.58047103881836,6.9243483543396,419.0385437011719,57.75377264022827,22.56050368586006
2021-08-26,108.57322692871094,8.466166496276855,6.8780837059021,416.5665283203125,58.20208015441895,21.837487975846102
2021-08-27,108.9317626953125,8.603331565856934,7.155674457550049,420.22796630859375,58.478015708923344,22.90838632351291
2021-08-30,109.39140319824219,8.649053573608398,7.201940059661865,422.09588623046875,58.73080568313598,23.454716034493178
2021-08-31,109.4098129272461,8.66429328918457,7.1479644775390625,421.6405334472656,58.73378734588623,23.321534332468335
2021-09-01,110.74285125732422,9.030068397521973,7.1479644775390625,421.8263854980469,59.51003904342651,23.37589238925617
2021-09-02,111.04621124267578,8.953866004943848,7.124831199645996,423.0902404785156,59.634231662750246,23.745545026992033
2021-09-03,113.96969604492188,9.525389671325684,7.253968238830566,422.9044189453125,61.293258571624754,23.691195895993488
2021-09-07,114.64081573486328,9.334880828857422,7.046710968017578,421.5383605957031,61.53021430969238,23.291650789918965
2021-09-08,112.0574951171875,9.022448539733887,6.887283802032471,420.98077392578125,60.11293888092041,23.128567693766165
2021-09-09,112.78377532958984,9.251058578491211,7.110482692718506,419.1035461425781,60.58930177688598,22.57951561705186
2021-09-10,113.05036163330078,9.312020301818848,7.285852432250977,415.9067077636719,60.77595739364624,21.644503485565348
2021-09-13,113.64794158935547,9.273919105529785,7.30179500579834,416.8731384277344,61.06650552749634,21.92716538086209
2021-09-14,113.16069030761719,9.1138916015625,7.214110374450684,414.6520690917969,60.75733470916748,21.277546436195646
2021-09-15,111.6989517211914,9.121512413024902,7.245995998382568,418.09979248046875,60.03512878417969,22.285937481451093
2021-09-16,111.5023193359375,9.16723346710205,7.086568355560303,417.3192138671875,59.918643379211424,22.057633642942186
2021-09-17,108.69607543945312,8.938624382019043,6.799598217010498,413.2953186035156,58.38954467773438,20.880723695855156
2021-09-20,105.8805923461914,8.70239543914795,6.711912155151367,406.32537841796875,56.89339723587036,18.84215375368267
2021-09-21,106.12060546875,8.671914100646973,6.680026531219482,406.0931396484375,56.99788227081299,18.774228497171105
2021-09-22,106.96065521240234,8.946245193481445,6.831483840942383,410.0984191894531,57.53049793243408,19.945693712790057
2021-09-23,107.25603485107422,9.045309066772461,6.847426414489746,415.0145263671875,57.7110954284668,21.383558035615863
2021-09-24,106.74830627441406,9.136752128601074,6.8075690269470215,415.8102111816406,57.47669258117676,21.616280139824273
2021-09-27,107.2191162109375,9.068170547485352,6.680026531219482,414.5042724609375,57.66601457595825,21.234318838654843
2021-09-28,103.29589080810547,8.786218643188477,6.34522819519043,406.2298583984375,55.55285663604736,18.81421603319894
2021-09-29,103.03741455078125,8.626193046569824,6.161886692047119,406.929443359375,55.338942527770996,19.018830826927072
2021-09-30,103.06511688232422,8.710017204284668,6.257543087005615,401.8920593261719,55.39707221984863,17.545495417455147
2021-10-01,102.98204803466797,8.61095142364502,6.289429187774658,406.67767333984375,55.33219528198242,18.945193065268672
2021-10-04,100.63734436035156,8.146112442016602,5.819116115570068,401.397705078125,53.926329135894775,17.400906556715224
2021-10-05,100.85888671875,8.298519134521484,5.84303092956543,405.6048889160156,54.08760528564453,18.63142479428957
2021-10-06,100.9327163696289,8.024187088012695,5.763317108154297,407.3306579589844,54.026277732849124,19.136178178748033
2021-10-07,102.30815887451172,8.351861000061035,5.691574573516846,410.7076110839844,54.79795265197754,20.123870318635504
2021-10-08,101.57891082763672,8.191834449768066,5.380690097808838,410.1012878417969,54.323143768310544,19.9465327369835
2021-10-11,101.78199768066406,8.085149765014648,5.380690097808838,407.0413818359375,54.392681789398196,19.05157062204986
2021-10-12,100.80349731445312,7.879401683807373,5.308947563171387,406.0152893066406,53.827358675003055,18.7514588086874
2021-10-13,101.52351379394531,7.742236614227295,5.316918849945068,407.4612731933594,54.14781165122986,19.174380556917484
2021-10-14,103.90514373779297,7.803197860717773,5.428518772125244,414.43896484375,55.37923498153686,21.21521764957012
2021-10-15,106.02830505371094,7.91750431060791,5.484318256378174,417.6200256347656,56.486267471313475,22.14561514799271
2021-10-18,106.47138214111328,7.90988302230835,5.436490058898926,418.8327331542969,56.69595398902893,22.500308162875303
2021-10-19,107.9668197631836,8.09277057647705,5.627802848815918,422.12567138671875,57.53680162429809,23.4634276048421
2021-10-20,106.70215606689453,7.940364360809326,5.564032077789307,423.7489013671875,56.845993757247925,23.938190337279693
2021-10-21,107.34833526611328,7.9022626876831055,5.524174213409424,424.84967041015625,57.14968128204345,24.2601435570395
2021-10-22,105.44673156738281,7.810819149017334,5.428518772125244,424.3365478515625,56.152315282821654,24.11006533588504
2021-10-25,104.90210723876953,7.986085891723633,5.532146453857422,426.5567626953125,55.95330867767334,24.75943435845131
2021-10-26,105.40058135986328,8.146112442016602,5.57997465133667,427.04180908203125,56.260119342803954,24.901300853457194
2021-10-27,105.00364685058594,8.27565860748291,5.524174213409424,425.13873291015625,56.089355850219725,24.34468863321263
2021-10-28,107.08988189697266,8.069910049438477,5.763317108154297,429.22467041015625,57.118577384948736,25.539744709930147
2021-10-29,104.95748901367188,7.826058864593506,5.675631523132324,430.03631591796875,55.96168847084046,25.777135001938234
2021-11-01,105.34519958496094,7.887022972106934,5.659688949584961,430.9225158691406,56.17064447402954,26.036330997186504
2021-11-02,105.33596801757812,8.108010292053223,5.707517147064209,432.6203308105469,56.24189052581787,26.532908358653568
2021-11-03,105.24364471435547,8.138492584228516,5.731431484222412,435.2789611816406,56.20965642929077,27.310505270187658
2021-11-04,108.73299407958984,8.199454307556152,5.755345344543457,437.2752685546875,57.977402400970455,27.894385776719062
2021-11-05,108.74224853515625,8.222315788269043,5.77925968170166,438.8144226074219,57.99367094039917,28.344557959657397
2021-11-08,111.61311340332031,8.519508361816406,6.137972354888916,439.2715148925781,59.590003681182864,28.478248431671876
2021-11-09,112.41619873046875,8.557609558105469,6.03434419631958,437.7416076660156,59.98225107192994,28.030780762888995
2021-11-10,109.1114730834961,8.45092487335205,5.866945266723633,434.2807922363281,58.26440305709839,27.01856055402731
2021-11-11,109.10224914550781,8.687153816223145,6.010430335998535,434.4579772949219,58.359356784820555,27.070383686656243
2021-11-12,109.56379699707031,8.61095142364502,6.066230297088623,437.65777587890625,58.57842998504639,28.00626161970407
2021-11-15,109.03764343261719,8.671914100646973,6.058258533477783,437.7696228027344,58.33204765319824,28.038974637458985
2021-11-16,109.00069427490234,8.626193046569824,6.098114967346191,439.51409912109375,58.30782804489136,28.549199530753405
2021-11-17,109.90533447265625,8.61095142364502,6.066230297088623,438.4785461425781,58.74919872283936,28.24632072271045
2021-11-18,113.90242767333984,8.748117446899414,6.137972354888916,439.9244384765625,60.80324354171753,28.669215693572653
2021-11-19,114.70552825927734,8.900524139404297,6.106086254119873,439.2061767578125,61.244138622283934,28.459138316797862
2021-11-22,115.1578369140625,8.831940650939941,6.0742011070251465,437.89093017578125,61.443340873718256,28.074454649894392
2021-11-23,112.02851104736328,8.626193046569824,6.026372909545898,438.4972229003906,59.80738801956177,28.251783305757105
2021-11-24,111.42849731445312,8.694774627685547,5.986515998840332,439.6353454589844,59.51998424530029,28.58466169161023
2021-11-26,108.08683776855469,8.481406211853027,5.747374534606934,429.6911315917969,57.73731565475464,25.67617539925725
2021-11-29,110.10844421386719,8.710017204284668,5.914773464202881,435.17626953125,58.85018196105957,27.280469989220325
2021-11-30,108.14221954345703,8.862422943115234,5.827087879180908,426.90185546875,57.89525423049927,24.860367183764417
2021-12-01,111.35464477539062,9.319640159606934,6.010430335998535,421.9204406738281,59.6753005027771,23.40340167185389
2021-12-02,112.34236907958984,9.258678436279297,6.050287246704102,428.4224853515625,60.15884552001953,25.305121412602556
2021-12-03,110.15459442138672,9.205336570739746,6.193772315979004,424.57916259765625,59.07765264511109,24.181025360755857
2021-12-06,109.9792251586914,9.17485523223877,6.098114967346191,429.6911315917969,58.96169214248657,25.67617539925725
2021-12-07,112.91468811035156,9.555870056152344,6.4568281173706055,438.6185607910156,60.6154706954956,28.28727224398181
2021-12-08,112.43467712402344,8.908143997192383,6.169857978820801,439.77532958984375,60.12375335693359,28.625604287092298
2021-12-09,110.31151580810547,8.633811950683594,5.938687324523926,436.808837890625,58.933638954162596,27.757964013181248
2021-12-10,109.96996307373047,8.633811950683594,5.938687324523926,440.997314453125,58.762862586975096,28.98301074191964
2021-12-13,107.46835327148438,8.389962196350098,5.755345344543457,437.0931091308594,57.402234363555905,27.84110774043555
2021-12-14,107.34833526611328,8.443305015563965,5.795202255249023,434.0049133300781,57.366199588775636,26.93787141882829
2021-12-15,111.14231872558594,8.740497589111328,5.922744274139404,440.82708740234375,59.377857494354245,28.93322268924927
2021-12-16,108.05194091796875,8.389962196350098,5.7712883949279785,436.78424072265625,57.697216796875,27.750769827011958
2021-12-17,107.8202133178711,8.435683250427246,5.819116115570068,432.4514465332031,57.604634857177736,26.483513040712044
2021-12-20,106.54105377197266,8.328999519348145,5.739402770996094,427.5945129394531,56.91710729598999,25.062955823323286
2021-12-21,108.85835266113281,8.70239543914795,5.954630374908447,435.2120666503906,58.23082103729248,27.290939940059754
2021-12-22,112.43630981445312,8.862422943115234,6.042315483093262,439.60107421875,60.08534488677979,28.5746380302354
2021-12-23,111.86158752441406,8.824320793151855,6.03434419631958,442.2961730957031,59.784958839416504,29.36290125997334
2021-12-27,113.73401641845703,8.999588012695312,6.23362922668457,448.6316833496094,60.81361045837402,31.215912968555966
2021-12-28,113.14078521728516,8.908143997192383,6.2256574630737305,448.2854309082031,60.487967300415036,31.114640963249755
2021-12-29,112.53826904296875,8.915763854980469,6.2256574630737305,448.75335693359375,60.18899517059326,31.251500090462876
2021-12-30,111.62061309814453,8.870041847229004,6.185801029205322,447.4900207519531,59.70847930908203,30.881999191144978
2021-12-31,111.5186538696289,8.915763854980469,6.2256574630737305,446.37640380859375,59.67918758392334,30.556288214093268
2022-01-03,119.38827514648438,8.870041847229004,6.273486137390137,449.0434265136719,63.60984735488891,31.336339717682637
2022-01-04,123.6521224975586,8.770977973937988,6.281457901000977,448.8937683105469,65.71364622116089,31.29256764699503
2022-01-05,117.7754135131836,8.48902702331543,6.313343048095703,440.1438293457031,62.697083473205566,28.733383192792317
2022-01-06,119.0823745727539,8.770977973937988,6.369142532348633,439.8163146972656,63.44630918502808,28.63759162211136
2022-01-07,114.47554016113281,8.397583961486816,6.09014368057251,438.0569763183594,60.975074005126956,28.12301986943177
2022-01-10,115.8752212524414,8.48902702331543,6.249571800231934,437.23345947265625,61.73423309326172,27.882157445389122
2022-01-11,119.73123168945312,8.671914100646973,6.305371284484863,441.54754638671875,63.72826433181763,29.143942722853083
2022-01-12,122.567626953125,8.58047103881836,6.257543087005615,442.7173767089844,65.10946340560913,29.486095003780516
2022-01-13,129.0190887451172,8.687153816223145,6.23362922668457,436.6439208984375,68.36241636276245,27.709729047847674
2022-01-14,130.38165283203125,8.908143997192383,6.321314334869385,436.7936096191406,69.12753248214722,27.753510044324575
2022-01-18,124.05072021484375,8.641433715820312,6.130001068115234,429.0730895996094,65.84379043579102,25.495410314517148
2022-01-19,121.436767578125,8.54236888885498,5.962601661682129,424.6373596191406,64.47361478805541,24.19804684093556
2022-01-20,118.9526138305664,8.481406211853027,5.962601661682129,419.9208679199219,63.21324911117554,22.81856610586825
2022-01-21,115.43028259277344,8.290898323059082,5.715488910675049,411.74176025390625,61.34550857543945,20.426338540371034
2022-01-24,116.75579071044922,8.313759803771973,5.747374534606934,413.1828918457031,62.02149820327759,20.8478410881037
2022-01-25,113.53009796142578,7.7193756103515625,5.587946891784668,408.4288635253906,60.19845104217529,19.45738163220732
2022-01-26,114.08623504638672,7.582208633422852,5.651717662811279,407.4837951660156,60.44812364578247,19.180967789414925
2022-01-27,107.87582397460938,7.1326117515563965,5.348804473876953,405.3594970703125,57.147456407547,18.559652522593183
2022-01-28,109.01596069335938,7.079268932342529,5.396632194519043,415.2698059082031,57.711087465286255,21.45822226304283
2022-01-31,113.66912841796875,7.4907660484313965,5.6437458992004395,422.7749938964844,60.21054320335388,23.653341623606426
2022-02-01,114.05843353271484,7.46028470993042,5.731431484222412,425.6947326660156,60.413588476181026,24.50730758832225
2022-02-02,115.07804870605469,7.46028470993042,5.795202255249023,429.7843322753906,60.93615021705627,25.703434759754796
2022-02-03,111.08300018310547,7.231675624847412,5.484318256378174,419.8085021972656,58.807866430282594,22.785701349695376
2022-02-04,112.1767578125,7.521246910095215,5.603889465332031,421.9140930175781,59.46553087234497,23.40154510768117
2022-02-07,113.37249755859375,7.406942367553711,5.675631523132324,420.416748046875,60.04345779418946,22.96360125607277
2022-02-08,114.67019653320312,7.635552406311035,5.763317108154297,423.7576904296875,60.77842741012574,23.940760964595768
2022-02-09,116.34794616699219,7.810819149017334,5.962601661682129,430.0089416503906,61.70973916053772,25.76912856894338
2022-02-10,115.59712982177734,7.56696891784668,6.026372909545898,422.41015625,61.27393016815186,23.54663381262144
2022-02-11,112.16749572753906,7.361220836639404,5.795202255249023,413.9595947265625,59.45115456581116,21.075011351372535
2022-02-14,111.0180892944336,7.231675624847412,5.731431484222412,412.612060546875,58.8248336315155,20.680884199398207
2022-02-15,115.42100524902344,7.544106960296631,5.986515998840332,419.2469177246094,61.171037912368774,22.621448975145338
2022-02-16,114.56824493408203,7.483145713806152,6.018401622772217,419.7242736816406,60.7327465057373,22.76106617124966
2022-02-17,111.00885009765625,7.2545366287231445,5.882888317108154,410.918212890625,58.8573637008667,20.185467190539093
2022-02-18,110.59171295166016,7.2469162940979,5.914773464202881,408.0826721191406,58.65288605690002,19.3561274784797
2022-02-22,108.36708068847656,7.170712471008301,5.8510026931762695,403.6562194824219,57.50495462417603,18.06147744484286
2022-02-23,107.43090057373047,7.170712471008301,5.723459720611572,396.30072021484375,57.01135597229004,15.910139080756167
2022-02-24,103.70466613769531,7.04116678237915,5.7712883949279785,402.5333251953125,55.11894078254699,17.73305302784641
2022-02-25,103.10212707519531,7.178333759307861,5.827087879180908,411.3954162597656,54.86998124122619,20.325039757696953
2022-02-28,99.19052124023438,7.071648597717285,5.763317108154297,410.5625915527344,52.86941862106323,20.08145496792027
2022-03-01,100.15451049804688,7.124991416931152,5.747374534606934,404.1990661621094,53.36422758102417,18.22024938476766
2022-03-02,101.60051727294922,7.315499305725098,5.898830890655518,411.5732421875,54.174674606323244,20.37705033190101
2022-03-03,100.84044647216797,7.2545366287231445,5.8510026931762695,409.59869384765625,53.76678476333618,19.799533913134752
2022-03-04,97.38300323486328,7.04116678237915,5.651717662811279,406.09869384765625,51.93419518470764,18.775852990822237
2022-03-07,92.03462219238281,6.705873966217041,5.293004512786865,394.1670837402344,49.08767418861389,15.286092522411096
2022-03-08,92.69275665283203,6.721114158630371,5.436490058898926,391.2286071777344,49.450010585784916,14.426646123070034
2022-03-09,97.2810287475586,7.086889743804932,5.715488910675049,401.7565612792969,51.909679079055785,17.50586491299899
2022-03-10,96.36338806152344,6.964964389801025,5.651717662811279,399.9129943847656,51.401526880264285,16.966657981873688
2022-03-11,93.99972534179688,6.850659370422363,5.587946891784668,394.92510986328125,50.17264986038208,15.507800202633268
2022-03-14,92.04390716552734,6.6753926277160645,5.564032077789307,391.9398193359375,49.13737778663636,14.63466164251839
2022-03-15,94.6300277709961,6.827798366546631,5.603889465332031,400.5681457519531,50.48413128852844,17.158276826392775
2022-03-16,98.439453125,7.117371082305908,5.858973979949951,409.43963623046875,52.52673268318176,19.75301269934523
2022-03-17,99.18456268310547,7.170712471008301,5.9705729484558105,414.530517578125,52.93760967254639,21.241995017445902
2022-03-18,99.39878845214844,7.22405481338501,6.050287246704102,418.96624755859375,53.07666811943054,22.539358491027485
2022-03-21,99.5850601196289,7.170712471008301,5.938687324523926,418.88201904296875,53.13148126602173,22.514723312581765
2022-03-22,99.69682312011719,7.216434001922607,5.978544235229492,423.9916076660156,53.20905060768128,24.009177139518386
2022-03-23,98.1227798461914,6.964964389801025,5.803174018859863,418.6761474609375,52.31151404380798,22.454509938018425
2022-03-24,100.5164566040039,7.163091659545898,5.994487285614014,424.7331848144531,53.606053256988524,24.226073819312212
2022-03-25,99.40809631347656,7.193572998046875,5.922744274139404,426.87396240234375,53.04666891098022,24.852209012351597
2022-03-28,99.03553771972656,7.20881462097168,5.858973979949951,429.869140625,52.852208042144774,25.72823952819706
2022-03-29,101.75523376464844,7.285018444061279,5.946659088134766,435.35247802734375,54.25245423316955,27.33200749659191
2022-03-30,99.40809631347656,7.147851943969727,5.77925968170166,432.6483154296875,53.00425567626953,26.541093307434267
2022-03-31,97.1075439453125,6.949723720550537,5.651717662811279,425.9819030761719,51.769032621383666,24.59129926555928
2022-04-01,95.73839569091797,6.705873966217041,5.611860275268555,427.0147705078125,51.0033320903778,24.893392604144548
2022-04-04,97.60120391845703,6.919243335723877,5.731431484222412,430.7798767089844,52.02266125679016,25.994611858036038
2022-04-05,95.46827697753906,6.75921630859375,5.5401177406311035,425.2308349609375,50.86992692947388,24.371626665295665
2022-04-06,94.23884582519531,6.637291431427002,5.57997465133667,421.0994873046875,50.22660527229309,23.16328901411176
2022-04-07,93.6241226196289,6.553468227386475,5.524174213409424,423.1839599609375,49.88293662071228,23.77295612590754
2022-04-08,92.4784927368164,6.423923015594482,5.444461345672607,422.0572814941406,49.25531554222107,23.44342491103889
2022-04-11,90.8764877319336,6.256275653839111,5.293004512786865,414.7618408203125,48.3737274646759,21.30965250027871
2022-04-12,90.75542449951172,6.164832592010498,5.285033226013184,413.17498779296875,48.28416867256164,20.84552930867709
2022-04-13,94.5368881225586,6.401060581207275,5.532146453857422,418.01055908203125,50.295191526412964,22.2598384735615
2022-04-14,91.61228942871094,6.172452449798584,5.356775760650635,412.84637451171875,48.72923560142517,20.74941640958162
2022-04-18,91.99415588378906,6.103869438171387,5.428518772125244,412.99652099609375,48.91394252777099,20.7933312928979
2022-04-19,92.62752532958984,6.2105536460876465,5.460403919219971,419.6629943847656,49.26900954246521,22.74314318635147
2022-04-20,92.21770477294922,6.202933311462402,5.484318256378174,419.28741455078125,49.066596031188965,22.63329349753572
2022-04-21,90.9603271484375,6.119109153747559,5.364747524261475,413.21258544921875,48.38884582519531,20.856525881084746
2022-04-22,89.11615753173828,6.027666091918945,5.308947563171387,401.6543884277344,47.4281681060791,17.475981370449624
2022-04-25,89.63772583007812,6.020046234130859,5.300976276397705,404.13323974609375,47.685072040557856,18.200996457264974
2022-04-26,86.40577697753906,5.71523380279541,4.998063087463379,392.368408203125,45.91707124710083,14.760015427334212
2022-04-27,84.06798553466797,5.898120880126953,4.966177940368652,393.5514221191406,44.7966646194458,15.10602364923576
2022-04-28,88.68772888183594,6.355340003967285,5.532146453857422,403.43829345703125,47.35689573287964,17.997738383509212
2022-04-29,86.5548095703125,6.065767765045166,5.133577346801758,388.30279541015625,46.12385058403015,13.57090392628512
2022-05-02,87.32786560058594,6.202933311462402,5.213290214538574,390.8003845214844,46.56747083663941,14.301399447725712
2022-05-03,87.206787109375,6.1572113037109375,5.27706241607666,392.61248779296875,46.50596942901612,14.831403890091044
2022-05-04,89.4048843383789,6.408681392669678,5.500260829925537,404.4335632324219,47.72509875297546,18.288835149686825
2022-05-05,85.82830810546875,6.126729965209961,5.237205505371094,390.077392578125,45.799614143371585,14.089938573610672
2022-05-06,85.343994140625,6.1572113037109375,5.1893768310546875,387.97418212890625,45.557035827636724,13.474791027189651
2022-05-09,81.31104278564453,5.9133620262146,4.934291839599609,375.4958801269531,43.41638836860657,9.82513396940293
2022-05-10,82.72675323486328,6.1953125,5.165462493896484,376.23748779296875,44.255062866210935,10.042039574986045
2022-05-11,81.80467987060547,6.020046234130859,5.0379204750061035,370.3035583496094,43.71593790054321,8.306482327695894
2022-05-12,81.67428588867188,6.065767765045166,5.045891284942627,369.7589416503906,43.66605153083801,8.147192691992165
2022-05-13,84.71994018554688,6.378200054168701,5.27706241607666,378.772705078125,45.32884259223938,10.783540594623586
2022-05-16,84.20768737792969,6.3172383308410645,5.181405544281006,377.1765441894531,45.035296297073366,10.31669503728793
2022-05-17,86.91806030273438,6.599188804626465,5.428518772125244,384.9884033203125,46.52449054718017,12.6015096544461
2022-05-18,84.31944274902344,6.340099334716797,5.117634296417236,369.524169921875,45.085278034210205,8.078526594969372
2022-05-19,84.02140808105469,6.431541919708252,5.213290214538574,367.2145080566406,44.982824659347536,7.402996083988464
2022-05-20,84.55231475830078,6.515366554260254,5.285033226013184,367.40234375,45.2877739906311,7.457934317080274
2022-05-23,85.2229232788086,6.515366554260254,5.340832710266113,374.2657775878906,45.634238147735594,9.465353254623938
2022-05-24,82.63362121582031,6.271515846252441,5.221262454986572,371.58050537109375,44.2425178527832,8.679964129037995
2022-05-25,84.20768737792969,6.4391632080078125,5.364747524261475,374.8668518066406,45.108542156219485,9.641155600517731
2022-05-26,84.75721740722656,6.576328754425049,5.524174213409424,382.1997985839844,45.456342172622676,11.785897806317692
2022-05-27,87.33717346191406,6.683013439178467,5.6437458992004395,391.7674255371094,46.802239942550656,14.584239858808296
2022-05-31,88.76221466064453,6.713494777679443,5.699545860290527,389.5328369140625,47.535064935684204,13.930666789485526
2022-06-01,88.24993896484375,6.583949089050293,5.611860275268555,386.37799072265625,47.22252626419067,13.007936544064702
2022-06-02,89.73087310791016,6.835419654846191,5.819116115570068,393.6547546386719,48.07988567352295,15.136246371778226
2022-06-03,87.33717346191406,6.637291431427002,5.683602809906006,387.19488525390625,46.79649472236633,13.246862071831004
2022-06-06,86.72245025634766,6.766836166381836,5.699545860290527,388.3591003417969,46.531185150146484,13.587372007528725
2022-06-07,87.40238952636719,6.8963823318481445,5.707517147064209,391.964599609375,46.91161289215088,14.641909383423435
2022-06-08,87.05775451660156,6.827798366546631,5.635774612426758,387.7206726074219,46.70437169075012,13.400644495541613
2022-06-09,84.61748504638672,6.606810569763184,5.603889465332031,378.6158142089844,45.411563587188716,10.73765311187379
2022-06-10,82.59636688232422,6.4925055503845215,5.5162034034729,367.4454040527344,44.34917578697205,7.470528605771183
2022-06-13,79.68109130859375,6.18007230758667,5.197348117828369,353.317626953125,42.73403697013855,3.3384326367558117
2022-06-14,81.20858764648438,6.271515846252441,5.372718334197998,352.37567138671875,43.56029224395752,3.0629292244711936
2022-06-15,83.01548767089844,6.401060581207275,5.452432632446289,357.3958435058594,44.518548536300656,4.5312304887824695
2022-06-16,79.13638305664062,6.0810089111328125,5.173433780670166,345.6508483886719,42.42718095779419,1.0960512218914622
2022-06-17,79.58580017089844,6.0810089111328125,5.197348117828369,346.2818908691406,42.656672382354735,1.2806186928699277
2022-06-21,81.41160583496094,6.494122505187988,5.372718334197998,355.08831787109375,43.728583335876465,3.856324783051997
2022-06-22,79.5015640258789,6.062267303466797,5.125606060028076,354.47607421875,42.594583415985106,3.6772555982773585
2022-06-23,78.76187133789062,5.777080535888672,5.061834335327148,358.0268859863281,42.126426696777344,4.715797959760935
2022-06-24,80.44721221923828,5.98893404006958,5.006034851074219,369.2066345214844,43.02149329185486,7.985653757386872
2022-06-27,80.39104461669922,5.964488983154297,5.045891284942627,367.8692321777344,42.994047260284425,7.594489967457465
2022-06-28,78.96785736083984,5.7689313888549805,4.782835483551025,360.36260986328125,42.17117519378662,5.398951094797148
2022-06-29,78.32181549072266,5.663005352020264,4.600046157836914,360.1082763671875,41.779818582534794,5.324563566838229
2022-06-30,76.54281616210938,5.5163373947143555,4.47876501083374,357.1038513183594,40.82206230163575,4.445828536837312
2022-07-01,72.09538269042969,5.3370771408081055,4.3401570320129395,360.8147888183594,38.51684589385986,5.531204514735631
2022-07-05,71.26206970214844,5.3452253341674805,4.383471965789795,361.5870361328125,38.111296844482425,5.757071612767842
2022-07-06,70.74711608886719,5.1822614669799805,4.296841621398926,362.87744140625,37.78760480880737,6.134489687187681
2022-07-07,75.51288604736328,5.540782928466797,4.42678689956665,368.2554016113281,40.30403528213501,7.7074369051575085
2022-07-08,76.31810760498047,5.5326337814331055,4.47876501083374,367.96337890625,40.71459693908692,7.622026027423059
2022-07-11,74.07100677490234,5.304483890533447,4.374809265136719,363.7720947265625,39.50181040763855,6.396158126069812
2022-07-12,74.06163024902344,5.2963361740112305,4.383471965789795,360.50396728515625,39.49641036987305,5.440295350797355
2022-07-13,76.11213684082031,5.3778181076049805,4.409460544586182,358.657958984375,40.55130596160888,4.900374356528692
2022-07-14,78.34053802490234,5.3941144943237305,4.565394401550293,357.7914123535156,41.701582241058354,4.646926569584426
2022-07-15,80.17568969726562,5.4593000411987305,4.634698390960693,364.619873046875,42.65257453918457,6.6441165525995425
2022-07-18,78.25626373291016,5.4593000411987305,4.678013801574707,361.671875,41.70152463912964,5.781885306999398
2022-07-19,80.6625747680664,5.646708965301514,4.885924816131592,371.3917541503906,43.002485036849976,8.624758122267426
2022-07-20,81.04646301269531,5.703746318817139,4.911913871765137,373.68988037109375,43.21673817634583,9.296914684895984
2022-07-21,82.19810485839844,5.948192596435547,5.024533271789551,377.5044250488281,43.888416862487794,10.412593717440394
2022-07-22,80.82173156738281,5.7689313888549805,4.903250694274902,374.1419677734375,43.12219533920288,9.42914132746659
2022-07-25,80.80301666259766,5.597819805145264,4.911913871765137,374.52813720703125,43.063237047195436,9.542088265166635
2022-07-26,79.04275512695312,5.288187503814697,4.799295425415039,370.0826416015625,42.067692899703985,8.241868539011636
2022-07-27,82.04830169677734,5.6141157150268555,5.067847728729248,379.6517639160156,43.72195510864258,11.040647955177542
2022-07-28,82.96586608886719,5.4755964279174805,5.1111626625061035,384.4740905761719,44.14784450531006,12.451083327509256
2022-07-29,82.84415435791016,5.5570783615112305,5.102499485015869,390.1911926269531,44.10970058441163,14.123222841880267
2022-08-01,80.81237030029297,5.4267072677612305,5.033195972442627,388.9384765625,43.04083652496338,13.756828117235958
2022-08-02,80.56893157958984,5.361521244049072,4.998544216156006,386.4614562988281,42.89263100624085,13.032348577778121
2022-08-03,80.99962615966797,5.4674482345581055,5.1111626625061035,392.4892883300781,43.16228008270264,14.795370478719535
2022-08-04,82.7879638671875,5.540782928466797,5.215118408203125,392.11260986328125,44.09924049377442,14.685199461489281
2022-08-05,84.0519790649414,5.671153545379639,5.267096996307373,391.42498779296875,44.780754995346065,14.484083577163581
2022-08-08,82.33855438232422,5.589671611785889,5.249770641326904,391.0859680175781,43.89613280296326,14.384926983919566
2022-08-09,79.78242492675781,5.434854984283447,5.102499485015869,389.4471435546875,42.542168855667114,13.905603173153796
2022-08-10,83.02203369140625,5.720043182373047,5.36238956451416,397.6035461425781,44.29950771331787,16.291189951417824
2022-08-11,83.81790161132812,5.760783672332764,5.371052265167236,397.7448425292969,44.71139636039734,16.332516355839445
2022-08-12,85.07257843017578,5.915600299835205,5.544312000274658,404.29071044921875,45.41983170509339,18.247053530011314
2022-08-15,85.73731994628906,5.923747539520264,5.509660243988037,406.07080078125,45.74771628379822,18.767694819409414
2022-08-16,84.22052764892578,5.834117412567139,5.466345310211182,406.91851806640625,44.95376811027527,19.01563539436056
2022-08-17,83.51828002929688,5.744487285614014,5.388378143310547,403.85748291015625,44.56016182899475,18.12034302522312
2022-08-18,83.58382415771484,5.793376922607422,5.423030376434326,405.04412841796875,44.61453123092651,18.46741341605041
2022-08-19,81.64566802978516,5.671153545379639,5.258434295654297,399.68505859375,43.57586693763733,16.899991261652282
2022-08-22,79.81051635742188,5.4593000411987305,5.076510906219482,391.3025207519531,42.55835037231445,14.44826438473508
2022-08-23,80.55020904541016,5.483745098114014,5.128489017486572,390.43603515625,42.945925855636595,14.194834449369399
2022-08-24,80.11014556884766,5.483745098114014,5.085173606872559,391.6510009765625,42.717231035232544,14.550187972659593
2022-08-25,81.99212646484375,5.6793012619018555,5.249770641326904,397.1702575683594,43.74980773925782,16.16446159505104
2022-08-26,79.34236145019531,5.3859663009643555,5.041859149932861,383.59814453125,42.295342445373535,12.194886397463076
2022-08-29,77.57276153564453,5.2963361740112305,4.946566581726074,381.2906494140625,41.36459493637085,11.519989617521896
2022-08-30,77.51658630371094,5.3452253341674805,4.972554683685303,376.92041015625,41.35637168884277,10.24178088776079
2022-08-31,78.0409164428711,5.4022626876831055,4.9898810386657715,374.08544921875,41.63911323547363,9.412610765697941
2022-09-01,76.4398422241211,5.3370771408081055,4.8512725830078125,375.36639404296875,40.79129877090454,9.787261845437284
2022-09-02,75.74699401855469,5.2963361740112305,4.773306369781494,371.35406494140625,40.41705913543701,8.613734772491895
2022-09-06,74.93238067626953,5.165964126586914,4.755980014801025,369.8752746582031,39.96717557907104,8.181217800772991
2022-09-07,74.85748291015625,5.231150150299072,4.790632724761963,376.5720520019531,39.956213045120236,10.13989300299344
2022-09-08,75.12899780273438,5.206705570220947,4.903250694274902,378.9454345703125,40.10716071128846,10.834060562015893
2022-09-09,76.33683776855469,5.304483890533447,4.981217861175537,384.9922180175781,40.75600762367249,12.60262537810759
2022-09-12,76.9173355102539,5.3207807540893555,4.911913871765137,389.1457214355469,41.037284755706786,13.817443152317436
2022-09-13,73.79010009765625,5.092630863189697,4.721328258514404,372.1640930175781,39.36710495948791,8.850651997667512
2022-09-14,74.5859603881836,5.206705570220947,4.721328258514404,373.5863037109375,39.79925751686096,9.266620556039184
2022-09-15,73.42591857910156,5.174112319946289,4.660687446594238,369.2724914550781,39.197330474853516,8.00491561067885
2022-09-16,73.3411636352539,5.2148542404174805,4.825284481048584,366.475341796875,39.20009498596191,7.186804541548701
2022-09-19,73.66131591796875,5.2148542404174805,4.83394718170166,369.3290710449219,39.36190366744995,8.021464024026082
2022-09-20,73.58597564697266,5.092630863189697,4.807958602905273,364.98712158203125,39.28236880302429,6.751529500938592
2022-09-21,72.63495635986328,5.027445316314697,4.773306369781494,358.76153564453125,38.780373048782344,4.9306684853854925
2022-09-22,71.21315002441406,4.905221939086914,4.729991436004639,355.7287292480469,38.02413988113403,4.043632471343084
2022-09-23,69.5559310913086,4.815591335296631,4.5827202796936035,349.82330322265625,37.139187002182005,2.316411911251591
2022-09-26,68.74615478515625,4.701516628265381,4.4614386558532715,346.37347412109375,36.675820112228394,1.3074049865350006
2022-09-27,68.76498413085938,4.766702175140381,4.548068523406982,345.4835510253906,36.7221164226532,1.0471200449931186
2022-09-28,67.91754913330078,4.766702175140381,4.4614386558532715,352.19580078125,36.28107295036316,3.0103206223845764
2022-09-29,65.2339859008789,4.595590114593506,4.3401570320129395,344.95343017578125,34.86370139122009,0.8920701592030557
2022-09-30,64.55603790283203,4.538552761077881,4.322830677032471,339.5382385253906,34.50415091514587,-0.6917665217029227
2022-10-03,65.20574188232422,4.620034694671631,4.374809265136719,348.5225524902344,34.86384320259094,1.9359679942617884
2022-10-04,68.55783081054688,4.962259292602539,4.704002380371094,359.1920166015625,36.70839366912841,5.056575669137414
2022-10-05,70.13030242919922,4.994852066040039,4.729991436004639,358.349365234375,37.50960512161255,4.810116775208727
2022-10-06,70.00788879394531,4.978555679321289,4.712665557861328,354.8087158203125,37.44004421234131,3.774546701559362
2022-10-07,65.6765365600586,4.717813014984131,4.504754066467285,344.9155578613281,35.15456299781799,0.8809932546917741
2022-10-10,63.5014533996582,4.587441921234131,4.392135143280029,342.3499450683594,34.00538630485535,0.1306021489194752
2022-10-11,59.74446105957031,4.367440223693848,3.9936373233795166,340.00213623046875,31.98119006156921,-0.5560855986763411
2022-10-12,60.36592102050781,4.554849147796631,4.028289318084717,338.9039611816406,32.35507311820984,-0.8772801263463326
2022-10-13,62.72933578491211,4.750405788421631,4.184223175048828,347.9260559082031,33.626634263992315,1.7615045167617842
2022-10-14,60.187007904052734,4.742257595062256,4.175560474395752,339.9547424316406,32.351293325424194,-0.5699473494467037
2022-10-17,61.100372314453125,4.831887722015381,4.366146087646484,348.702392578125,32.87298169136047,1.9885676705591142
2022-10-18,59.989280700683594,4.807443618774414,4.166897773742676,352.6975402832031,32.27025299072265,3.157069524133147
2022-10-19,59.94219970703125,4.782998561859131,4.175560474395752,350.3780822753906,32.241111516952515,2.4786738347895314
2022-10-20,59.86688232421875,4.986703872680664,4.236201286315918,347.3959655761719,32.27669258117675,1.6064635567610133
2022-10-21,60.026947021484375,5.084482192993164,4.400797367095947,355.7838439941406,32.418977642059325,4.059752446804303
2022-10-24,57.71061706542969,5.019296646118164,4.435449600219727,360.1575927734375,31.248187446594237,5.338987642333983
2022-10-25,57.56937026977539,5.068185806274414,4.513416767120361,365.9419860839844,31.207824230194092,7.030808522093694
2022-10-26,57.286888122558594,4.815591335296631,4.496091365814209,363.1776123046875,30.987339735031128,6.222283750663075
2022-10-27,57.39046859741211,4.799294948577881,4.504754066467285,361.2463684082031,31.035973596572873,5.657433026902061
2022-10-28,58.38855743408203,4.905221939086914,4.600046157836914,369.7193298339844,31.585854530334473,8.135607017491244
2022-10-31,57.95542526245117,4.831887722015381,4.409460544586182,367.1253967285156,31.309171056747434,7.3769327792560375
2022-11-01,57.983673095703125,4.880777359008789,4.444112777709961,365.66748046875,31.344892311096192,6.950521047412811
2022-11-02,56.98557662963867,4.799294948577881,4.305504322052002,356.2950744628906,30.7936776638031,4.209277269022665
2022-11-03,56.759586334228516,4.791147232055664,4.366146087646484,352.71649169921875,30.690366554260255,3.162612439283434
2022-11-04,58.831111907958984,5.084482192993164,4.704002380371094,357.7056579589844,31.88170108795166,4.621845101674112
2022-11-07,59.094764709472656,5.1904096603393555,4.81662130355835,361.1990051269531,32.0678295135498,5.64358020192099
2022-11-08,61.222774505615234,5.255594730377197,4.8512725830078125,363.1585998535156,33.15832018852234,6.216722983934204
2022-11-09,61.203941345214844,5.223001480102539,4.773306369781494,355.7459716796875,33.123532390594484,4.048675542293022
2022-11-10,66.70287322998047,5.825969219207764,5.2324442863464355,375.2292175292969,36.145716238021855,9.747140422570071
2022-11-11,69.51826477050781,5.964488983154297,5.440356731414795,378.8457336425781,37.636550426483154,10.804900008399168
2022-11-14,68.54841613769531,5.883006572723389,5.34506368637085,375.66473388671875,37.108122777938846,9.874520361555161
2022-11-15,75.76106262207031,6.176342487335205,5.509660243988037,378.8551330566406,40.83536610603333,10.807649151501082
2022-11-16,74.81006622314453,5.793376922607422,5.353726387023926,376.07183837890625,40.21379146575927,9.993590390709468
2022-11-17,76.72149658203125,6.094860076904297,5.4576826095581055,374.80322265625,41.28074283599854,9.622545329844064
2022-11-18,77.46537017822266,6.05411958694458,5.492334365844727,376.58306884765625,41.64738783836365,10.143115212927828
2022-11-21,75.26203918457031,5.980785369873047,5.431693077087402,375.14410400390625,40.51159381866455,9.722246396234887
2022-11-22,77.71959686279297,6.13560152053833,5.587627410888672,380.3131408691406,41.81800436973572,11.234087660712182
2022-11-23,77.1828842163086,6.10300874710083,5.622279167175293,382.5852355957031,41.5468005657196,11.89863052507473
2022-11-25,76.64616394042969,5.964488983154297,5.526986122131348,382.5567626953125,41.2178258895874,11.89030276366536
2022-11-28,74.59349060058594,5.7689313888549805,5.492334365844727,376.49786376953125,40.12589159011841,10.118194409224767
2022-11-29,74.69706726074219,5.801524639129639,5.518322944641113,375.8540344238281,40.19265561103821,9.929887032532985
2022-11-30,78.1339111328125,6.143749713897705,5.89083194732666,387.5081481933594,42.08824687004089,13.338485298912634
2022-12-01,77.8514175415039,6.029674530029297,5.882169246673584,387.34716796875,41.91104497909546,13.29140176039772
2022-12-02,76.74034118652344,6.037822723388672,5.873505592346191,386.9306640625,41.356218528747554,13.169582588141498
2022-12-05,76.85331726074219,6.005229949951172,5.830191135406494,379.96282958984375,41.39426584243775,11.131628525430154
2022-12-06,74.91362762451172,5.850414276123047,5.76954984664917,374.5286865234375,40.36584806442261,9.542248929373889
2022-12-07,74.61231994628906,5.834117412567139,5.76954984664917,373.8092041015625,40.2103051662445,9.33181452102742
2022-12-08,76.08123016357422,5.858562469482422,5.83885383605957,376.7440185546875,40.96595458984375,10.190189825653452
2022-12-09,75.97762298583984,5.785228252410889,5.760887145996094,373.960693359375,40.87655739784241,9.376122139072544
2022-12-12,75.73283386230469,5.874858856201172,5.856179714202881,379.2054443359375,40.80011053085327,10.91010828678311
2022-12-13,75.80816650390625,5.940044403076172,5.734898090362549,382.2328186035156,40.83307619094848,11.795555510331557
2022-12-14,75.34676361083984,5.883006572723389,5.734898090362549,379.9413757324219,40.58526339530945,11.12535369555793
2022-12-15,73.4917221069336,5.703746318817139,5.596290588378906,370.5285339355469,39.576243066787725,8.37228324635598
2022-12-16,72.25122833251953,5.671153545379639,5.535648822784424,366.00262451171875,38.93408999443054,7.048544065416753
2022-12-19,72.06185150146484,5.6141157150268555,5.492334365844727,362.96002197265625,38.813627338409425,6.158642873011636
2022-12-20,71.60731506347656,5.524486064910889,5.449019432067871,363.3783874511719,38.55080723762512,6.281006518414663
2022-12-21,73.0466537475586,5.687449932098389,5.6396050453186035,368.7980041503906,39.35748286247253,7.86613743876797
2022-12-22,71.28536224365234,5.540782928466797,5.509660243988037,363.77777099609375,38.40684804916382,6.39781832287811
2022-12-23,70.91606903076172,5.491892337799072,5.492334365844727,365.6698303222656,38.20406908988953,6.95120833318829
2022-12-27,70.37629699707031,5.4022626876831055,5.423030376434326,364.26263427734375,37.89343338012695,6.539631263148246
2022-12-28,69.18315124511719,5.288187503814697,5.336400508880615,359.8414306640625,37.245311975479126,5.24651646526962
2022-12-29,71.96714782714844,5.483745098114014,5.509660243988037,366.0691833496094,38.73062949180603,7.068011211862444
2022-12-30,70.53728485107422,5.3207807540893555,5.431693077087402,365.30853271484375,37.9512152671814,6.845535913761166
2023-01-03,70.1016845703125,5.3859663009643555,5.423030376434326,363.711181640625,37.75123825073242,6.378342250643125
2023-01-04,72.2701644897461,5.500040531158447,5.561638355255127,366.5445251464844,38.897422075271606,7.2070393058735
2023-01-05,71.71147918701172,5.3696699142456055,5.570301532745361,362.380126953125,38.58070087432861,5.98903502488644
2023-01-06,73.92731475830078,5.703746318817139,5.795538902282715,370.6520080566406,39.83388905525208,8.408396989831116
2023-01-09,76.04844665527344,5.931896686553955,5.960135459899902,370.39532470703125,40.99581942558289,8.333322176096718
2023-01-10,76.95750427246094,6.029674530029297,6.038102626800537,373.05755615234375,41.495275020599365,9.111972330767259
2023-01-11,77.44044494628906,6.062267303466797,6.081417560577393,377.7070007324219,41.75518617630005,10.471843106760206
2023-01-12,82.3834457397461,6.16819429397583,6.116069316864014,379.1806945800781,44.2653950214386,10.902869471667358
2023-01-13,82.1940689086914,6.111156940460205,6.1074066162109375,380.67352294921875,44.15186285972595,11.339492306460548
2023-01-17,84.2678451538086,6.23337984085083,6.159384727478027,379.9698791503906,45.23581347465515,11.133690382756589
2023-01-18,84.72236633300781,6.176342487335205,6.159384727478027,373.9797668457031,45.445962858200076,9.381700757379999
2023-01-19,83.70915222167969,6.045971393585205,6.072754859924316,371.31756591796875,44.88291850090027,8.60305952849875
2023-01-20,86.19960021972656,6.257824897766113,6.272003173828125,378.1348571777344,46.23154821395874,10.59698267263302
2023-01-23,90.58391571044922,6.5022711753845215,6.445262908935547,382.6227111816406,48.531691789627075,11.909591394325215
2023-01-24,89.5422592163086,6.380047798156738,6.401947975158691,382.3659362792969,47.965533542633054,11.834489803222942
2023-01-25,87.50637817382812,6.380047798156738,6.471251487731934,382.4325256347656,46.96145372390747,11.853965875457927
2023-01-26,88.49117279052734,6.420788764953613,6.583870887756348,386.6350402832031,47.48859720230102,13.083118467270605
2023-01-27,88.34915161132812,6.388195991516113,6.488577365875244,387.59539794921875,47.388750076293945,13.364004130498252
2023-01-30,88.18816375732422,6.4533820152282715,6.384622097015381,382.6701354980469,47.30702090263367,11.92346207088487
2023-01-31,87.80939483642578,6.624493598937988,6.237350940704346,388.222900390625,47.13951568603515,13.547536209918853
2023-02-01,89.71273803710938,6.925978183746338,6.540555953979492,392.368408203125,48.24227366447449,14.760015427334212
2023-02-02,91.52136993408203,7.0156073570251465,6.618522644042969,398.06365966796875,49.18907170295715,16.425764076572204
2023-02-03,89.63697814941406,6.844494819641113,6.523230075836182,393.9657897949219,48.1764835357666,15.227218016241546
2023-02-06,86.95714569091797,6.6000494956970215,6.358633518218994,391.541259765625,46.73031439781189,14.518090834365823
2023-02-07,89.5328140258789,6.7630133628845215,6.453926086425781,396.5994873046875,48.08609623908996,15.997522557924132
2023-02-08,89.27714538574219,6.673382759094238,6.341307163238525,392.27337646484375,47.90884895324707,14.732220519479153
2023-02-09,91.55925750732422,6.8119025230407715,6.393285751342773,388.9455261230469,49.1018566608429,13.758889974562393
2023-02-10,90.30931091308594,6.738569259643555,6.36729621887207,389.791748046875,48.44968547821045,14.006393185838236
2023-02-13,91.0100326538086,6.787457466125488,6.410611152648926,394.3746337890625,48.82337579727173,15.346796815385492
2023-02-14,92.7618637084961,6.89338493347168,6.471251487731934,394.16546630859375,49.74319763183593,15.285619455578622
2023-02-15,87.83779907226562,6.7141242027282715,6.341307163238525,395.4205017089844,47.201398229599,15.652692540209118
2023-02-16,86.00074005126953,6.608197212219238,6.211362361907959,390.095947265625,46.22510166168213,14.095365453500165
2023-02-17,85.3189468383789,6.6000494956970215,6.150721549987793,389.0121154785156,45.86963257789611,13.778366046797377
2023-02-21,82.98949432373047,6.54301118850708,6.012113571166992,381.30108642578125,44.66007323265076,11.523042237459736
2023-02-22,82.22248077392578,6.5267157554626465,6.038102626800537,380.6545104980469,44.27687563896179,11.33393153973168
2023-02-23,85.30001831054688,6.673382759094238,6.2286882400512695,382.6607360839844,45.89776163101197,11.920712927782956
2023-02-24,83.4345474243164,6.54301118850708,6.19403600692749,378.524658203125,44.91898427009583,10.710991779258803
2023-02-27,82.66753387451172,6.5674567222595215,6.19403600692749,379.8463439941406,44.542811155319214,11.09755878770287
2023-02-28,82.44974517822266,6.624493598937988,6.211362361907959,378.3915710449219,44.45449314117432,10.672066412156711
2023-03-01,83.72809600830078,6.730420112609863,6.2893290519714355,377.0414733886719,45.14103984832764,10.277189493881862
2023-03-02,84.30574035644531,6.77931022644043,6.401947975158691,380.0079650878906,45.46705284118652,11.144829767792915
2023-03-03,85.02540588378906,6.877087593078613,6.471251487731934,386.1025695800781,45.8700795173645,12.927381295705063
2023-03-06,84.82655334472656,6.771162509918213,6.393285751342773,386.5399475097656,45.7232825756073,13.05530570783696
2023-03-07,84.1352767944336,6.66523551940918,6.393285751342773,380.4453430175781,45.345866203308105,11.272754179924812
2023-03-08,86.01022338867188,6.925978183746338,6.557881832122803,381.1108093261719,46.3944815158844,11.467389941224571
2023-03-09,84.16368865966797,6.82819938659668,6.341307163238525,374.0559387207031,45.39856557846069,9.403979527452648
2023-03-10,82.62018585205078,6.787457466125488,6.254676818847656,368.7980041503906,44.597265529632566,7.86613743876797
2023-03-13,83.08417510986328,6.844494819641113,6.34997034072876,368.02783203125,44.86543006896972,7.640877294407609
2023-03-14,84.55191802978516,6.868940830230713,6.479914665222168,374.217529296875,45.63262419700623,9.451241581753402
2023-03-15,82.09935760498047,6.77931022644043,6.341307163238525,371.9166259765625,44.35173330307007,8.778272772299276
2023-03-16,85.0016098022461,7.064497947692871,6.644511699676514,378.3155212402344,45.94905662536621,10.649823345241229
2023-03-17,85.16341400146484,7.007460117340088,6.462588787078857,373.8277282714844,45.97646279335022,9.33723247512762
2023-03-20,85.70599365234375,7.129683017730713,6.635848045349121,377.53582763671875,46.31907134056092,10.421778354621788
2023-03-21,88.04756927490234,7.113386154174805,6.523230075836182,382.44195556640625,47.46244649887085,11.856723944349131
2023-03-22,88.16179656982422,7.072646141052246,6.583870887756348,376.0335693359375,47.51946630477905,9.982397450937391
2023-03-23,90.0369644165039,7.170423984527588,6.731141567230225,376.9864196777344,48.51583771705628,10.261087369999226
2023-03-24,88.32361602783203,7.007460117340088,6.635848045349121,379.4783935546875,47.59121565818787,10.989940546210105
2023-03-27,86.29613494873047,7.0563483238220215,6.549218654632568,380.13726806640625,46.57481570243836,11.182648337022808
2023-03-28,86.43892669677734,7.007460117340088,6.592534065246582,379.4306945800781,46.64020819664002,10.975989537546823
2023-03-29,88.29505157470703,6.999311447143555,6.748466968536377,384.9206848144531,47.59701261520386,12.581703328007315
2023-03-30,88.01900482177734,7.080793380737305,6.878412246704102,387.0594482421875,47.509422874450685,13.207249418953431
2023-03-31,88.54254150390625,7.137831211090088,6.9044013023376465,392.4920959472656,47.793500375747676,14.796191651334393
2023-04-03,88.3711929321289,7.129683017730713,6.861086368560791,393.88616943359375,47.69671864509583,15.203930631978906
2023-04-04,87.73345947265625,7.02375602722168,6.748466968536377,391.8715515136719,47.32354993820191,14.614694651872348
2023-04-05,85.85826873779297,6.868940830230713,6.670500755310059,390.9454040527344,46.32391676902771,14.34381479844095
2023-04-06,85.89635467529297,6.950422286987305,6.748466968536377,392.4253234863281,46.38299741744995,14.776662024363658
2023-04-10,84.7350845336914,6.8526434898376465,6.609859943389893,392.8740234375,45.74530730247498,14.907897904322859
2023-04-11,84.94448852539062,6.8526434898376465,6.609859943389893,392.864501953125,45.850009298324586,14.905113058063776
2023-04-12,82.6885757446289,6.787457466125488,6.514566898345947,391.3941345214844,44.68343849182129,14.475059604189443
2023-04-13,82.85990142822266,6.860792636871338,6.332643985748291,396.49261474609375,44.75471730232239,15.966264443823805
2023-04-14,83.00267791748047,6.820050239562988,6.375959396362305,395.5187683105469,44.82254590988159,15.681433581729124
2023-04-17,83.75465393066406,6.885236740112305,6.393285751342773,396.9796142578125,45.22155513763428,16.108702189344378
2023-04-18,83.8974380493164,6.925978183746338,6.34997034072876,397.2087097167969,45.296506547927855,16.17570808955887
2023-04-19,83.03124237060547,6.7630133628845215,6.150721549987793,397.1800537109375,44.774669504165644,16.167326773413752
2023-04-20,84.99207305908203,6.754865646362305,6.159384727478027,394.9554748535156,45.754373168945314,15.516681362978735
2023-04-21,81.26075744628906,6.591901779174805,6.072754859924316,395.17510986328125,43.822500228881836,15.580920268512735
2023-04-24,80.56591033935547,6.5104193687438965,6.020776271820068,395.67156982421875,43.440236234664916,15.726125008713801
2023-04-25,78.32903289794922,6.24967622756958,5.8994951248168945,389.3890686035156,42.21931834220886,13.88861739613126
2023-04-26,78.29095458984375,6.265973091125488,5.8994951248168945,387.8041687011719,42.2051682472229,13.425065455044324
2023-04-27,79.64260864257812,6.445233345031738,5.873505592346191,395.49969482421875,42.92957544326782,15.67585496342167
2023-04-28,80.24227142333984,6.54301118850708,5.942809581756592,398.77459716796875,43.272600984573366,16.633699263916935
2023-05-01,79.93767547607422,6.5104193687438965,5.925483703613281,398.48822021484375,43.107060289382936,16.54993965720149
2023-05-02,78.96678924560547,6.518567085266113,5.83885383605957,394.0293884277344,42.60673551559448,15.24581936112592
2023-05-03,78.71927642822266,6.5267157554626465,5.916820526123047,391.1935729980469,42.501017045974734,14.416399316962899
2023-05-04,79.47125244140625,6.5022711753845215,6.055428504943848,388.4629211425781,42.89739327430725,13.61773754269986
2023-05-05,80.88001251220703,6.681530952453613,6.159384727478027,395.5665283203125,43.676342487335205,15.695402441970991
2023-05-08,81.42259979248047,6.673382759094238,6.133395195007324,395.776611328125,43.939993762969976,15.756847575456614
2023-05-09,80.96568298339844,6.575604438781738,6.038102626800537,394.1629638671875,43.66314334869384,15.284887540856683
2023-05-10,80.81338500976562,6.591901779174805,6.020776271820068,395.8243103027344,43.588418292999265,15.770798584119897
2023-05-11,79.41415405273438,6.396344184875488,5.960135459899902,395.2323913574219,42.81800737380981,15.59767397501368
2023-05-12,79.41415405273438,6.371899604797363,5.942809581756592,394.716796875,42.80720882415771,15.446872764926574
2023-05-15,81.53681945800781,6.42893648147583,6.055428504943848,396.0247802734375,43.90817637443542,15.829432093978566
2023-05-16,81.74623107910156,6.42893648147583,6.055428504943848,393.38006591796875,44.012882184982296,15.055905342361593
2023-05-17,86.50554656982422,6.5674567222595215,6.263340473175049,398.154052734375,46.47567839622498,16.45220226445489
2023-05-18,88.19034576416016,6.730420112609863,6.471251487731934,402.0113220214844,47.40854921340942,17.580377402008
2023-05-19,88.12371826171875,6.583752632141113,6.384622097015381,401.42889404296875,47.31390933990478,17.410028713371574
2023-05-22,87.30513000488281,6.42893648147583,6.462588787078857,401.5434875488281,46.873763704299925,17.443545052162758
2023-05-23,86.08673095703125,6.396344184875488,6.36729621887207,397.1514892578125,46.23572797775268,16.158972234636508
2023-05-24,85.79165649414062,6.412640571594238,6.315317630767822,394.1725769042969,46.08268394470215,15.287699164483643
2023-05-25,96.09082794189453,6.53486442565918,6.549218654632568,397.64794921875,51.31571702957154,16.304176974837574
2023-05-26,98.24205780029297,7.0563483238220215,6.82643461227417,402.8706359863281,52.603220319747926,17.83170977689008
2023-05-30,97.07125854492188,6.836348056793213,6.644511699676514,402.947021484375,51.915436029434204,17.85405102748777
2023-05-31,93.84443664550781,6.730420112609863,6.601196765899658,400.46453857421875,50.261583709716795,17.12797377174668
2023-06-01,94.08240509033203,6.77931022644043,6.791782379150391,404.5892028808594,50.433352088928224,18.334356675075654
2023-06-02,94.1775894165039,6.77931022644043,6.9823689460754395,410.35614013671875,50.51906156539917,20.02107200336038
2023-06-05,93.3304214477539,6.6570868492126465,6.878412246704102,409.6495666503906,50.03801922798157,19.814413203884396
2023-06-06,95.01522827148438,6.730420112609863,7.294235706329346,410.5184631347656,50.98558731079102,20.06854827660414
2023-06-07,95.46260070800781,6.754865646362305,7.415517807006836,409.1669616699219,51.24086360931396,19.673260772021862
2023-06-08,95.12944793701172,6.885236740112305,7.424180507659912,411.5326843261719,51.115131092071536,20.36518795793204
2023-06-09,97.85181427001953,6.89338493347168,7.519473552703857,412.3564147949219,52.49781732559204,20.606112862499735
2023-06-12,101.90672302246094,7.080793380737305,7.684070110321045,416.10125732421875,54.614413547515866,21.701405392301382
2023-06-13,101.65926361083984,7.170423984527588,7.76203727722168,418.8212890625,54.53316645622254,22.496960991890834
2023-06-14,102.23988342285156,7.227461814880371,7.727385520935059,419.3097229003906,54.833657360076906,22.639818249508124
2023-06-15,100.53656005859375,7.268202304840088,7.744710922241211,424.49127197265625,53.997682905197145,24.155319087595107
2023-06-16,99.95349884033203,7.129683017730713,7.666744709014893,422.97796630859375,53.64900326728821,23.712707048187035
2023-06-20,99.38954162597656,7.048200607299805,7.623429298400879,420.97625732421875,53.3339168548584,23.12724667695096
2023-06-21,97.15284729003906,6.950422286987305,7.519473552703857,418.75421142578125,52.16544504165649,22.477342107027177
2023-06-22,98.57706451416016,7.02375602722168,7.597440242767334,420.2675476074219,52.91514711380005,22.91996307222454
2023-06-23,97.41094207763672,6.89338493347168,7.502147197723389,417.068603515625,52.27391595840454,21.984335061276884
2023-06-26,95.69039154052734,7.064975261688232,7.562788009643555,415.30621337890625,51.47724595069885,21.4688707296681
2023-06-27,97.57341766357422,7.02120304107666,7.6320929527282715,419.90350341796875,52.41948833465576,22.813487331761145
2023-06-28,96.4646224975586,6.872374057769775,7.450170516967773,420.0377502441406,51.78405756950379,22.85275187885633
2023-06-29,96.19699096679688,6.872374057769775,7.380866050720215,421.7137756347656,51.63638091087341,23.34295622676896
2023-06-30,96.4646224975586,6.9073920249938965,7.233229160308838,426.8856201171875,51.75117468833923,24.85561866386111
2023-07-03,98.59617614746094,6.898637771606445,7.279655933380127,427.4986877441406,52.823610591888425,25.034928844946634
2023-07-05,96.53154754638672,6.741054058074951,7.103235244750977,426.76116943359375,51.70873703956604,24.819219295128633
2023-07-06,95.02129364013672,6.723545551300049,6.9546709060668945,423.2653503417969,50.91864466667175,23.79676120594911
2023-07-07,95.80510711669922,6.784827709197998,7.038238525390625,422.1830139160156,51.345649576187135,23.48019916292163
2023-07-10,95.36540985107422,6.872374057769775,7.084665298461914,423.30364990234375,51.16135020256043,23.80796307151048
2023-07-11,96.78961944580078,6.872374057769775,7.1218061447143555,426.1482849121094,51.8808831691742,24.639962668778864
2023-07-12,99.31306457519531,6.793582916259766,7.2703704833984375,429.34716796875,53.148681259155275,25.57557282814794
2023-07-13,100.90933990478516,6.819846153259277,7.38179349899292,433.0057373046875,53.976982498168944,26.645632151621314
2023-07-14,100.49832916259766,6.837355136871338,7.55821418762207,432.57476806640625,53.812013959884645,26.519582155240716
2023-07-17,100.1637954711914,6.9599199295043945,7.669637680053711,434.18377685546875,53.703801250457765,26.990185469868276
2023-07-18,98.59617614746094,6.872374057769775,7.604639530181885,437.3348693847656,52.88072819709778,27.911817843206194
2023-07-19,98.5101547241211,6.697281360626221,7.307511806488037,438.1394348144531,52.725764131546015,28.147137352098557
2023-07-20,93.53971099853516,6.277060031890869,7.205374240875244,435.40985107421875,50.09404835700989,27.34878798046073
2023-07-21,92.9566421508789,6.2858147621154785,7.177517890930176,435.4002380371094,49.799569082260135,27.34597635683378
2023-07-24,93.91250610351562,6.347097396850586,7.177517890930176,437.3252868652344,50.29588584899903,27.909015145368528
2023-07-25,95.89112091064453,6.4171342849731445,7.539643287658691,438.50335693359375,51.37862939834594,28.253577389404782
2023-07-26,95.02129364013672,6.312078475952148,7.3446526527404785,438.54168701171875,50.8732008934021,28.264788180755446
2023-07-27,94.96393585205078,6.452152252197266,7.521073341369629,435.7066955566406,50.921828269958496,27.435609132903306
2023-07-28,96.40727996826172,6.574717044830322,7.799630641937256,439.8251037597656,51.73598122596741,28.64016224942743
2023-07-31,94.77276611328125,6.574717044830322,7.456075668334961,440.7445373535156,50.85001330375671,28.909078429214606
2023-08-01,94.05587768554688,6.504680156707764,7.428220272064209,439.5186462402344,50.464986944198614,28.550529473357905
2023-08-02,91.4750747680664,6.312078475952148,7.066094875335693,433.3793029785156,49.04437990188599,26.754892738343788
2023-08-03,90.786865234375,6.277060031890869,7.075379848480225,432.1342468261719,48.69162659645081,26.39073838681175
2023-08-04,91.91478729248047,6.355852127075195,7.1218061447143555,430.12286376953125,49.28851051330567,25.802448540370136
2023-08-07,92.09638977050781,6.408379077911377,7.233229160308838,433.9252624511719,49.41735444068909,26.91457510877636
2023-08-08,90.3184814453125,6.224532604217529,7.056809425354004,432.10546875,48.43796238899231,26.382321367509466
2023-08-09,89.83102416992188,6.198267936706543,7.093950271606445,429.184326171875,48.19378252029419,25.52794481648622
2023-08-10,90.61480712890625,6.207023620605469,7.084665298461914,429.3758850097656,48.586443710327146,25.583971995871646
2023-08-11,87.92886352539062,6.110722064971924,6.945385932922363,429.1172790527344,47.186725568771365,25.508334857411857
2023-08-14,88.96118927001953,6.189513683319092,7.066094875335693,431.4158630371094,47.75066771507263,26.180625306879797
2023-08-15,87.6325454711914,6.0757036209106445,6.917530059814453,426.53131103515625,47.02248983383179,24.75199025018184
2023-08-16,87.72811889648438,5.891857147216797,6.768965244293213,423.34197998046875,46.98540964126587,23.81917386286114
2023-08-17,87.59431457519531,5.90061092376709,6.787536144256592,420.08551025390625,46.924847793579104,22.8667207390982
2023-08-18,87.07817077636719,5.926875114440918,6.787536144256592,420.1622314453125,46.67465515136719,22.8891601733781
2023-08-21,88.47369384765625,5.996912479400635,6.936100482940674,422.9971008300781,47.42314076423645,23.71830351807307
2023-08-22,88.1678237915039,5.909365653991699,6.8803887367248535,421.7904052734375,47.23279933929444,23.36536888368099
2023-08-23,90.06043243408203,6.005667209625244,7.112520217895508,426.4450988769531,48.25442042350769,24.726774895432147
2023-08-24,88.44500732421875,5.9356303215026855,6.982527256011963,420.7176818847656,47.399698209762576,23.051618464280462
2023-08-25,88.9898681640625,6.031930446624756,7.613925457000732,423.7250671386719,47.82729830741882,23.9312192958427
2023-08-28,89.8501205444336,6.145740985870361,7.66035270690918,426.28228759765625,48.30085310935974,24.679155809559717
2023-08-29,90.88245391845703,6.2858147621154785,7.771775245666504,432.4407653808594,48.88132643699646,26.480389014459867
2023-08-30,90.59568786621094,6.364605903625488,7.790346145629883,434.33709716796875,48.76529493331909,27.03502863527092
2023-08-31,89.43911743164062,6.277060031890869,7.632496356964111,433.57086181640625,48.1291759967804,26.810919917729215
2023-09-01,89.07588958740234,6.33834171295166,7.678923606872559,434.49029541015625,47.97523202896118,27.07983609751639
2023-09-05,90.42363739013672,6.4433979988098145,7.613925457000732,432.6227111816406,48.66762318611145,26.533604570218337
2023-09-06,88.18695068359375,6.347097396850586,7.548929214477539,429.6153259277344,47.507390403747564,25.6540037386561
2023-09-07,86.07451629638672,6.172004699707031,7.409649848937988,428.42767333984375,46.370789527893066,25.30663879678218
2023-09-08,85.68262481689453,6.180759429931641,7.288940906524658,428.95440673828125,46.15332841873169,25.46069791996084
2023-09-11,85.64437103271484,6.250795841217041,7.149662017822266,431.8564453125,46.127356672286986,26.30948692688734
2023-09-12,86.48553466796875,6.364605903625488,7.242514610290527,429.5195007324219,46.600652027130124,25.62597676027945
2023-09-13,87.19285583496094,6.425888538360596,7.131091117858887,429.92181396484375,46.95041270256043,25.74364544051492
2023-09-14,87.88560485839844,6.460906982421875,7.316797256469727,433.762451171875,47.34443397521973,26.86695602290393
2023-09-15,85.75260925292969,6.382115364074707,7.149662017822266,428.1690673828125,46.220871639251705,25.231001658322395
2023-09-18,85.34906005859375,6.3208327293396,7.131091117858887,428.9065856933594,45.99699807167053,25.446711208140393
2023-09-19,84.71492767333984,6.224532604217529,7.103235244750977,427.94879150390625,45.64547066688537,25.16657531121326
2023-09-20,83.8694076538086,6.1019673347473145,7.028953552246094,423.8974609375,45.17108473777771,23.981641079552794
2023-09-21,82.0150375366211,6.084458351135254,6.8803887367248535,416.9536437988281,44.2089340209961,21.950711613014192
2023-09-22,82.2840576171875,6.145740985870361,6.9546709060668945,415.95758056640625,44.37668528556824,21.659382776314988
2023-09-25,82.86054229736328,6.189513683319092,6.991812705993652,417.6815490722656,44.685487794876096,22.163609539205233
2023-09-26,80.98697662353516,6.049439430236816,6.750394821166992,411.5690612792969,43.65839910507202,20.375827498768018
2023-09-27,82.0918960571289,6.049439430236816,6.85253381729126,411.67486572265625,44.23128662109375,20.406773210243127
2023-09-28,83.02388000488281,6.189513683319092,6.9546709060668945,414.0802001953125,44.759728288650514,21.110286070654226
2023-09-29,83.49468231201172,6.180759429931641,6.982527256011963,413.17584228515625,44.99807443618774,20.845779230777264
2023-10-02,84.21529388427734,6.154495716094971,6.982527256011963,413.031494140625,45.35050110816956,20.80356024742645
2023-10-03,82.06307983398438,6.023176193237305,6.833962917327881,407.5279541015625,44.20528535842895,19.193883406520342
2023-10-04,83.27369689941406,6.031930446624756,6.982527256011963,410.4144592285156,44.84293303489685,20.038129186697255
2023-10-05,83.61959838867188,6.093213081359863,7.0475239753723145,410.2220153808594,45.04726791381836,19.981843159422365
2023-10-06,85.7910385131836,6.24204158782959,7.158947467803955,415.0423583984375,46.199921226501466,21.3916983554501
2023-10-09,85.50279235839844,6.207023620605469,7.103235244750977,417.77490234375,46.03415031433105,22.19091352864924
2023-10-10,87.0593032836914,6.277060031890869,7.196088790893555,419.9589538574219,46.85198740959168,22.829705490904576
2023-10-11,88.39483642578125,6.347097396850586,7.326082706451416,421.73895263671875,47.566763973236085,23.3503200029348
2023-10-12,88.79837036132812,6.312078475952148,7.298226356506348,419.20849609375,47.75245399475098,22.6102114064268
2023-10-13,86.91519165039062,6.215777397155762,7.112520217895508,417.00518798828125,46.744833087921144,21.96578727112826
2023-10-16,87.64539337158203,6.373361110687256,7.372508525848389,421.3445129394531,47.20920672416687,23.234954176336643
2023-10-17,87.43402862548828,6.425888538360596,7.251799583435059,421.46954345703125,47.09514079093933,23.27152313506567
2023-10-18,86.08887481689453,6.4784159660339355,7.196088790893555,415.94683837890625,46.42717995643616,21.65624089848423
2023-10-19,89.26918029785156,6.609735488891602,7.168232440948486,412.1751708984375,48.051157283782956,20.553102599894977
2023-10-20,87.73187255859375,6.504680156707764,7.158947467803955,407.1046447753906,47.24912981987,19.070073783252024
2023-10-23,87.53972625732422,6.4959259033203125,7.084665298461914,406.3926696777344,47.13557395935059,18.86183511907137
2023-10-24,88.04894256591797,6.513434410095215,7.168232440948486,409.4523010253906,47.41214809417724,19.75671690190138
2023-10-25,84.2056884765625,6.250795841217041,6.926815509796143,403.63128662109375,45.36344609260559,18.05418507499136
2023-10-26,84.02313232421875,6.2332868576049805,6.871103763580322,398.7628479003906,45.25577297210693,16.63026283503954
2023-10-27,82.6203384399414,6.189513683319092,6.945385932922363,396.9347229003906,44.5561005115509,16.09557235329595
2023-10-30,82.68760681152344,6.189513683319092,6.833962917327881,401.6492614746094,44.56745009422302,17.474481837848575
2023-10-31,82.92779541015625,6.2332868576049805,6.917530059814453,404.04498291015625,44.71738977432251,18.17518307463272
2023-11-01,84.35941314697266,6.373361110687256,7.075379848480225,408.4612731933594,45.50679087638855,19.466860820435343
2023-11-02,86.93440246582031,6.583471775054932,7.279655933380127,416.3316345214844,46.89817395210266,21.76878617566614
2023-11-03,88.19306182861328,6.75856351852417,7.456075668334961,420.0647277832031,47.61531510353088,22.860642276590397
2023-11-06,88.97132873535156,6.653508186340332,7.437505722045898,421.0750427246094,47.96921796798706,23.156139456888926
2023-11-07,88.78877258300781,6.671017646789551,7.3446526527404785,422.191162109375,47.86462211608887,23.48258234866257
2023-11-08,88.39483642578125,6.539698123931885,7.3446526527404785,422.53753662109375,47.62825818061828,23.583890057125945
2023-11-09,88.02972412109375,6.4784159660339355,7.288940906524658,419.3528137207031,47.41617503166199,22.652421463988322
2023-11-10,93.62166595458984,6.706036567687988,7.59535551071167,425.9146423339844,50.341715049743655,24.57162682595987
2023-11-13,92.64163970947266,6.574717044830322,7.586069583892822,425.4239807128906,49.81044888496399,24.42811798572427
2023-11-14,95.0340576171875,6.7147908210754395,7.892484188079834,433.7657470703125,51.109962892532344,26.86792000814746
2023-11-15,94.9283676147461,6.67977237701416,7.920340061187744,434.6413269042969,51.05218353271485,27.124009828722134
2023-11-16,94.67855072021484,6.653508186340332,7.901769161224365,435.1801452636719,50.9156816482544,27.2816035644604
2023-11-17,95.67780303955078,6.872374057769775,7.911055088043213,435.6419677734375,51.48282475471497,27.416677533815133
2023-11-20,96.04291534423828,6.968674659729004,8.041048049926758,439.1442565917969,51.72026968002319,28.441027890324545
2023-11-21,94.55364990234375,6.881128787994385,7.966765880584717,438.1340026855469,50.934516763687135,28.145548561604596
2023-11-22,94.78424835205078,6.889883041381836,7.966765880584717,439.7984924316406,51.05244226455688,28.63237896116487
2023-11-24,93.99638366699219,6.898637771606445,7.966765880584717,440.12567138671875,50.661136341094966,28.728072348163618
2023-11-27,93.40067291259766,6.863619327545166,7.892484188079834,439.30780029296875,50.337919092178346,28.488861195139982
2023-11-28,94.14051818847656,6.8461103439331055,7.873913288116455,439.68304443359375,50.6988748550415,28.598612700273513
2023-11-29,95.00523376464844,6.898637771606445,8.03176212310791,439.4809265136719,51.17856063842773,28.53949719779308
2023-11-30,93.49675750732422,6.819846153259277,7.985337734222412,441.06854248046875,50.39140014648438,29.003843534126993
2023-12-01,94.68816375732422,6.951165199279785,8.115330696105957,443.6759948730469,51.05249757766724,29.766471897018526
2023-12-04,93.20851135253906,6.872374057769775,8.013192176818848,441.4822692871094,50.26860632896424,29.12485045955765
2023-12-05,92.90105438232422,6.767318248748779,7.9760518074035645,441.3860168457031,50.07593302726745,29.096698520130914
2023-12-06,94.01558685302734,6.75856351852417,7.9760518074035645,439.5578918457031,50.63057284355163,28.562008038387322
2023-12-07,95.39915466308594,6.828600883483887,8.050333976745605,442.9350891113281,51.358224391937256,29.549771584589124
2023-12-08,96.4176254272461,6.828600883483887,8.143186569213867,444.84979248046875,51.88603029251099,30.109784530553913
2023-12-11,96.9941177368164,6.916147232055664,8.30103588104248,446.58154296875,52.232110214233394,30.616287369713604
2023-12-12,97.61865234375,6.951165199279785,8.254610061645508,448.7945251464844,52.54559774398804,31.263540980217684
2023-12-13,98.11827087402344,7.056221008300781,8.3567476272583,454.94268798828125,52.847351264953616,33.06175726833717
2023-12-14,99.86457824707031,7.12625789642334,8.449601173400879,456.3667297363281,53.76008672714233,33.478261374066356
2023-12-15,98.98612213134766,7.0912394523620605,8.412460327148438,455.59698486328125,53.30292496681213,33.25312619075608
2023-12-18,99.36260223388672,7.073729991912842,8.4310302734375,458.1274108886719,53.48962616920471,33.993225861474784
2023-12-19,100.27002716064453,6.986184120178223,8.514596939086914,460.7733459472656,53.933788204193114,34.767109644663435
2023-12-20,96.57275390625,6.8461103439331055,8.24532413482666,454.17047119140625,51.98927488327026,32.835899096094245
2023-12-21,98.99576568603516,6.933656692504883,8.4310302734375,458.7784729003906,53.26418590545654,34.183648650228754
2023-12-22,99.5749740600586,6.977428913116455,8.505311012268066,459.6575927734375,53.58177790641785,34.4407738623613
2023-12-26,100.82991027832031,7.187540054321289,8.718873023986816,461.637939453125,54.31499176025391,35.01998618109302
2023-12-27,101.02298736572266,7.5814971923828125,8.756014823913574,462.5169982910156,54.53714580535888,35.27709354164698
2023-12-28,101.07124328613281,7.450178623199463,8.774584770202637,462.7295227050781,54.52559218406677,35.33925273827595
2023-12-29,100.3955078125,7.406405448913574,8.737443923950195,461.4061279296875,54.16716432571411,34.95218588563154
2024-01-02,98.0111312866211,7.248822212219238,8.4310302734375,458.7591857910156,52.86641836166382,34.178007551396256
2024-01-03,96.69824981689453,7.0387115478515625,7.985337734222412,455.0109558105469,52.05780591964722,33.0817242589832
2024-01-04,95.69429016113281,7.117502689361572,7.9760518074035645,453.61016845703125,51.57760624885559,32.672021604694464
2024-01-05,96.15767669677734,7.0912394523620605,7.9574809074401855,454.1511535644531,51.79770636558533,32.83024907147246
2024-01-08,98.69651794433594,7.205048561096191,8.171042442321777,460.40142822265625,53.143982028961176,34.65833105056272
2024-01-09,98.35862731933594,7.099993705749512,8.133901596069336,459.9667053222656,52.936092090606685,34.53118318209923
2024-01-10,97.3064193725586,7.0387115478515625,8.143186569213867,462.5459899902344,52.39346046447754,35.28557304147431
2024-01-11,97.71185302734375,6.986184120178223,8.143186569213867,462.2947692871094,52.580419063568115,35.21209594402316
2024-01-12,97.73116302490234,6.9599199295043945,8.124615669250488,462.6908874511719,52.57848062515259,35.32795268903237
2024-01-16,98.1462631225586,6.854864597320557,8.096759796142578,461.0872802734375,52.748942899703984,34.858929239109486
2024-01-17,99.38190460205078,6.688526630401611,8.013192176818848,458.498291015625,53.300148725509644,34.10170097873957
2024-01-18,109.1125259399414,6.819846153259277,8.40317440032959,462.4300842285156,58.282851696014404,35.25167289374357
2024-01-19,110.24199676513672,6.968674659729004,8.607451438903809,468.2166748046875,58.93309106826782,36.9441364303323
2024-01-22,109.1125259399414,7.0912394523620605,8.718873023986816,469.2309265136719,58.427409410476685,37.240785037449484
2024-01-23,110.17443084716797,7.108748435974121,8.793155670166016,470.68963623046875,58.97847108840942,37.667428839814306
2024-01-24,112.48158264160156,7.187540054321289,8.839582443237305,471.04705810546875,60.16496982574463,37.77196768400135
2024-01-25,112.52020263671875,7.240067958831787,8.941720962524414,473.6746826171875,60.220465898513794,38.54049599361485
2024-01-26,113.19593048095703,6.863619327545166,8.765298843383789,473.1820373535156,60.410110807418825,38.39640697707527
2024-01-29,112.92564392089844,6.9073920249938965,8.802440643310547,476.9012145996094,60.2955276966095,39.48419291808241
2024-01-30,112.03752136230469,6.854864597320557,8.709589004516602,476.5437927246094,59.81713786125184,39.37965407389536
2024-01-31,109.04499053955078,6.749809265136719,8.626021385192871,468.7189636230469,58.272642326354976,37.091045996288116
2024-02-01,109.4600601196289,6.732300281524658,8.40317440032959,474.940185546875,58.430355024337764,38.91063062397247
2024-02-02,111.73827362060547,6.671017646789551,8.226754188537598,479.8380126953125,59.51579294204712,40.343148399012414
2024-02-05,114.67289733886719,6.7147908210754395,8.449601173400879,478.234375,61.040806150436396,39.87411602330024
2024-02-06,115.2424545288086,6.7147908210754395,8.4310302734375,479.5288391113281,61.32187056541443,40.2527212276959
2024-02-07,120.64837646484375,6.916147232055664,8.607451438903809,483.42193603515625,64.12052268981934,41.39137524187773
2024-02-08,129.09510803222656,7.047466278076172,8.756014823913574,483.7407531738281,68.41299686431886,41.484622962610494
2024-02-09,128.49661254882812,7.099993705749512,8.932435989379883,486.5422668457031,68.16479158401489,42.30401041960939
2024-02-12,125.93846130371094,7.056221008300781,8.895293235778809,486.2813720703125,66.86515560150147,42.2277038469527
2024-02-13,123.12930297851562,6.819846153259277,8.681733131408691,479.7511291503906,65.34695196151733,40.3177366768983
2024-02-14,124.7896957397461,6.942410469055176,8.858152389526367,484.0305480957031,66.24920148849488,41.56938225772663
2024-02-15,124.55799102783203,6.828600883483887,8.941720962524414,487.2184143066406,66.11591997146606,42.50177020716132
2024-02-16,122.29911804199219,6.741054058074951,8.923150062561035,484.8999938964844,64.95650525093079,41.82367799465363
2024-02-20,120.98624420166016,6.802336692810059,8.821011543273926,482.20477294921875,64.29802541732788,41.03537906175852
2024-02-21,120.99588775634766,6.75856351852417,8.876723289489746,482.6394348144531,64.30085759162903,41.16250907864343
2024-02-22,124.59662628173828,6.793582916259766,9.229562759399414,492.724853515625,66.18230056762695,44.11229499805016
2024-02-23,125.04067993164062,6.618490219116211,9.108855247497559,493.0050048828125,66.3276580810547,44.19423374375005
2024-02-26,126.11219787597656,6.671017646789551,9.155281066894531,491.1501770019531,66.88846044540405,43.65173319637602
2024-02-27,124.13325500488281,6.627244472503662,8.913865089416504,492.0196533203125,65.8375738620758,43.906037859092315
2024-02-28,122.96517944335938,6.600980758666992,8.84886646270752,491.4013977050781,65.23265724182129,43.72521029382717
2024-02-29,124.21047973632812,6.723545551300049,9.04385757446289,493.1112976074219,65.93107504844666,44.225322267853834
2024-03-01,129.25921630859375,6.837355136871338,9.201706886291504,497.88348388671875,68.52115607261658,45.621092568378906
2024-03-04,133.4680938720703,6.776072978973389,9.340988159179688,497.29425048828125,70.63506646156311,45.448753428730384
2024-03-05,130.29214477539062,6.688526630401611,9.35955810546875,492.27081298828125,69.02454199790954,43.97949710496487
2024-03-06,136.6633758544922,6.924901485443115,9.851676940917969,494.9371032714844,72.37949376106263,44.75933438961124
2024-03-07,144.02894592285156,7.222558975219727,10.826630592346191,499.8540954589844,76.34656677246093,46.19745756032651
2024-03-08,141.2969970703125,7.187540054321289,10.418078422546387,496.82086181640625,74.88837623596191,45.31029658523401
2024-03-11,134.20176696777344,7.161276817321777,10.204516410827637,496.57928466796875,71.29016981124879,45.239640037199116
2024-03-12,139.3953094482422,7.423914432525635,10.54807186126709,501.7572326660156,74.0344434261322,46.75408763214966
2024-03-13,137.21363830566406,7.283841133117676,10.427363395690918,500.95550537109375,72.87744417190551,46.51959822166145
2024-03-14,134.78094482421875,7.205048561096191,10.195231437683105,499.8638610839844,71.59103326797485,46.20031381289992
2024-03-15,132.23248291015625,7.02120304107666,10.037383079528809,495.79681396484375,70.23007898330688,45.01078279975411
2024-03-18,132.43991088867188,7.099993705749512,10.241658210754395,499.2939147949219,70.39828519821168,46.0336157720839
2024-03-19,130.72430419921875,7.2313127517700195,10.250944137573242,502.1824035644531,69.58173475265502,46.87844172856479
2024-03-20,132.54649353027344,7.353877067565918,10.390222549438477,506.8483581542969,70.55745439529419,48.243141356564664
2024-03-21,135.16351318359375,7.301350116729736,10.538787841796875,508.413330078125,71.87991919517518,48.70086475724397
2024-03-22,136.22003173828125,7.1437668800354,10.427363395690918,507.7349548339844,72.33861861228942,48.50245338707372
2024-03-25,135.91954040527344,6.994938850402832,10.325226783752441,506.1456604003906,72.12329721450806,48.03761613232875
2024-03-26,134.572265625,6.9599199295043945,10.195231437683105,505.0795593261719,71.41315507888794,47.72580260920458
2024-03-27,132.4883575439453,6.986184120178223,10.213802337646484,509.4792785644531,70.38279447555541,49.01263365142169
2024-03-28,131.86805725097656,7.082485198974609,10.204516410827637,509.4890441894531,70.0996774673462,49.0154899039951
2024-04-01,137.1408233642578,7.117502689361572,10.04666805267334,508.6653137207031,72.71499609947205,48.77456499942741
2024-04-02,135.9098663330078,7.099993705749512,10.093094825744629,505.34124755859375,72.1035502433777,47.80234125238285
2024-04-03,137.63514709472656,7.135012626647949,10.288084983825684,505.90338134765625,73.0156943321228,47.96675429114015
2024-04-04,135.36708068847656,7.003693103790283,10.139520645141602,499.6816711425781,71.81255240440368,46.147026850827125
2024-04-05,137.0148162841797,7.056221008300781,10.315940856933594,504.8955383300781,72.6874626159668,47.67198009977426
2024-04-08,138.40086364746094,7.161276817321777,10.158090591430664,505.0311584472656,73.38043298721314,47.71164630738758
2024-04-09,140.93063354492188,7.240067958831787,10.315940856933594,505.6611328125,74.70052533149719,47.89590137574083
2024-04-10,141.72543334960938,7.161276817321777,10.167375564575195,500.7573547363281,75.04457483291627,46.46164307178896
2024-04-11,142.67530822753906,7.161276817321777,10.408793449401855,504.50787353515625,75.56779584884644,47.55859579839891
2024-04-12,138.13917541503906,6.977428913116455,10.07452392578125,497.45269775390625,73.17772116661071,45.49509612673407
2024-04-15,135.83233642578125,6.8461103439331055,10.055953025817871,491.2892150878906,71.98119192123413,43.69239909239005
2024-04-16,135.5027618408203,6.706036567687988,9.981671333312988,490.3492126464844,71.75952615737916,43.41746693062011
2024-04-17,134.75643920898438,6.644754409790039,9.833106994628906,487.5000305175781,71.33826732635498,42.58413739074722
2024-04-18,128.2042236328125,6.592226028442383,9.610260963439941,486.3758544921875,68.00183181762695,42.25533809060051
2024-04-19,123.77469635009766,6.4784159660339355,9.33170223236084,482.1602478027344,65.69721341133118,41.0223563351816
2024-04-22,125.7616958618164,6.548452854156494,9.452409744262695,486.6083984375,66.7358657360077,42.32335260500499
2024-04-23,129.3285369873047,6.653508186340332,9.582404136657715,492.4715270996094,68.57680177688599,44.03820202113787
2024-04-24,128.88270568847656,6.741054058074951,9.628830909729004,492.2777404785156,68.38943524360657,43.98152325913414
2024-04-25,132.38172912597656,6.793582916259766,9.424554824829102,490.1941223144531,70.11385040283204,43.37210606943854
2024-04-26,134.04888916015625,6.819846153259277,9.378129005432129,494.9912109375,70.94602422714233,44.77515981402582
2024-04-29,134.24270629882812,6.819846153259277,9.591690063476562,496.7550048828125,71.08564500808716,45.291034731942034
2024-04-30,133.11837768554688,6.741054058074951,9.322416305541992,488.8567810058594,70.44598832130433,42.98096013108771
2024-05-01,130.7921600341797,6.609735488891602,9.201706886291504,487.3255615234375,69.21934204101562,42.533108653365275
2024-05-02,132.04249572753906,6.863619327545166,9.433838844299316,491.783447265625,69.96710143089295,43.836952249972796
2024-05-03,137.2086639404297,7.135012626647949,9.77739429473877,497.9664306640625,72.70031461715699,45.64535286367437
2024-05-06,138.43960571289062,7.108748435974121,9.740253448486328,503.15106201171875,73.30047807693482,47.16175520647984
2024-05-07,136.77247619628906,6.9599199295043945,9.647401809692383,503.8004150390625,72.40369443893432,47.35167815103346
2024-05-08,139.1859893798828,7.003693103790283,9.693826675415039,503.7519226074219,73.63286795616149,47.33749507184859
2024-05-09,138.40086364746094,6.951165199279785,9.526692390441895,506.5138854980469,73.19111986160279,48.145314705925145
2024-05-10,144.6719970703125,7.056221008300781,9.768110275268555,507.22137451171875,76.4064868927002,48.35224127907989
2024-05-13,141.90957641601562,7.082485198974609,9.563833236694336,507.3957824707031,74.99230041503907,48.40325216488325
2024-05-14,147.27928161621094,7.196295261383057,9.740253448486328,509.7118835449219,77.74658007621765,49.08066601740476
2024-05-15,150.79771423339844,7.170030117034912,9.96310043334961,516.030517578125,79.54248623847961,50.928741764508935
2024-05-16,147.55068969726562,7.064975261688232,9.749539375305176,514.8191528320312,77.84474530220031,50.57444148435519
2024-05-17,147.017578125,7.161276817321777,9.768110275268555,515.6912841796875,77.61079416275025,50.82952269073988
2024-05-20,148.8301239013672,7.3626322746276855,10.07452392578125,516.2921142578125,78.63875641822814,51.00525363031934
2024-05-21,148.94642639160156,7.441424369812012,10.083808898925781,517.552001953125,78.72240228652954,51.373745915447245
2024-05-22,151.35015869140625,7.572742938995361,10.158090591430664,516.0789794921875,79.97852034568787,50.94291591790452
2024-05-23,152.26129150390625,7.5027055740356445,10.204516410827637,512.3092651367188,80.42236070632934,49.840348869829945
2024-05-24,155.0818634033203,7.49395227432251,10.353081703186035,515.7106323242188,81.85973372459411,50.83518164115096
2024-05-28,154.50999450683594,7.765345096588135,10.557357788085938,516.1080322265625,81.6960723400116,50.95141326931043
2024-05-29,149.59584045410156,7.511460781097412,10.315940856933594,512.4158325195312,79.11454663276672,49.871517726037354
2024-05-30,148.25823974609375,7.5902533531188965,10.325226783752441,509.0917053222656,78.47124123573303,48.89927612741422
2024-05-31,146.39723205566406,7.441424369812012,10.009526252746582,513.5884399414062,77.43294858932495,50.21448225379036
2024-06-03,150.18707275390625,7.441424369812012,10.213802337646484,513.908203125,79.36872415542602,50.308006673991166
2024-06-04,147.7833251953125,7.205048561096191,9.96310043334961,514.6641845703125,78.04579725265502,50.52911632633078
2024-06-05,157.912109375,7.3626322746276855,10.158090591430664,520.8275756835938,83.19646248817443,52.331786583306936
2024-06-06,157.08824157714844,7.345123767852783,10.065238952636719,520.8081665039062,82.7607057094574,52.326109781317264
2024-06-07,159.33689880371094,7.345123767852783,9.97238540649414,520.149169921875,83.86646361351013,52.13336628734741
2024-06-10,162.99102783203125,7.546479225158691,10.334511756896973,521.6998291015625,85.82636003494262,52.58690349284879
2024-06-11,160.61634826660156,7.528970718383789,10.315940856933594,522.9934692382812,84.63005352020264,52.96526770093357
2024-06-12,167.66285705566406,7.6515350341796875,10.613070487976074,527.3482055664062,88.24950313568115,54.23894212973438
2024-06-13,168.12371826171875,7.782854080200195,10.594499588012695,528.4562377929688,88.51561527252197,54.56301968734567
2024-06-14,167.73480224609375,7.64277982711792,10.483075141906738,528.6409912109375,88.25685009956361,54.61705641571899
2024-06-17,172.33389282226562,7.765345096588135,10.70592212677002,532.9664916992188,90.63773436546325,55.882179938378144
2024-06-18,174.716064453125,7.7916083335876465,11.086618423461914,534.25927734375,91.91283841133118,56.26029422436275
2024-06-20,170.52537536621094,7.800363540649414,10.900912284851074,532.6068115234375,89.78297920227051,55.776980585783484
2024-06-21,169.14466857910156,7.747836112976074,10.752348899841309,531.7029418945312,89.04715490341187,55.512616558535186
2024-06-24,163.1648712158203,7.712817668914795,10.575928688049316,530.3419799804688,86.01146664619446,55.11456205927242
2024-06-25,167.82232666015625,7.712817668914795,10.650211334228516,532.35400390625,88.35505089759828,55.70303934728916
2024-06-26,167.3070068359375,7.677799224853516,10.687352180480957,533.1705322265625,88.094313621521,55.94185776558396
2024-06-27,166.87916564941406,7.625270843505859,10.650211334228516,533.9482421875,87.85720634460449,56.16932257989943
2024-06-28,168.9988555908203,7.669044017791748,10.603785514831543,531.916748046875,88.920898103714,55.57515063831443
2024-07-01,167.55978393554688,7.677799224853516,10.520216941833496,533.0635375976562,88.1872751235962,55.91056394832646
2024-07-02,170.8365020751953,7.671329021453857,10.531685829162598,536.4656982421875,89.82598690986633,56.90562879016906
2024-07-03,177.4385528564453,7.708299160003662,10.732379913330078,538.81787109375,93.17824215888977,57.59359292563363
2024-07-05,178.89703369140625,7.745269298553467,10.990415573120117,542.1519165039062,93.97018074989319,58.56873540577665
2024-07-08,181.4639434814453,8.004060745239258,11.258008003234863,542.7838134765625,95.38479156494141,58.75355279885529
2024-07-09,179.41236877441406,7.939363479614258,11.430031776428223,543.2892456054688,94.37399978637696,58.90138172110818
2024-07-10,185.76161193847656,7.930120468139648,11.65939712524414,548.4603271484375,97.591721534729,60.41382101346804
2024-07-11,179.39292907714844,7.6343584060668945,11.946104049682617,543.8045043945312,94.3759928703308,59.05208474751308
2024-07-12,182.1640625,7.68981409072876,11.37269115447998,547.2842407226562,95.66351370811462,60.069838945735754
2024-07-15,180.09300231933594,7.56965970993042,11.229338645935059,548.810302734375,94.5632668018341,60.51618196506785
2024-07-16,180.89028930664062,7.643601417541504,11.277122497558594,552.066650390625,94.99364957809448,61.46859938567363
2024-07-17,166.4610595703125,7.3293538093566895,10.847063064575195,544.3585205078125,87.59874854087829,59.214123526318716
2024-07-18,167.11253356933594,7.3755669593811035,10.808835983276367,540.0524291992188,87.93070406913758,57.95467680564924
2024-07-19,161.18136596679688,7.227685928344727,10.531685829162598,536.5337524414062,84.86532592773438,56.92553330029006
2024-07-22,164.6623077392578,7.264656066894531,10.60814094543457,542.1034545898438,86.63217887878419,58.55456125238106
2024-07-23,165.1193084716797,7.1722307205200195,10.617696762084961,541.1995239257812,86.83486280441285,58.29017937355418
2024-07-24,155.3766326904297,6.9226813316345215,10.13029670715332,528.9813232421875,81.79118008613587,54.71659681790256
2024-07-25,155.8433380126953,6.867225646972656,9.900931358337402,526.1914672851562,81.96202297210694,53.90061901241319
2024-07-26,157.45741271972656,7.116774559020996,9.881816864013672,532.072265625,82.84010210037232,55.620636460546095
2024-07-29,155.58079528808594,6.9781365394592285,9.518655776977539,532.4415893554688,81.78756976127625,55.728656362557
2024-07-30,150.26223754882812,6.867225646972656,9.251063346862793,529.5741577148438,79.04149913787842,54.88998920068754
2024-07-31,161.21055603027344,7.736026287078857,9.575997352600098,537.8362426757812,84.8412853717804,57.306485987269504
2024-08-01,153.80149841308594,7.467992305755615,9.098153114318848,530.7697143554688,80.96077752113342,55.23966592198807
2024-08-02,145.7117919921875,7.283141136169434,8.534296989440918,520.7774047851562,76.74769773483276,52.317112585711016
2024-08-05,143.85464477539062,7.25541353225708,8.218920707702637,505.6236572265625,75.74773058891296,47.884940506490345
2024-08-06,151.0886993408203,7.394052028656006,8.371829986572266,510.4254150390625,79.43693127632142,49.289359896839294
2024-08-07,150.74838256835938,7.347838878631592,8.457842826843262,506.8969421386719,79.27011151313782,48.25735121311741
2024-08-08,159.9951629638672,7.8376946449279785,8.801889419555664,518.638916015625,84.10926775932312,51.69164682686852
2024-08-09,162.49400329589844,7.800724029541016,8.897459030151367,520.8551635742188,85.3667106628418,52.339855496826836
2024-08-12,162.98989868164062,7.86542272567749,9.002584457397461,521.1078491210938,85.65509305000305,52.413761032164
2024-08-13,167.5695343017578,8.068758964538574,9.308403968811035,529.7782592773438,88.06707563400268,54.94968487947194
2024-08-14,165.26513671875,8.059516906738281,9.36574649810791,531.5083618164062,86.92357273101807,55.45570572600986
2024-08-15,169.14466857910156,8.105730056762695,9.56644058227539,540.6064453125,88.91734142303467,58.11671558445488
2024-08-16,169.7086181640625,8.041031837463379,9.509098052978516,541.831298828125,89.16843824386598,58.47496106347566
2024-08-19,170.59341430664062,8.21664047241211,9.662008285522461,546.8663330078125,89.69410095214843,59.947609187172105
2024-08-20,167.27781677246094,8.105730056762695,9.499542236328125,546.0498046875,87.97053585052491,59.70879076887731
2024-08-21,166.69444274902344,8.21664047241211,9.595110893249512,548.178466796875,87.73123569488524,60.33138242356779
2024-08-22,161.83282470703125,7.994818210601807,9.117266654968262,543.5418701171875,85.13831114768982,58.97526940486675
2024-08-23,166.53883361816406,8.13345718383789,9.470870971679688,549.4129028320312,87.60362815856934,60.69243060042624
2024-08-26,164.39004516601562,7.948606491088867,9.203278541564941,547.8577880859375,86.42026023864747,60.23759022968823
2024-08-27,165.82907104492188,7.967090606689453,9.356188774108887,548.8589477539062,87.17590045928955,60.53040967319918
2024-08-28,164.51641845703125,7.948606491088867,9.289290428161621,545.6512451171875,86.50064926147462,59.59221996072475
2024-08-29,164.46780395507812,8.004060745239258,9.403973579406738,545.73876953125,86.51591491699219,59.617819124413984
2024-08-30,166.9472198486328,8.105730056762695,9.547327041625977,550.8904418945312,87.81479434967041,61.12458161478418
2024-09-03,156.04754638671875,7.615873336791992,8.706320762634277,539.7220458984375,82.04979934692382,57.85804621077484
2024-09-04,156.41702270507812,7.699056148529053,8.811447143554688,538.5944213867188,82.28051762580873,57.52823829643814
2024-09-05,159.1686553955078,7.819210052490234,8.830559730529785,537.0975341796875,83.69620265960693,57.090428331669116
2024-09-06,152.4791259765625,7.652843475341797,8.543853759765625,528.1646728515625,80.24418678283692,54.47774269645059
2024-09-09,158.27410888671875,7.791482925415039,8.754104614257812,534.093994140625,83.22532024383544,56.21195214955767
2024-09-10,157.93382263183594,7.736026287078857,8.849674224853516,536.0671997070312,83.05765404701233,56.789075833595085
2024-09-11,165.5179443359375,8.087244033813477,9.136381149291992,541.8507690429688,87.01242160797119,58.4806557170439
2024-09-12,167.2999267578125,7.967090606689453,9.117266654968262,546.4384765625,87.86354389190674,59.82246962129929
2024-09-13,168.34413146972656,7.920877456665039,9.231949806213379,549.2379760742188,88.39471893310547,60.641267976204915
2024-09-16,165.00656127929688,7.846937656402588,9.356188774108887,550.1516723632812,86.728599691391,60.908506107605206
2024-09-17,163.3182373046875,7.809967041015625,9.337075233459473,550.3558349609375,85.86952381134033,60.968219637968204
2024-09-18,163.24990844726562,7.7175421714782715,9.17460823059082,548.713134765625,85.77513852119445,60.487762251962366
2024-09-19,171.9745330810547,7.8746657371521,9.575997352600098,558.122314453125,90.264865732193,63.23976160644927
2024-09-20,169.8861083984375,7.754512786865234,9.442200660705566,556.9557495117188,89.15784816741943,62.898564384976076
2024-09-23,170.54971313476562,7.893150329589844,9.556882858276367,558.5014038085938,89.55417823791504,63.35063776103359
2024-09-24,177.5860137939453,7.957847595214844,9.671566009521484,560.1245727539062,93.11467437744142,63.8253826418926
2024-09-25,177.9568634033203,8.03178882598877,9.738463401794434,558.8023681640625,93.33566102981567,63.43866389503058
2024-09-26,182.3289337158203,8.170428276062012,10.072955131530762,561.1931762695312,95.63018636703491,64.13792807973871
2024-09-27,173.682373046875,8.068758964538574,9.738463401794434,560.1782836914062,91.20950689315795,63.8410920310464
2024-09-30,169.4859619140625,7.78223991394043,9.32751750946045,562.8617553710938,88.94315643310547,64.62595453506411
2024-10-01,167.9245147705078,7.662086486816406,9.165051460266113,557.5435791015625,88.09389362335205,63.070492938317166
2024-10-02,171.56466674804688,7.662086486816406,9.24150562286377,557.76806640625,89.92926044464112,63.13615104434859
2024-10-03,175.15597534179688,7.662086486816406,9.270176887512207,556.7044067382812,91.7306489944458,62.82505158436776
2024-10-04,176.7955322265625,7.7175421714782715,9.403973579406738,561.7590942382812,92.59382348060608,64.3034479163682
2024-10-07,180.06478881835938,7.606630325317383,9.43264389038086,556.7239379882812,94.20091228485107,62.8307640895146
2024-10-08,181.5677032470703,7.551175594329834,9.423086166381836,562.0030517578125,94.93382153511048,64.37480067596788
2024-10-09,182.63145446777344,7.449507713317871,9.403973579406738,565.818359375,95.43137426376343,65.49070285324458
2024-10-10,181.30419921875,7.4310221672058105,9.298847198486328,564.8231201171875,94.741175699234,65.19961501285626
2024-10-11,186.2130126953125,7.477235317230225,9.518655776977539,568.2578735351562,97.25340809822082,66.20421259766263
2024-10-14,187.57931518554688,7.560418605804443,9.709793090820312,572.9417724609375,97.99974179267883,67.57416058976618
2024-10-15,182.62171936035156,7.347838878631592,9.74802017211914,568.3944702148438,95.46481537818909,66.2441644305333
2024-10-16,182.96324157714844,7.3755669593811035,9.91048812866211,570.921875,95.67638850212097,66.9833804481121
2024-10-17,200.88092041015625,7.394052028656006,10.264092445373535,571.0877685546875,104.71149430274964,67.03190103870303
2024-10-18,195.9428253173828,7.144502639770508,9.929601669311523,573.2443237304688,102.10068378448487,67.66265086480634
2024-10-21,197.08465576171875,7.1722307205200195,9.853147506713867,572.3953857421875,102.66462659835815,67.41435325828351
2024-10-22,193.69825744628906,7.209200859069824,9.881816864013672,571.9464721679688,100.98825235366822,67.28305489779926
2024-10-23,196.02090454101562,7.116774559020996,9.690679550170898,566.7356567382812,102.08362054824829,65.75899422778132
2024-10-24,193.16148376464844,7.1260175704956055,9.671566009521484,567.9456787109375,100.6528603553772,66.11290177320622
2024-10-25,198.5387725830078,7.16298770904541,9.862703323364258,567.8187866210938,103.39082326889037,66.0757883413304
2024-10-28,189.98977661132812,6.857983589172363,9.700236320495605,569.5264282226562,98.99233064651489,66.57523980694945
2024-10-29,192.1953582763672,6.848740577697754,9.719350814819336,570.4047241210938,100.09617147445678,66.83212402277111
2024-10-30,189.79461669921875,6.46055269241333,9.36574649810791,568.5701904296875,98.70862345695497,66.29555912527621
2024-10-31,185.94952392578125,6.321914196014404,9.136381149291992,557.416748046875,96.69861245155334,63.033397358019926
2024-11-01,188.30148315429688,6.5252509117126465,9.442200660705566,559.836669921875,97.99675698280335,63.74117674571257
2024-11-04,186.9449462890625,6.534493446350098,9.184165000915527,558.7146606445312,97.26965417861939,63.41301117660558
2024-11-05,191.0437774658203,6.432825088500977,9.251063346862793,565.467041015625,99.301948928833,65.38794916691592
2024-11-06,188.56497192382812,6.488280773162842,9.289290428161621,579.5089721679688,98.08682827949525,69.49493689065311
2024-11-07,196.34295654296875,6.691616535186768,9.700236320495605,584.02685546875,102.11901049613952,70.81632858900855
2024-11-08,196.3527069091797,6.617676258087158,9.442200660705566,586.5833740234375,102.05009646415711,71.56405980957186
2024-11-11,189.37496948242188,6.46055269241333,9.2606201171875,587.0324096679688,98.47777457237244,71.69539387321326
2024-11-12,187.14990234375,6.46055269241333,9.08859634399414,585.23681640625,97.33083624839783,71.17021828285488
2024-11-13,182.1630096435547,6.395854949951172,9.203278541564941,585.676025390625,94.84091701507569,71.29867824234428
2024-11-14,183.95867919921875,6.358884811401367,9.165051460266113,581.802001953125,95.720015335083,70.16560284646991
2024-11-15,181.52867126464844,6.2664594650268555,9.117266654968262,574.4152221679688,94.46772680282594,68.00511554835899
2024-11-18,182.96324157714844,6.414340019226074,9.34663200378418,576.805908203125,95.27524919509888,68.70434402990996
2024-11-19,185.10049438476562,6.451310157775879,9.423086166381836,578.8160400390625,96.37025747299195,69.2922679189906
2024-11-20,183.82203674316406,6.284944534301758,9.32751750946045,579.07958984375,95.66200523376465,69.36935103531569
2024-11-21,186.63267517089844,6.257216453552246,9.3753023147583,582.0460205078125,97.06856298446655,70.23697345764816
2024-11-22,185.50059509277344,6.331157207489014,9.489985466003418,583.9683227539062,96.5476418018341,70.79920892514664
2024-11-25,180.62106323242188,6.349642276763916,9.470870971679688,585.6954956054688,94.10959849357604,71.30437289591254
2024-11-26,179.4109649658203,6.331157207489014,9.32751750946045,589.1497802734375,93.47033314704895,72.31468298586574
2024-11-27,176.82481384277344,6.183276176452637,9.06948184967041,587.2567749023438,92.0812861442566,71.76101627608752
2024-11-29,180.21121215820312,6.2387309074401855,9.289290428161621,590.4280395507812,93.83508343696595,72.6885485961474
2024-12-02,189.71653747558594,6.312671661376953,9.56644058227539,592.0283813476562,98.66535835266113,73.15661698661606
2024-12-03,194.09837341308594,6.229488372802734,9.470870971679688,592.2723999023438,100.81220741271972,73.2279875977943
2024-12-04,195.85501098632812,6.220246315002441,9.547327041625977,595.9219360351562,101.70304479598998,74.29540488763725
2024-12-05,199.37803649902344,6.090850353240967,9.470870971679688,594.9754028320312,103.41044754981993,74.01856260695885
2024-12-06,198.12887573242188,6.211003303527832,9.738463401794434,596.0487670898438,102.87543153762817,74.33250046793451
2024-12-09,194.37164306640625,6.183276176452637,9.681123733520508,592.9749145507812,100.97702913284301,73.43345926729445
2024-12-10,187.3157958984375,6.063122749328613,9.3753023147583,591.257568359375,97.351895236969,72.93116940068055
2024-12-11,189.91172790527344,6.090850353240967,9.56644058227539,595.8145141601562,98.69640717506408,74.26398610932966
2024-12-12,187.44073486328125,5.915241718292236,9.43264389038086,592.6529541015625,97.38146872520447,73.33929219026463
2024-12-13,196.77064514160156,5.905998706817627,9.709793090820312,592.5455932617188,102.09908080101013,73.30789126353562
2024-12-16,197.97483825683594,5.859786033630371,9.82447624206543,595.0729370117188,102.71025018692016,74.04708942953584
2024-12-17,196.4475860595703,6.007667064666748,9.56644058227539,592.4818725585938,101.93938126564026,73.28925421549408
2024-12-18,191.4546356201172,6.081607341766357,9.413531303405762,575.0615234375,99.43450627326965,68.19414591398342
2024-12-19,190.553955078125,6.026152610778809,9.470870971679688,574.6404418945312,98.97899751663208,68.07098787333341
2024-12-20,193.07000732421875,6.03539514541626,9.556882858276367,581.0053100585938,100.25699877738953,69.93258619121487
2024-12-23,203.0069122314453,6.220246315002441,9.920044898986816,585.225830078125,105.35353899002075,71.16700499870979
2024-12-24,201.99856567382812,6.303429126739502,10.082511901855469,591.8062133789062,104.906813955307,73.09163724057082
2024-12-26,198.7971954345703,6.164790630340576,9.920044898986816,591.522216796875,103.2320438861847,73.00857384542014
2024-12-27,197.397216796875,6.137063026428223,9.881816864013672,585.1180419921875,102.5160906791687,71.13547911093069
2024-12-30,196.18324279785156,6.016909599304199,9.700236320495605,578.7041625976562,101.83674154281616,69.2595459754464
2024-12-31,193.34413146972656,5.998424530029297,9.623781204223633,576.4519653320312,100.3963493347168,68.60082272570219
2025-01-02,197.34825134277344,6.03539514541626,9.575997352600098,575.2474975585938,102.39994368553162,68.24853967392842
2025-01-03,204.23068237304688,6.0723652839660645,9.757577896118164,582.2587280273438,105.8885663509369,70.29918620901289
2025-01-06,215.391357421875,6.1278204917907715,10.168523788452148,585.8720703125,111.56772961616517,71.35601751275561
2025-01-07,206.98170471191406,5.905998706817627,10.378774642944336,579.2819213867188,107.33840689659118,69.42852901832116
2025-01-08,202.77197265625,5.915241718292236,10.283206939697266,579.8889770507812,105.21720023155213,69.60608081891617
2025-01-10,203.99571228027344,5.684177398681641,10.02517032623291,571.2130737304688,105.70814342498778,67.06855032953568
2025-01-13,197.13287353515625,5.7303900718688965,9.690679550170898,572.04541015625,102.22368969917297,67.31199230668369
2025-01-14,197.22100830078125,5.822816371917725,9.700236320495605,572.8385009765625,102.29739632606507,67.5439557188023
2025-01-15,202.4586944580078,5.869028568267822,9.920044898986816,583.257568359375,104.97406477928162,70.59132729253766
2025-01-16,210.2809295654297,5.739633083343506,10.04428482055664,582.2684936523438,108.87121167182923,70.3020424615863
2025-01-17,207.06002807617188,5.804331302642822,10.053842544555664,587.7913818359375,107.28208193778991,71.91737825290349
2025-01-21,214.10885620117188,5.573266506195068,10.474344253540039,593.118408203125,110.82127690315247,73.47542832854509
2025-01-22,218.51438903808594,5.286746978759766,10.531685829162598,596.6436157226562,112.94955577850341,74.50648195281275
2025-01-23,219.9045867919922,5.397657871246338,10.445673942565918,599.9730224609375,113.66072554588317,75.48026771298339
2025-01-24,217.22210693359375,5.259019374847412,10.378774642944336,598.2005615234375,112.26451420783997,74.96185787090828
2025-01-27,188.27285766601562,5.268261432647705,9.298847198486328,589.8575439453125,97.57667670249938,72.52168989112413
2025-01-28,198.1510467529297,5.314474582672119,9.384859085083008,594.8712768554688,102.54683756828308,73.9881078138948
2025-01-29,198.08251953125,5.305232048034668,9.394415855407715,592.3447875976562,102.51171255111694,73.24915956999475
2025-01-30,203.78033447265625,5.397657871246338,9.633338928222656,595.3118896484375,105.43613238334655,74.11697835969163
2025-01-31,204.92578125,5.342202663421631,9.700236320495605,592.1000366210938,106.00559868812562,73.17757473987349
2025-02-03,195.60565185546875,5.564023971557617,9.413531303405762,588.2026977539062,101.3547393798828,72.03768004098008
2025-02-04,199.76641845703125,5.564023971557617,9.442200660705566,592.1293334960938,103.44085655212402,73.18614349759373
2025-02-05,204.19151306152344,5.591752052307129,9.642895698547363,594.557861328125,105.70186128616332,73.8964399578667
2025-02-06,206.08102416992188,5.582509517669678,9.662008285522461,596.7415161132812,106.64766659736634,74.53511588486124
2025-02-07,201.79295349121094,5.573266506195068,9.671566009521484,591.2578125,104.50276989936829,72.9312408069949
2025-02-10,203.5845489501953,5.637964248657227,9.82447624206543,595.1257934570312,105.44855899810791,74.06254889658946
2025-02-11,204.3579559326172,5.610237121582031,9.872261047363281,595.5957641601562,105.83650131225586,74.20000605168514
2025-02-12,202.04751586914062,5.573266506195068,9.786248207092285,593.6177978515625,104.65298752784729,73.62148994451817
2025-02-13,197.593017578125,5.822816371917725,10.3309907913208,599.943603515625,102.60955185890198,75.47166325210597
2025-02-14,199.6195526123047,5.785845756530762,10.397889137268066,599.9534301757812,103.6251078605652,75.47453735625797
2025-02-18,198.48391723632812,5.896756649017334,10.541242599487305,601.7160034179688,103.11923413276672,75.99005524260251
2025-02-19,196.7314910888672,5.9799394607543945,10.856618881225586,603.0574951171875,102.33105115890503,76.38241508829702
2025-02-20,195.89932250976562,6.053880214691162,10.684596061706543,600.71728515625,101.90274453163147,75.6979498622349
2025-02-21,194.07838439941406,5.989181995391846,10.455230712890625,590.3471069335938,100.92699294090271,72.66487740294521
2025-02-24,187.626708984375,6.016909599304199,10.149409294128418,587.5368041992188,97.64830923080444,71.84291931863024
2025-02-25,185.39459228515625,5.998424530029297,10.158967018127441,584.6774291992188,96.5286169052124,71.00660856513386
2025-02-26,190.53436279296875,6.100092887878418,10.359662055969238,584.8733520507812,99.16914167404174,71.06391213238801
2025-02-27,177.2884063720703,5.896756649017334,9.585554122924805,575.5706176757812,92.33034100532532,68.34304593095133
2025-02-28,176.74017333984375,5.961454391479492,9.681123733520508,584.6382446289062,92.09474773406983,70.99514785168302
2025-03-03,169.33888244628906,5.933726787567139,9.308403968811035,574.6011962890625,88.31124005317687,68.05950930830399
2025-03-04,176.22128295898438,6.146305561065674,9.537769317626953,567.668212890625,91.86208701133728,66.03174849696403
2025-03-05,180.41143798828125,6.284944534301758,9.834033012390137,573.8863525390625,94.05800895690918,67.85043161992989
2025-03-06,172.1584014892578,6.155548095703125,9.46131420135498,563.5848388671875,89.81812801361085,64.83744218654704
2025-03-07,173.38217163085938,6.2387309074401855,9.604667663574219,566.4931640625,90.48363862037658,65.68806990606767
2025-03-10,167.0675811767578,6.2664594650268555,9.145936965942383,551.7362060546875,87.24291582107544,61.371950939220646
2025-03-11,167.380859375,6.164790630340576,9.050369262695312,547.0359497070312,87.34994072914124,59.99721872405664
2025-03-12,173.45069885253906,6.11857795715332,9.289290428161621,549.8169555664062,90.41878089904786,60.81060805065136
2025-03-13,167.9878387451172,5.9799394607543945,9.107708930969238,542.5511474609375,87.60944299697876,58.68550258129363
2025-03-14,170.43536376953125,6.275701522827148,9.231949806213379,553.8121337890625,88.94678230285645,61.97911883001468
2025-03-17,172.5402374267578,6.19251823425293,9.337075233459473,557.7780151367188,89.99528923034667,63.13906085165776
2025-03-18,170.15589904785156,6.312671661376953,9.317961692810059,551.9678955078125,88.83534336090088,61.43971553152495
2025-03-19,170.7750701904297,6.340399742126465,9.337075233459473,557.9400634765625,89.15707006454467,63.186456792797884
2025-03-20,174.4213409423828,6.220246315002441,9.394415855407715,556.6926879882812,90.95562753677368,62.82162408127967
2025-03-21,173.69406127929688,6.201761245727539,9.317961692810059,556.5354614257812,90.57115135192872,62.775638414847656
2025-03-24,178.0479736328125,6.275701522827148,9.442200660705566,566.49560546875,92.79513740539551,65.68878396921103
2025-03-25,177.79241943359375,6.211003303527832,9.32751750946045,567.7136840820312,92.62501420974732,66.045047923009
2025-03-26,170.51954650878906,6.109335899353027,9.079039573669434,561.2896118164062,88.90838193893433,64.1661335739012
2025-03-27,165.34991455078125,6.137063026428223,8.86878776550293,559.5216064453125,86.28983373641967,63.64902689706271
2025-03-28,162.41123962402344,6.053880214691162,8.41005802154541,548.2254638671875,84.70379548072815,60.34512813907737
2025-03-31,163.14837646484375,6.608433723449707,8.371829986572266,551.9385375976562,85.23108434677124,61.43112892222612
2025-04-01,165.7430419921875,6.451310157775879,8.591638565063477,553.78515625,86.52524175643921,61.97122843228061
2025-04-02,167.4629669189453,6.211003303527832,8.629865646362305,557.14453125,87.32075757980347,62.95377931753594
2025-04-03,154.6764678955078,5.952211856842041,7.836644172668457,530.4954833984375,80.69122633934022,55.159458779410805
2025-04-04,144.27822875976562,5.758118152618408,7.330130100250244,498.61090087890625,75.33257584571838,45.83384768194128
2025-04-07,143.65904235839844,5.665692329406738,7.253674507141113,497.4027404785156,74.97996377944946,45.480484609663186
2025-04-08,138.9414825439453,5.656449794769287,7.091207504272461,489.95709228515625,72.58591771125793,43.30277946400814
2025-04-09,156.0229034423828,6.257216453552246,7.979997634887695,536.56591796875,81.48461618423461,56.93494108220375
2025-04-10,148.53384399414062,6.044637680053711,7.5117106437683105,517.7161254882812,77.58265542984009,51.421748810259224
2025-04-11,154.38162231445312,6.349642276763916,7.93221378326416,527.460205078125,80.68214659690857,54.27169977643575
2025-04-14,153.1629180908203,6.358884811401367,7.855758190155029,531.9197387695312,80.06027612686158,55.57602536566504
2025-04-15,154.62730407714844,6.3866119384765625,8.056452751159668,530.61328125,80.84092617034912,55.193912326077644
2025-04-16,149.06455993652344,6.331157207489014,7.846200942993164,518.7770385742188,78.00086731910704,51.73204494920378
2025-04-17,149.1333465576172,6.294186592102051,7.721961498260498,519.2975463867188,77.99932155609132,51.88428321136689
2025-04-21,145.3199920654297,6.211003303527832,7.655063629150391,507.22540283203125,76.05430974960328,48.35341948326642
2025-04-22,148.79917907714844,6.284944534301758,7.798417091369629,519.9949951171875,77.84475631713866,52.08827319984458
2025-04-23,155.0990447998047,6.488280773162842,8.142464637756348,528.3147583007812,81.12449955940247,54.5216397281883
2025-04-24,161.35963439941406,6.3866119384765625,8.276261329650879,539.483154296875,84.25105304718018,57.78817513219764
2025-04-25,162.26385498046875,6.358884811401367,8.371829986572266,543.3828125,84.71395893096924,58.92874819107723
2025-04-28,160.59303283691406,6.414340019226074,8.352716445922852,543.6185913085938,83.89136171340942,58.997708839146654
2025-04-29,161.65451049804688,6.395854949951172,8.314488410949707,547.0761108398438,84.40890941619872,60.00896506276481
2025-04-30,163.82652282714844,6.506765842437744,8.343158721923828,548.0682983398438,85.53392291069031,60.29916032422394
2025-05-01,169.75294494628906,6.479038238525391,8.314488410949707,551.1624145507812,88.48308162689209,61.20412824895383
2025-05-02,176.2002716064453,6.793285369873047,8.69676399230957,559.24658203125,91.87747421264648,63.56858768396386
2025-05-05,173.36972045898438,6.839498043060303,8.668092727661133,556.1327514648438,90.4703281879425,62.657853699351385
2025-05-06,169.3205108642578,6.839498043060303,8.601194381713867,551.5847778320312,88.43234372138977,61.3276611727541
2025-05-07,171.5416717529297,6.904195785522461,8.69676399230957,553.7752685546875,89.5814474105835,61.968336476550036
2025-05-08,172.20999145507812,6.8210129737854,8.77322006225586,557.2721557617188,89.90594363212585,62.99110696835477
2025-05-09,173.48768615722656,6.885710716247559,8.849674224853516,556.8399658203125,90.57949113845825,62.8646999404025
2025-05-12,183.76795959472656,7.1260175704956055,9.45175838470459,575.3263549804688,95.91213674545288,68.27160391345876
2025-05-13,190.65756225585938,7.1722307205200195,9.633338928222656,579.4813842773438,99.40711812973022,69.4868679771332
2025-05-14,191.4143524169922,7.153745174407959,9.738463401794434,579.8153686523438,99.80099244117737,69.58455181514405
2025-05-15,190.88360595703125,7.246170997619629,9.709793090820312,582.6639404296875,99.55761289596558,70.41770283923108
2025-05-16,190.88360595703125,7.264656066894531,9.528212547302246,586.4554443359375,99.52684230804444,71.5266429008601
2025-05-19,190.17596435546875,7.3201117515563965,9.442200660705566,587.192138671875,99.1724558353424,71.74211145436722
2025-05-20,190.12684631347656,7.25541353225708,9.470870971679688,585.0115356445312,99.13422141075134,71.10432810630186
2025-05-21,188.4658660888672,7.440264701843262,9.3753023147583,575.2870483398438,98.34007291793824,68.26010749685076
2025-05-22,192.8197784423828,7.458749771118164,9.442200660705566,575.3754272460938,100.53595428466797,68.28595658264018
2025-05-23,188.68209838867188,7.227685928344727,9.212836265563965,571.68212890625,98.35192222595215,67.2057397109526
2025-05-27,194.28414916992188,7.153745174407959,9.423086166381836,583.4104614257812,101.1728153705597,70.6360454968902
2025-05-28,192.7706298828125,7.209200859069824,9.212836265563965,579.9724731445312,100.39064245223999,69.63050177841889
2025-05-29,193.76327514648438,7.116774559020996,9.098153114318848,582.27099609375,100.83630056381226,70.30277437630824
2025-05-30,189.99908447265625,7.033592224121094,8.964356422424316,581.6521606445312,98.90249118804931,70.12177722104654
2025-06-02,191.49295043945312,7.135259628295898,9.012141227722168,585.0311889648438,99.68948135375976,71.11007631460586
2025-06-03,194.2153778076172,7.246170997619629,9.059925079345703,588.3119506835938,101.09352521896362,72.06963436664519
2025-06-04,198.923095703125,7.042834281921387,9.24150562286377,588.15478515625,103.42269926071167,72.02366655179175
2025-06-05,199.84695434570312,6.950408935546875,9.203278541564941,585.4141845703125,103.84925556182861,71.22209497021956
2025-06-06,201.65533447265625,7.052076816558838,9.270176887512207,591.3275146484375,104.79732565879821,72.95162730973766
2025-06-09,203.44407653808594,7.1722307205200195,9.46131420135498,591.887451171875,105.76597032546998,73.11539769166593
2025-06-10,208.81027221679688,7.292383193969727,9.690679550170898,595.2861328125,108.53098697662354,74.10944499352925
2025-06-11,210.422119140625,7.3293538093566895,9.738463401794434,593.5966186523438,109.35755839347839,73.61529544674958
2025-06-12,212.50343322753906,7.50496244430542,9.776691436767578,595.7576293945312,110.45854363441467,74.24734843808952
2025-06-13,208.2322540283203,7.50496244430542,9.604667663574219,589.15673828125,108.28854928016662,72.3167180658243
2025-06-16,212.7500457763672,7.68981409072876,9.900931358337402,594.9081420898438,110.6621533870697,73.99889016735945
2025-06-17,210.99420166015625,7.551175594329834,9.862703323364258,589.9815063476562,109.73499417304993,72.55794644722792
2025-06-18,210.5996551513672,7.643601417541504,9.929601669311523,589.843505859375,109.57882833480835,72.51758402804982
2025-06-20,206.66387939453125,7.560418605804443,9.681123733520508,587.9121704101562,107.53629002571105,71.95270652692093
2025-06-23,207.46286010742188,7.50496244430542,9.82447624206543,594.0902709960938,107.94781403541565,73.7596790143358
2025-06-24,217.10012817382812,7.7535881996154785,10.13029670715332,600.5738525390625,112.90219988822938,75.65599865256286
2025-06-25,219.71414184570312,7.527565002441406,10.139853477478027,601.017333984375,114.1433111190796,75.78570822255313
2025-06-26,220.9668731689453,7.439121246337891,10.178080558776855,605.7468872070312,114.7507890701294,77.16900919543738
2025-06-27,225.46493530273438,7.547219276428223,10.120739936828613,608.4072875976562,117.02078142166138,77.94712380275041
2025-06-30,223.4132080078125,7.517737865447998,9.872261047363281,611.7968139648438,115.9363775730133,78.93849336782615
2025-07-01,221.62777709960938,7.478429794311523,9.805362701416016,611.5701293945312,115.01849002838134,78.87219260496572
2025-07-02,230.42660522460938,7.724107265472412,10.197418212890625,614.2799072265625,119.57001843452453,79.66474913935309
2025-07-03,231.6103057861328,7.6946258544921875,10.26672077178955,618.960205078125,120.16688480377198,81.03364388832017
2025-07-07,226.05679321289062,7.419466972351074,10.029111862182617,614.6838989257812,117.26005907058716,79.78290873799962
2025-07-08,224.76458740234375,7.50791072845459,10.128114700317383,614.1912841796875,116.66028985977172,79.63882864724933
2025-07-09,228.6905059814453,7.566873073577881,10.256820678710938,617.8369750976562,118.66667904853821,80.7051212876415
2025-07-10,226.63877868652344,7.429294109344482,10.256820678710938,619.6302490234375,117.59954171180725,81.22961851801371
2025-07-11,227.27008056640625,7.370331287384033,10.30632209777832,617.2555541992188,117.907404088974,80.5350671500517
2025-07-14,225.56356811523438,7.311368465423584,10.098413467407227,618.5364990234375,116.99487729072571,80.90971822979105
2025-07-15,233.73110961914062,7.350677013397217,10.177617073059082,615.826904296875,121.10628132820129,80.11721525013944
2025-07-16,234.33279418945312,7.311368465423584,10.31622314453125,618.0537109375,121.42305226325989,80.76851224319277
2025-07-17,242.26361083984375,7.399812698364258,10.474629402160645,621.6796875,125.44667510986328,81.82903882370236
2025-07-18,237.1342315673828,7.350677013397217,10.415227890014648,621.423583984375,122.85536446571349,81.7541335999645
2025-07-21,235.60528564453125,7.370331287384033,10.375624656677246,622.468017578125,122.08886713981629,82.05960981269142
2025-07-22,231.4130096435547,7.21309757232666,10.187518119812012,622.4779663085938,119.90793771743775,82.06251962000059
2025-07-23,237.06517028808594,7.350677013397217,10.474629402160645,627.9859619140625,122.83271412849426,83.67349962614331
2025-07-24,238.3179168701172,7.193443298339844,10.464729309082031,628.2322998046875,123.40993728637694,83.74554859730775
2025-07-25,242.26361083984375,7.1737895011901855,10.395426750183105,630.6759643554688,125.36302762031555,84.46027224906952
2025-07-28,239.45230102539062,7.075517654418945,10.464729309082031,630.5379638671875,123.9417516708374,84.41990982989141
2025-07-29,238.0515899658203,6.996901035308838,10.375624656677246,629.040283203125,123.19999022483826,83.9818677946008
2025-07-30,239.61012268066406,6.9772467613220215,10.227119445800781,628.163330078125,123.9436592578888,83.725376313508
2025-07-31,238.337646484375,6.721742153167725,9.405385971069336,625.5916137695312,123.06642308235169,82.97320004987732
2025-08-01,232.01473999023438,6.6922607421875,9.910306930541992,615.4918823242188,119.99710960388184,80.01922793529268
2025-08-04,235.7532501220703,6.6922607421875,9.88060474395752,624.8721923828125,121.86042423248291,82.76278349310942
2025-08-05,229.3119659423828,6.6922607421875,9.633094787597656,621.866943359375,118.5902801513672,81.88380746679763
2025-08-06,228.22689819335938,6.623470783233643,9.623194694519043,626.4684448242188,118.02512927055359,83.22965582781295
2025-08-07,239.32406616210938,6.554681301116943,9.811302185058594,626.1237182617188,123.5906979084015,83.12883011197135
2025-08-08,238.54478454589844,6.613644123077393,9.870704650878906,630.8631591796875,123.23062644004821,84.51502304058619
2025-08-11,238.80125427246094,6.603816509246826,9.910306930541992,629.6116943359375,123.36383347511291,84.14899427330285
2025-08-12,240.97137451171875,6.6922607421875,10.029111862182617,636.2726440429688,124.49918785095215,86.09719059889458
2025-08-13,238.1601104736328,6.721742153167725,9.930107116699219,638.6078491210938,123.08259930610657,86.78019199551282
2025-08-14,237.72607421875,6.770877361297607,9.84100341796875,638.6276245117188,122.86250100135803,86.785975906974
2025-08-15,235.6348876953125,6.761050701141357,9.732098579406738,637.18896484375,121.79217877388001,86.36519634817398
2025-08-18,238.1304931640625,6.6922607421875,9.999410629272461,636.8934936523438,123.072806930542,86.27877685624954
2025-08-19,229.53883361816406,6.68243408203125,9.732098579406738,633.5235595703125,118.72056674957275,85.29313764789921
2025-08-20,225.4945526123047,6.751223564147949,9.593493461608887,631.8287963867188,116.69134206771851,84.79745286536135
2025-08-21,224.24179077148438,6.623470783233643,9.534090995788574,629.3358764648438,116.01475481986999,84.06832298968241
2025-08-22,229.8249053955078,6.652952194213867,9.761799812316895,638.9921875,118.86069831848144,86.89260338585537
2025-08-25,232.38955688476562,6.544854164123535,9.781600952148438,636.1741333007812,120.11455488204956,86.06837815106023
2025-08-26,235.47705078125,6.623470783233643,9.940007209777832,638.7557983398438,121.71356806755065,86.8234642220001
2025-08-27,236.03929138183594,6.603816509246826,9.920207023620605,640.2731323242188,121.98483204841614,87.2672544655947
2025-08-28,235.03317260742188,6.57433557510376,9.870704650878906,642.578857421875,121.46302790641785,87.94163354975694
2025-08-29,227.73367309570312,6.4662370681762695,9.811302185058594,638.8148193359375,117.76896810531616,86.84072669849068
2025-09-02,225.28738403320312,6.505545616149902,10.177617073059082,633.9866943359375,116.63087911605835,85.4285954261935
2025-09-03,228.2466278076172,6.535027027130127,10.227119445800781,637.39599609375,118.1292459011078,86.4257489027304
2025-09-04,232.01473999023438,6.761050701141357,10.207319259643555,642.6477661132812,120.07714905738831,87.96178798197812
2025-09-05,240.10333251953125,6.68243408203125,10.36572551727295,640.9332885742188,124.12954158782959,87.46033713955767
2025-09-08,243.8319854736328,6.770877361297607,11.395367622375488,642.5592041015625,126.22632946968078,87.93588534145294
2025-09-09,247.5113067626953,6.751223564147949,11.078554153442383,644.037109375,127.99673128128052,88.36814346528239
2025-09-10,256.9019775390625,6.721742153167725,11.187458992004395,645.879638671875,132.70500321388243,88.90704691957177
2025-09-11,255.39276123046875,6.652952194213867,10.999350547790527,651.2596435546875,131.89213638305665,90.48059216542416
2025-09-12,255.80706787109375,6.643125534057617,10.939949035644531,651.0330200195312,132.08446140289306,90.4143092541423
2025-09-15,257.8292236328125,6.731569290161133,11.088454246520996,654.4324951171875,133.1517734527588,91.4085886265272
2025-09-16,259.3154602050781,6.711915016174316,11.187458992004395,653.567626953125,133.90879640579223,91.155631757994
2025-09-17,260.037841796875,6.780704975128174,11.187458992004395,652.84619140625,134.2906241893768,90.94462609913285
2025-09-18,265.82659912109375,6.8691487312316895,11.355766296386719,655.9396362304688,137.24519743919373,91.84939765649833
2025-09-19,262.0960693359375,7.016555309295654,11.345865249633789,659.0725708007812,135.4221743106842,92.76571918520754
2025-09-22,269.7748107910156,7.134480953216553,11.593375205993652,662.2450561523438,139.34642472267151,93.69360853683911
2025-09-23,279.74920654296875,7.242578983306885,11.583475112915039,658.7068481445312,144.36407198905945,92.65875252633309
2025-09-24,277.7701721191406,7.350677013397217,11.425068855285645,656.4931030273438,143.3753029346466,92.0112757710967
2025-09-25,273.7625732421875,7.321195602416992,11.345865249633789,653.4886474609375,141.3468183517456,91.13253181530649
2025-09-26,270.4971008300781,7.409639835357666,11.058753967285156,657.1157836914062,139.6831931591034,92.19339757580919
2025-09-29,270.3685302734375,7.458775520324707,11.01915168762207,658.9638061523438,139.62572813034058,92.73390767217111
2025-09-30,276.3650817871094,7.448947906494141,10.9795503616333,661.47412109375,142.6131353378296,93.46812524774644
2025-10-01,285.44891357421875,7.281887054443359,11.01915168762207,663.9844360351562,147.11285324096679,94.20234282332177
2025-10-02,285.0926513671875,7.163961887359619,11.038951873779297,664.6367797851562,146.9033046245575,94.393140495226
2025-10-03,289.12994384765625,7.1246538162231445,10.969649314880371,664.5576171875,148.89629793167114,94.36998699780274
2025-10-06,299.2330017089844,7.222924709320068,11.276562690734863,666.9988403320312,154.03869080543518,95.08399658642114
2025-10-07,290.9506530761719,7.163961887359619,11.26666259765625,664.5576171875,149.8778476238251,94.36998699780274
2025-10-08,301.3307800292969,7.419466972351074,11.741881370544434,668.5108642578125,155.23960638046265,95.52623374267895
2025-10-09,296.7394104003906,7.350677013397217,11.593375205993652,666.6331787109375,152.89358334541322,94.97704777912529
2025-10-10,277.7206726074219,7.055863857269287,10.969649314880371,648.5272827148438,143.17102532386778,89.68143054696075
2025-10-13,299.7179260253906,7.50791072845459,11.613175392150879,658.4400634765625,154.43397130966187,92.58072327634306
2025-10-14,292.84063720703125,7.272060394287109,11.207259178161621,657.6987915039062,150.84338855743408,92.36391585444215
2025-10-15,301.5188293457031,7.291714668273926,11.811184883117676,660.4661254882812,155.30916604995727,93.17330642743408
2025-10-16,296.6997985839844,7.301541328430176,12.454710960388184,656.21630859375,153.03130388259888,91.93031886221893
2025-10-17,291.9896545410156,7.340849876403809,12.593317031860352,659.8829956054688,150.715745639801,93.00275244564395
2025-10-20,294.5822448730469,7.38998556137085,12.860627174377441,666.7023315429688,152.08024353981017,94.99727361766078
2025-10-21,291.4256591796875,7.321195602416992,12.553714752197266,666.5441284179688,150.4199312210083,94.95100232597143
2025-10-22,285.8545837402344,7.252406120300293,12.335906028747559,663.3123168945312,147.57019491195678,94.00576123995637
2025-10-23,287.68524169921875,7.38998556137085,12.692319869995117,667.0777587890625,148.59808049201965,95.10707867753007
2025-10-24,291.87091064453125,7.409639835357666,12.850726127624512,672.56298828125,150.72849249839783,96.71140004486102
2025-10-27,295.1264953613281,7.439121246337891,13.098237037658691,680.5485229492188,152.41463146209716,99.04701132887953
2025-10-28,298.3721008300781,7.498083591461182,13.22694206237793,682.2682495117188,154.08086390495302,99.54999740705821
2025-10-29,301.89483642578125,7.262232780456543,14.286286354064941,682.6337890625,155.9833453178406,99.65691051119691
2025-10-30,300.0444030761719,7.399812698364258,14.890210151672363,675.2412109375,155.2201873779297,97.49472731312052
2025-10-31,297.28363037109375,7.576700687408447,15.850550651550293,677.2178344726562,154.08493552207946,98.07285068555863
2025-11-03,301.6672058105469,7.704452991485596,16.028757095336914,678.660888671875,156.3506902217865,98.4949155580167
2025-11-04,290.9704895019531,7.468602180480957,15.216923713684082,670.873046875,150.76921014785765,96.21712553703127
2025-11-05,290.56475830078125,7.625836372375488,15.672342300415039,672.9483642578125,150.70459852218627,96.82411491203948
2025-11-06,286.2108154296875,7.1836161613464355,15.216923713684082,665.6448974609375,148.30387730598449,94.68799501869552
2025-11-07,283.49951171875,7.281887054443359,15.068418502807617,666.4552001953125,146.94800567626953,94.92499257597476
2025-11-10,292.17767333984375,7.301541328430176,15.226824760437012,676.812744140625,151.32466402053834,97.95436975849759
2025-11-11,288.12060546875,7.252406120300293,14.83080768585205,678.1370239257812,149.2021861076355,98.34169545903147
2025-11-12,287.5763854980469,7.114826202392578,14.84070873260498,678.6113891601562,148.8907823562622,98.48043792778519
2025-11-13,279.24456787109375,6.987074375152588,14.484293937683105,667.5523071289062,144.61526503562928,95.24587470101953
2025-11-14,281.8371276855469,7.016555309295654,14.464492797851562,667.4138793945312,145.91642899513243,95.20538732079135
2025-11-17,279.05657958984375,6.898630142211914,14.157580375671387,661.1677856445312,144.42939491271974,93.37852817483407
2025-11-18,274.99951171875,6.937938690185547,14.028875350952148,655.692626953125,142.3869125366211,91.77715231796945
2025-11-19,279.4128112792969,7.104999542236328,13.92987060546875,658.163330078125,144.62387962341307,92.49978421904387
2025-11-20,274.5937805175781,6.996901035308838,13.613058090209961,648.1023559570312,142.1185721874237,89.55714785685997
2025-11-21,272.1793212890625,7.114826202392578,13.682360649108887,654.5362548828125,140.9605806350708,91.43893631011977
2025-11-24,281.6590270996094,7.311368465423584,14.018974304199219,664.201904296875,145.8267189502716,94.26594799781604
2025-11-25,281.6986083984375,7.144307613372803,14.038776397705078,670.4479370117188,145.8003517627716,96.09278929219472
2025-11-26,286.92327880859375,7.203270435333252,14.256584167480469,675.0731811523438,148.47393736839294,97.44558191727918
2025-11-28,288.4570617675781,7.3310227394104,14.801106452941895,678.8486328125,149.38805899620056,98.54982701374063
2025-12-01,284.66717529296875,7.399812698364258,14.682302474975586,675.666259765625,147.48999195098878,97.61904570637849
2025-12-02,289.0309753417969,7.645490646362305,15.117920875549316,676.822509765625,149.832719039917,97.95722601107101
2025-12-03,292.3558349609375,7.714280128479004,15.246624946594238,679.2241821289062,151.5415265083313,98.65966777676708
2025-12-04,289.8621826171875,7.73393440246582,15.009015083312988,679.8072509765625,150.2530746459961,98.83020390697864
2025-12-05,291.6334228515625,7.881341457366943,15.058517456054688,681.0525512695312,151.19281735420228,99.19442966482501
2025-12-08,298.7085266113281,7.91082239151001,15.58323860168457,679.0264892578125,154.844157743454,98.60184651373399
2025-12-09,300.232421875,7.950130939483643,15.810948371887207,678.4829711914062,155.6634398937225,98.44287820644476
2025-12-10,306.8919982910156,7.861686706542969,16.266366958618164,682.84130859375,159.05777854919435,99.71760587838202
2025-12-11,302.47174072265625,7.7535881996154785,16.236665725708008,684.4918823242188,156.80927996635435,100.20036611802519
2025-12-12,289.76165771484375,7.73393440246582,15.603039741516113,677.1585693359375,150.32161712646484,98.05551680275371
2025-12-15,285.49517822265625,7.704452991485596,15.424832344055176,676.1505126953125,148.14389147758484,97.76068013086278
2025-12-16,284.6319885253906,7.7535881996154785,15.147621154785156,674.2700805664062,147.67159495353698,97.21069084627283
2025-12-17,274.7992858886719,7.861686706542969,14.60309886932373,666.90087890625,142.6787687301636,95.05534480279407
2025-12-18,282.4590759277344,7.930476188659668,14.721903800964355,671.94921875,146.55306158065795,96.53188457062178
2025-12-19,286.69573974609375,7.959958076477051,15.009015083312988,677.89013671875,148.7376603126526,98.26948582365979
2025-12-22,290.99200439453125,7.989439010620117,15.197123527526855,682.1946411132812,150.93225860595703,99.52846840328608
2025-12-23,294.63336181640625,7.832205295562744,15.375329971313477,685.308837890625,152.74140849113465,100.43930949737006
2025-12-24,296.4689025878906,7.861686706542969,15.39513111114502,687.7090454101562,153.67198352813722,101.14132282518011
2025-12-26,300.4773864746094,7.881341457366943,15.563438415527344,687.590087890625,155.71578335762024,101.10653009852018
2025-12-29,298.5723876953125,7.832205295562744,15.860450744628906,685.2493896484375,154.80794558525085,100.42192205982938
2025-12-30,297.2428283691406,7.822378158569336,15.870351791381836,684.2673950195312,154.1421979904175,100.13470801199375
2025-12-31,301.51922607421875,7.724107265472412,15.939654350280762,679.3283081054688,156.26477608680727,98.69012256983115
2026-01-02,317.1165466308594,7.704452991485596,16.69208526611328,680.5680541992188,164.20802626609802,99.05272383402638
2026-01-05,319.7359619140625,7.635663032531738,16.791088104248047,685.1303100585938,165.5168974876404,100.38709363001229
2026-01-06,324.87554931640625,7.979611873626709,17.32571029663086,689.1967163085938,168.29680027961732,101.57643720158298
2026-01-07,316.19378662109375,8.77560806274414,17.444517135620117,686.9552612304688,164.21847915649414,100.92085582966952
2026-01-08,315.5290832519531,8.402177810668945,17.15740394592285,686.8759765625,163.71667575836182,100.8976666290891
2026-01-09,321.105224609375,8.638028144836426,17.46431541442871,691.3688354492188,166.63688383102416,102.21173918022517
2026-01-12,329.18170166015625,8.696990966796875,18.088041305541992,692.5093383789062,170.8175563812256,102.54531377764306
2026-01-13,328.62603759765625,8.510275840759277,18.51375961303711,691.1605224609375,170.56885347366335,102.15081174251847
2026-01-14,324.55804443359375,8.638028144836426,18.691965103149414,687.8081665039062,168.60882368087766,101.1703137888003
2026-01-15,338.9747314453125,8.618374824523926,18.99888038635254,689.6232299804688,175.87265424728395,101.70118403272694
2026-01-16,339.7287292480469,9.13921070098877,19.21668815612793,688.9685668945312,176.44946546554564,101.50970800083653
2026-01-20,324.607666015625,10.593622207641602,18.711767196655273,675.0238037109375,169.22427310943604,97.43113999020484
2026-01-21,323.5757751464844,10.93757152557373,18.790969848632812,682.6806030273438,168.82735300064087,99.67060267197073
2026-01-22,324.8160095214844,10.7115478515625,18.87017250061035,686.2907104492188,169.395503616333,100.72648784204851
2026-01-23,332.25750732421875,10.357771873474121,19.19688606262207,686.5684204101562,173.07546243667605,100.80771252460505
2026-01-26,330.1143798828125,11.134113311767578,19.632505416870117,690.1885375976562,172.32392501831055,101.8665253535706
2026-01-27,335.700439453125,12.264230728149414,19.870115280151367,692.9259643554688,175.5035120010376,102.66716865305645
2026-01-28,339.6295471191406,11.183249473571777,20.058223724365234,692.9755859375,177.1813931465149,102.68168198644511
2026-01-29,336.9010009765625,10.397080421447754,19.583003997802734,691.3787231445312,175.4862254142761,102.21463113595574
2026-01-30,327.98114013671875,10.003996849060059,18.790969848632812,689.3356323242188,170.74996309280397,101.61706739443983
2026-02-02,338.6968688964844,9.866416931152344,19.21668815612793,692.81689453125,176.15169715881348,102.6352678821271
2026-02-03,333.130615234375,9.679701805114746,19.19688606262207,686.8958129882812,173.30859537124635,100.90346839212884
2026-02-04,323.1987609863281,9.777972221374512,18.800870895385742,683.6426391601562,168.29294633865356,99.95197925360944
2026-02-05,328.1498107910156,9.797627449035645,20.058223724365234,674.9445190429688,171.02583837509155,97.40795078962441
2026-02-06,346.12847900390625,9.88607120513916,20.681947708129883,688.0958862304688,180.16645040512086,101.25446613024458
2026-02-09,352.63726806640625,9.87624454498291,21.929399490356445,691.3787231445312,183.6673872947693,102.21463113595574
2026-02-10,359.0865783691406,9.738664627075195,22.26601219177246,689.45458984375,186.91809101104735,101.65186012109974
2026-02-11,371.1715087890625,10.12192153930664,23.503562927246094,689.35546875,193.32304344177246,101.62286915747958
2026-02-12,365.2283020019531,10.11209487915039,23.226350784301758,678.7232666015625,190.29304962158204,98.51315987132939
2026-02-13,363.5018615722656,10.239847183227539,23.166950225830078,679.1497192382812,189.4562749862671,98.63788885089478
2026-02-17,361.35870361328125,10.092440605163574,23.236251831054688,680.220947265625,188.35433435440063,98.95120190662
2026-02-18,359.433837890625,10.053131103515625,23.107547760009766,683.7020874023438,187.35436782836913,99.96936669115011
2026-02-19,357.57843017578125,9.95486068725586,22.949140548706055,682.0457763671875,186.3655014038086,99.48492840312007
2026-02-20,367.6492614746094,10.220191955566406,23.721372604370117,686.8263549804688,191.63496284484864,100.88315329570041
2026-02-23,367.15313720703125,10.239847183227539,23.246152877807617,679.8737182617188,191.2977533340454,98.84964427605645
2026-02-24,382.7405700683594,10.731202125549316,24.57280731201172,684.8526611328125,199.50420713424683,100.30588679903434
2026-02-25,384.70513916015625,10.367599487304688,24.859920501708984,690.5455932617188,200.43483352661133,101.97095708828614
2026-02-26,373.8703308105469,10.12192153930664,23.988683700561523,686.737060546875,194.76947860717772,100.85703643623225
2026-02-27,371.65771484375,10.259500503540039,24.048086166381836,683.73193359375,193.71632480621338,99.97809611307761
2026-03-02,366.2303771972656,10.328290939331055,23.958982467651367,683.8013916015625,191.00547237396242,99.99841120950603
2026-03-03,350.3750915527344,9.728837013244629,22.087804794311523,677.7711181640625,182.5237578392029,98.23467524542127
2026-03-04,354.6514587402344,9.709182739257812,21.879898071289062,682.6409301757812,184.61446380615234,99.65899914589123
2026-03-05,351.099365234375,9.581430435180664,21.840295791625977,678.852294921875,182.7921709060669,98.55089810845567
2026-03-06,336.2461853027344,9.434024810791016,20.909658432006836,669.866455078125,175.13523178100584,95.92271730302635
2026-03-09,345.9796447753906,9.561776161193848,21.444278717041016,675.7676391601562,180.14721097946165,97.64869717840627
2026-03-10,344.3821716308594,9.3160982131958,21.4937801361084,674.5477294921875,179.2846713066101,97.29189767725079
2026-03-11,351.79388427734375,9.532295227050781,21.681888580322266,673.82373046875,183.09300842285157,97.0801422520891
2026-03-12,334.0831604003906,9.188346862792969,20.78095245361328,663.4692993164062,173.95427474975585,94.05167550007404
2026-03-13,335.670654296875,9.109729766845703,21.285873413085938,659.75,174.82542076110838,92.96385385590973
2026-03-16,337.5757141113281,9.30627155303955,21.305673599243164,666.405029296875,175.84087324142456,94.91031857837882
2026-03-17,344.2481384277344,9.35540771484375,21.612586975097656,668.2586669921875,179.25320892333986,95.45247101997047
2026-03-18,337.8702392578125,9.13921070098877,21.444278717041016,659.1693725585938,175.96573858261107,92.79403178884154
2026-03-19,337.0941467285156,9.099902153015137,21.681888580322266,657.2600708007812,175.6134217262268,92.23559870758142
2026-03-20,327.5919189453125,8.962323188781738,21.09776496887207,647.6835327148438,170.70420942306518,89.43465032461756
2026-03-23,336.755859375,8.932841300964355,21.464080810546875,654.6844482421875,175.3505982398987,91.48227994292137
2026-03-24,341.53179931640625,8.893533706665039,21.315574645996094,652.586181640625,177.69707469940187,90.86857837436564
2026-03-25,346.00927734375,9.149038314819336,22.176908493041992,656.0767211914062,180.1847318649292,91.88949230199765
2026-03-26,324.4775695800781,8.864051818847656,21.216569900512695,644.4118041992188,169.14131431579588,88.47773430620866
2026-03-27,325.10443115234375,8.716645240783691,21.285873413085938,633.4530029296875,169.42438383102416,85.27250122305628
2026-03-30,314.91571044921875,8.461139678955078,20.681947708129883,631.4044189453125,164.1325866699219,84.67333083946781
2026-03-31,336.25836181640625,8.824743270874023,21.464080810546875,649.5829467773438,175.0694200515747,89.99019145014711
2026-04-01,339.7806091308594,8.814916610717773,22.256113052368164,654.406005859375,176.98600215911864,91.40084104142183
2026-04-02,337.3428955078125,8.520103454589844,22.05810546875,655.301025390625,175.63909988403321,91.66261658977545
2026-04-06,340.04925537109375,8.539756774902344,22.325414657592773,658.1848754882812,177.05163764953613,92.50608582628396
2026-04-07,343.5914611816406,9.149038314819336,21.96900177001953,658.7020263671875,178.93424243927,92.65734225162497
2026-04-08,364.06842041015625,9.30627155303955,23.899580001831055,675.2197875976562,189.6060076713562,97.4884614090376
2026-04-09,363.6604919433594,9.365234375,24.26589584350586,679.2174682617188,189.49299545288085,98.65770410312285
2026-04-10,368.7449035644531,9.571603775024414,24.592609405517578,678.82958984375,192.1624547958374,98.54425732122246
2026-04-13,367.7200622558594,9.532295227050781,26.28557777404785,685.711181640625,191.9768352508545,100.55698710339482
2026-04-14,377.9884033203125,9.42419719696045,26.602392196655273,693.8159790039062,197.14193925857543,102.9274803719662
2026-04-15,373.2223815917969,9.777972221374512,26.958805084228516,699.2854614257812,194.93634347915648,104.52719603202252
2026-04-16,361.53118896484375,10.436388969421387,27.32512092590332,700.8268432617188,189.36153535842894,104.97801979757917
2026-04-17,368.6453857421875,11.45840835571289,28.305261611938477,709.39892578125,193.4212677001953,107.48518475178852
2026-04-20,364.4067077636719,12.421464920043945,28.98838996887207,708.1360473632812,191.72747135162354,107.11581773931
2026-04-21,366.23748779296875,12.11682415008545,29.30520248413086,703.3029174804688,192.6148316383362,105.70222263756894
2026-04-22,385.5006103515625,12.490254402160645,29.651716232299805,710.59228515625,202.4277247428894,107.83421881626003
2026-04-23,380.7445373535156,11.792530059814453,29.51310920715332,707.7879028320312,199.8126495361328,107.0139923350677
2026-04-24,400.4454040527344,12.067688941955566,31.681299209594727,713.2971801757812,210.1792685508728,108.6253472243607
2026-04-27,402.95281982421875,11.487889289855957,30.542753219604492,714.5104370117188,211.03132734298705,108.98020090345054
2026-04-28,390.3760681152344,11.45840835571289,29.780420303344727,710.9900512695312,204.581640625,107.95055755389103
2026-04-29,391.8586120605469,12.529562950134277,30.285341262817383,710.9204711914062,205.7452431678772,107.93020675430543
2026-04-30,394.07745361328125,12.834203720092773,31.09717559814453,718.0606079101562,207.10842304229737,110.01855582335898
2026-05-01,395.6794128417969,12.824377059936523,31.27538299560547,719.9898071289062,207.94209613800047,110.58280851923745
2026-05-04,399.5996398925781,12.755586624145508,31.95850944519043,717.3843994140625,210.01819782257078,109.82077818422846
2026-05-05,392.43572998046875,13.767779350280762,33.106956481933594,722.9432983398438,206.96959009170533,111.44664640691013
2026-05-06,417.400146484375,14.96668529510498,33.819786071777344,733.3153686523438,219.95403604507445,114.48027226513592
2026-05-07,412.076904296875,14.897895812988281,33.00795364379883,730.8790283203125,217.10941162109376,113.76769080280422
2026-05-08,409.6192626953125,15.153401374816895,33.88908767700195,736.8556518554688,216.13346929550173,115.5157352293138
2026-05-11,402.5150146484375,15.320462226867676,34.94843292236328,738.625732421875,212.8433325767517,116.03344885982413
2026-05-12,395.2913513183594,15.78233528137207,33.93859100341797,737.4920654296875,209.1680944442749,115.70187363920763
2026-05-13,397.7987365722656,15.644756317138672,35.11674118041992,741.59912109375,210.61614341735842,116.90310636211517
2026-05-14,415.6290283203125,16.83383560180664,34.898929595947266,747.3868408203125,219.8444507598877,118.5959001529077
2026-05-15,402.32598876953125,16.90262794494629,33.47327423095703,738.3274536132812,212.92843761444092,115.94620819528485
2026-05-18,393.968017578125,16.824010848999023,31.33478546142578,737.7903442382812,208.29816913604736,115.78911430374691
2026-05-19,390.64471435546875,17.27605628967285,30.582353591918945,733.0966186523438,206.62164478302003,114.41629220749138
2026-05-20,399.609619140625,17.25640106201172,31.374387741088867,740.6544189453125,211.2566074371338,116.62679962879427
2026-05-21,405.1119384765625,18.032743453979492,32.31492614746094,742.0366821289062,214.42877750396727,117.03108432898281
2026-05-22,402.4951171875,17.904991149902344,34.463314056396484,744.9802856445312,213.51171875,117.89203026092491
2026-05-26,410.2560729980469,20.715543746948242,38.56208038330078,749.8431396484375,219.05511569976807,119.31431908143631
2026-05-27,420.61395263671875,21.835834503173828,38.680885314941406,749.9822998046875,224.5939037322998,119.35502068060751
2026-05-28,422.7332763671875,22.28788185119629,40.195648193359375,753.9601440429688,226.09213237762452,120.51846161165301
2026-05-29,416.3553771972656,21.796525955200195,37.968055725097656,755.8296508789062,222.3102575302124,121.06525546367646
2026-06-01,433.44940185546875,22.494251251220703,37.78984832763672,757.7887573242188,231.03094596862792,121.63825543306099
2026-06-02,444.4540100097656,22.071683883666992,38.86899185180664,758.8229370117188,236.62230854034425,121.94073258058582
2026-06-03,434.50408935546875,21.049665451049805,39.51251983642578,753.0452270507812,231.46944828033446,120.25086644868104
2026-06-04,442.6929016113281,20.430559158325195,38.01755905151367,756.6053466796875,235.07913036346434,121.29213117589866
2026-06-05,413.091796875,19.359403610229492,33.69108200073242,736.7958984375,219.09193592071534,115.4982585338802
2026-06-08,424.66357421875,19.654216766357422,35.16624069213867,738.5361938476562,225.26130027770995,116.00726059404163
2026-06-09,425.7779846191406,19.536291122436523,34.73062515258789,736.6368408203125,225.69600467681886,115.45173732009069
2026-06-10,406.7039489746094,18.57323455810547,33.95839309692383,724.8724975585938,215.7156234741211,112.01089910278858
2026-06-11,419.94342041015625,20.322460174560547,36.433494567871094,736.9351806640625,223.3551471710205,115.53899583620854
2026-06-12,422.7957458496094,21.25603485107422,37.7403450012207,741.0025024414062,225.3227523803711,116.72860718145799
2026-06-15,440.2190246582031,22.680965423583984,38.11656188964844,754.17041015625,234.53711433410646,120.57996029987439
2026-06-16,424.690673828125,21.2462100982666,36.47309494018555,749.8429565429688,226.0138189315796,119.31426552670057
2026-06-17,430.9937744140625,21.383787155151367,37.06711959838867,740.4700317382812,229.3254472732544,116.57287000989245
2026-06-18,460.8835754394531,23.663677215576172,40.15604782104492,747.9483642578125,245.57210044860838,118.76013467587916
2026-06-22,466.4187316894531,27.024547576904297,43.185569763183594,745.6251220703125,249.95384407043457,118.08063218866334
2026-06-23,435.2224426269531,25.747024536132812,39.37391662597656,735.0158081054688,233.21011199951172,114.9776172444821
2026-06-24,439.6505432128906,27.52573013305664,40.928279876708984,734.537109375,236.2686466217041,114.83760731364893
2026-06-25,433.826171875,27.25057029724121,41.433197021484375,734.3776245117188,233.37489643096922,114.79096113880934
2026-06-26,431.1932373046875,25.13774299621582,39.809532165527344,728.0658569335938,231.09984798431395,112.94489369429583
2026-06-29,453.88238525390625,26.375959396362305,41.710411071777344,742.0454711914062,243.19606266021728,117.03365495629889
2026-06-30,476.2922668457031,26.739561080932617,44.670631408691406,746.73193359375,255.10212802886963,118.40435271470295
2026-07-01,443.0414733886719,25.26549530029297,42.56184768676758,746.9412841796875,237.61275482177734,118.46558362924556
2026-07-02,432.9983825683594,24.115724563598633,41.452999114990234,746.2732543945312,232.02450847625732,118.27019810164528
2026-07-06,450.58123779296875,25.383420944213867,43.31999969482422,752.5850219726562,241.5696451187134,120.11626554615877
2026-07-07,431.41265869140625,23.417999267578125,39.650001525878906,748.9156494140625,230.66172943115234,119.04304649327607
2026-07-08,435.81085205078125,24.729999542236328,39.93000030517578,746.9014282226562,233.31042594909667,118.4539265484303
2026-07-09,435.7908935546875,24.860000610351562,43.25,752.8741455078125,234.00344696044922,120.20082847391049
2026-07-10,432.9485168457031,24.34000015258789,42.65999984741211,755.9253540039062,232.30825843811036,121.09324673889594
2026-07-13,420.4520263671875,23.459999084472656,40.560001373291016,750.4113159179688,225.37601318359376,119.48049942647341
2026-07-14,419.2652587890625,23.84000015258789,40.36000061035156,752.9439697265625,224.85662956237792,120.22125067981042
2026-07-15,418.357666015625,24.920000076293945,40.720001220703125,756.2045288085938,224.7988332748413,121.1748998593385
2026-07-16,408.6437072753906,22.290000915527344,39.5099983215332,752.2459716796875,218.91085357666014,120.01710002712547
2026-07-17,397.30413818359375,21.25,38.40999984741211,744.568115234375,212.7090690612793,117.77147855074817
2026-07-20,401.2236328125,20.299999237060547,36.900001525878906,743.2120971679688,214.08181648254393,117.37487002935067
2026-07-21,423.47393798828125,21.190000534057617,40.0099983215332,749.7831420898438,226.09596881866457,119.29677097968838
2026-07-22,420.0830383300781,21.290000915527344,40.4900016784668,748.7660522460938,224.52651977539062,118.99929227416703
2026-07-23,414.46807861328125,20.8700008392334,39.459999084472656,739.4828491210938,221.38703937530516,116.2841385778772
2026-07-24,402.3306579589844,19.479999542236328,36.84000015258789,740.220703125,214.37732887268066,116.49994631137741
2026-07-27,398.022216796875,19.079999923706055,36.54999923706055,740.41015625,212.04510822296143,116.55535761130169
2026-07-28,391.2603454589844,17.360000610351562,33.93000030517578,742.0753173828125,207.62417297363282,117.04238437822639
2026-07-29,373.6675720214844,17.110000610351562,31.1200008392334,731.0073852539062,198.19078636169434,113.80523267256608
2026-07-30,402.2309265136719,18.940000534057617,34.77000045776367,743.0525512695312,213.75146350860595,117.32820600293248
2026-07-31,403.1684265136719,19.030000686645508,35.16999816894531,748.1577758789062,214.32721309661864,118.82138344200035
2026-08-03,405.0234375,18.690000534057617,36.68000030517578,759.1260986328125,215.45471897125245,122.02940137141182
2026-08-04,416.0538635253906,20.6299991607666,38.70000076293945,772.5572509765625,221.95593166351318,125.95774834826037
2026-08-05,412.892333984375,19.290000915527344,36.779998779296875,771.1314086914062,219.58916702270508,125.54071762096297
2026-08-06,417.08111572265625,19.200000762939453,37.25,769.9049682617188,221.75055809020995,125.182008000899
2026-08-07,418.9161682128906,18.719999313354492,37.38999938964844,774.49169921875,222.55208377838133,126.52353627989706
2026-08-10,417.3503723144531,18.790000915527344,37.59000015258789,774.5016479492188,221.83018646240234,126.5264460872062
2026-08-11,420.9307556152344,18.940000534057617,38.650001525878906,771.9989013671875,223.87737827301027,125.79444210737527
2026-08-12,428.0018005371094,19.309999465942383,39.279998779296875,773.9532470703125,227.64989986419678,126.36604965363027
2026-08-13,429.33819580078125,19.3799991607666,39.63999938964844,779.218017578125,228.4110975265503,127.90589111911635
2026-08-14,425.20928955078125,19.149999618530273,39.540000915527344,777.7921142578125,226.25764484405516,127.48884254024036
2026-08-17,429.8169250488281,19.530000686645508,39.90999984741211,774.0529174804688,228.74946269989013,126.39520128145772
2026-08-18,412.3039245605469,18.479999542236328,36.40999984741211,768.7582397460938,218.97796211242675,124.84661254246556
2026-08-19,410.9874267578125,18.1200008392334,35.65999984741211,770.51318359375,218.0617136001587,125.35989898148712
2026-08-20,414.886962890625,18.0,36.5099983215332,764.1316528320312,220.14548110961914,123.49342718265225
2026-08-21,417.8291015625,18.34000015258789,36.5099983215332,767.0930786132812,221.718550491333,124.35958577554085
2026-08-24,409.022705078125,19.049999237060547,36.2400016784668,764.9193725585938,217.474352645874,123.72381965585548
2026-08-25,416.293212890625,19.600000381469727,37.08000183105469,767.4021606445312,221.44260692596436,124.4499861694895
2026-08-26,416.57244873046875,19.030000686645508,37.2599983215332,767.43212890625,221.44722423553466,124.45875129457416
2026-08-27,426.15673828125,19.06999969482422,38.900001525878906,772.5173950195312,226.57936935424803,125.94609126744511
2026-08-28,416.40289306640625,19.790000915527344,37.779998779296875,770.7724609375,221.6944465637207,125.43573248731133
2026-08-31,414.20880126953125,19.8799991607666,36.95000076293945,768.5189208984375,220.4584005355835,124.77661650283827
2026-09-01,412.892333984375,20.469999313354492,37.43000030517578,763.1444702148438,220.073166847229,123.20469575063701
2026-09-02,414.3883056640625,19.969999313354492,37.08000183105469,766.5945434570312,220.60115299224853,124.21377408166794
2026-09-03,415.894287109375,19.860000610351562,37.43000030517578,774.8905639648438,221.39114379882812,126.64019634594253
2026-09-04,427.762451171875,20.770000457763672,37.5099983215332,771.6897583007812,227.61422538757324,125.70402386184807
2026-09-08,437.825439453125,21.81999969482422,39.790000915527344,766.9833984375,233.41671981811524,124.32750648882566
2026-09-09,434.1951599121094,22.690000534057617,41.20000076293945,763.8922729492188,232.14458026885987,123.4234132914464
2026-09-10,426.8847961425781,22.1200008392334,39.86000061035156,759.3355102539062,228.0503984451294,122.09065013753302
2026-09-11,432.0808410644531,22.639999389648438,39.470001220703125,765.7070922851562,230.7264205932617,123.9542121290587
2026-09-14,416.8916015625,21.899999618530273,37.08000183105469,762.2769775390625,222.43180103302,122.95097126422469
2026-09-15,412.64300537109375,21.610000610351562,37.119998931884766,758.8800048828125,220.2285026550293,121.95742380656172
2026-09-16,417.7200012207031,22.530000686645508,37.95000076293945,755.6300048828125,223.2090009689331,121.00686295012868
2026-09-17,430.260009765625,24.469999313354492,39.9900016784668,764.0800170898438,230.46900501251218,123.47832474717033
