full_date,平台成本指標(AMD),全球物流通膨(原油),CPU成本指標(Intel),美金購買力大盤(S&P500),記憶體成本指標(美光),上游硬體通膨指數,大盤累計通膨率(%)
2021-01-04,92.30000305175781,47.619998931884766,44.90293502807617,341.9034729003906,72.20893096923828,70.0444538116455,0.0
2021-01-05,92.7699966430664,49.93000030517578,45.75271987915039,344.1661071777344,75.3390884399414,71.6924503326416,0.6617757515446299
2021-01-06,90.33000183105469,50.630001068115234,46.1956901550293,346.2440490722656,75.19283294677734,71.03484077453614,1.2695326359377384
2021-01-07,95.16000366210938,50.83000183105469,47.18107986450195,351.3694152832031,77.14310455322266,73.55956687927247,2.76860082833095
2021-01-08,94.58000183105469,52.2400016784668,46.69291305541992,353.37353515625,75.4951171875,72.57992134094238,3.354766232281307
2021-01-11,97.25,52.25,46.59346389770508,351.06475830078125,76.71404266357422,73.83865623474121,2.6794946897364955
2021-01-12,95.36000061035156,53.209999084472656,48.130306243896484,351.1201477050781,77.48440551757812,74.04085426330568,2.6956949944093327
2021-01-13,91.77999877929688,52.90999984741211,51.484249114990234,352.0067138671875,77.92321014404297,74.14855842590332,2.9549980528394135
2021-01-14,90.79000091552734,53.56999969482422,53.56349563598633,350.78759765625,79.27865600585938,75.01751136779785,2.5984306858584194
2021-01-15,88.20999908447266,52.36000061035156,52.05377197265625,348.25726318359375,78.71308898925781,73.56436691284179,1.8583579246222584
2021-01-19,89.44999694824219,52.97999954223633,52.42443084716797,350.9815979003906,83.37419891357422,75.91200790405273,2.6551719182579934
2021-01-20,88.75,53.2400016784668,53.03916549682617,355.8116149902344,81.4239730834961,75.1063388824463,4.067856337304803
2021-01-21,91.52999877929688,53.130001068115234,56.46541976928711,356.12554931640625,82.89640045166016,77.55718574523925,4.159675915359611
2021-01-22,92.79000091552734,52.27000045776367,51.222068786621094,354.915771484375,80.2342758178711,75.29733123779297,3.8058398394143684
2021-01-25,94.12999725341797,52.77000045776367,50.119163513183594,356.3287353515625,79.2591552734375,74.97841033935548,4.219103809856444
2021-01-26,94.70999908447266,52.61000061035156,49.911231994628906,355.8023376464844,77.53317260742188,74.39963836669922,4.065142897844449
2021-01-27,88.83999633789062,52.849998474121094,48.446712493896484,347.12127685546875,73.2230453491211,70.47523078918456,1.5261044033320679
2021-01-28,87.5199966430664,52.34000015258789,50.68869400024414,350.05810546875,76.44099426269531,72.03900489807128,2.3850686567126878
2021-01-29,85.63999938964844,52.20000076293945,50.182437896728516,343.10400390625,76.32396697998047,71.27631797790528,0.3511315622725877
2021-02-01,87.66000366210938,53.54999923706055,51.24918746948242,348.7190246582031,78.43029022216797,73.04487342834473,1.9934140182887603
2021-02-02,88.86000061035156,54.7599983215332,52.433467864990234,353.66900634765625,79.59070587158203,74.22432289123535,3.4411857087785034
2021-02-03,87.88999938964844,55.689998626708984,52.1441764831543,353.9460754394531,77.14310455322266,72.86749458312988,3.522222935293484
2021-02-04,87.83999633789062,56.22999954223633,53.470252990722656,357.9540710449219,79.22989654541016,74.08503341674805,4.6944823368926105
2021-02-05,87.9000015258789,56.849998474121094,52.91544723510742,359.3578186035156,79.08362579345703,73.87808494567871,5.1050507194497285
2021-02-08,91.47000122070312,57.970001220703125,53.8067741394043,362.063720703125,81.92127990722656,76.35154457092284,5.89647353731555
2021-02-09,90.91000366210938,58.36000061035156,53.461158752441406,361.7590026855469,81.2484359741211,75.81072311401367,5.807349547145698
2021-02-10,92.3499984741211,58.68000030517578,53.53392028808594,361.61126708984375,80.30254364013672,75.8861930847168,5.7641398088971
2021-02-11,92.66000366210938,58.2400016784668,55.17103576660156,362.22076416015625,84.32986450195312,78.08125762939453,5.942405640812201
2021-02-12,93.7699966430664,59.470001220703125,56.216976165771484,364.0308532714844,85.82181549072266,79.32481803894044,6.471820886575284
2021-02-16,91.45999908447266,60.04999923706055,56.81725311279297,363.7445373535156,85.55851745605469,78.70658264160156,6.388079146387648
2021-02-17,89.94000244140625,61.13999938964844,56.25334930419922,363.7906799316406,83.9105453491211,77.42222366333007,6.4015749373878315
2021-02-18,88.63999938964844,60.52000045776367,56.03507614135742,362.24835205078125,86.3386459350586,77.9379810333252,5.9504745528916745
2021-02-19,89.58000183105469,59.2400016784668,57.308387756347656,361.5650329589844,88.698486328125,79.5459114074707,5.750617240533823
2021-02-22,85.37000274658203,61.4900016784668,55.21651077270508,358.81304931640625,84.13483428955078,75.82988777160645,4.945716483243217
2021-02-23,84.73999786376953,61.66999816894531,55.589412689208984,359.1916198730469,86.0363540649414,76.51336479187012,5.056440879643518
2021-02-24,86.94000244140625,63.220001220703125,57.472103118896484,363.1350402832031,90.21968078613281,79.41150398254395,6.209813314472549
2021-02-25,82.41999816894531,63.529998779296875,54.93456268310547,354.42633056640625,85.92906951904297,75.57799606323242,3.6626880563052966
2021-02-26,84.51000213623047,61.5,55.28017807006836,352.570068359375,89.25431060791016,77.6387783050537,3.119768093754332
2021-03-01,86.38999938964844,60.63999938964844,57.190155029296875,361.1217041015625,92.40400695800781,80.03564910888672,5.620952322637235
2021-03-02,84.12999725341797,59.75,55.69855499267578,358.34197998046875,88.82524108886719,77.478662109375,4.807938024328663
2021-03-03,80.86000061035156,61.279998779296875,54.47981643676758,353.5581970214844,86.89449310302734,75.35974235534668,3.4087761736451303
2021-03-04,77.75,63.83000183105469,53.051876068115234,349.1807861328125,82.23331451416016,72.13388862609864,2.1284701119552625
2021-03-05,78.5199966430664,66.08999633789062,55.243797302246094,355.61767578125,86.71894836425781,74.81671752929688,4.011132956480626
2021-03-08,73.95999908447266,65.05000305175781,54.43433380126953,353.8814392089844,82.93540954589844,71.69246368408203,3.5033181169479914
2021-03-09,78.52999877929688,64.01000213623047,56.99915313720703,358.868408203125,87.07975006103516,75.49064559936522,4.961907862128355
2021-03-10,77.5199966430664,64.44000244140625,56.61716842651367,361.06646728515625,83.2864761352539,73.55573997497558,5.60479664690289
2021-03-11,81.2300033569336,66.0199966430664,57.58124923706055,364.7788391113281,87.08948516845703,76.47916984558105,6.690591943066328
2021-03-12,81.05000305175781,65.61000061035156,57.208343505859375,365.3514404296875,85.5877914428711,75.7126205444336,6.858066497653901
2021-03-15,82.5,65.38999938964844,58.017818450927734,367.56793212890625,86.64093017578125,76.81171760559081,7.50634645819835
2021-03-16,82.75,64.80000305175781,58.91823959350586,367.0508117675781,89.1567611694336,78.16317634582519,7.355098985646709
2021-03-17,82.62999725341797,64.5999984741211,59.82774353027344,368.25128173828125,92.40400695800781,79.69892501831055,7.706212696343899
2021-03-18,78.12000274658203,60.0,57.96323776245117,362.8764343261719,87.5868148803711,75.85969810485841,6.1341761895151805
2021-03-19,79.05999755859375,61.41999816894531,57.99052810668945,362.2023010253906,88.2596664428711,76.4190242767334,5.937005539254588
2021-03-22,80.30000305175781,61.54999923706055,59.69131088256836,365.0651550292969,89.0105209350586,77.60160255432129,6.774333683253964
2021-03-23,78.37999725341797,57.7599983215332,57.735870361328125,362.22076416015625,83.2767105102539,74.14544448852538,5.942405640812201
2021-03-24,76.4800033569336,61.18000030517578,56.426170349121094,360.36444091796875,80.93638610839844,72.24640655517578,5.399467826685838
2021-03-25,76.22000122070312,58.560001373291016,56.40797424316406,362.4224853515625,81.99928283691406,72.58810577392578,6.001405097499503
2021-03-26,77.41000366210938,60.970001220703125,59.00008773803711,368.28814697265625,85.80231475830078,75.24395332336425,7.716995047883728
2021-03-29,77.13999938964844,61.560001373291016,58.66355895996094,368.102783203125,84.43711853027344,74.51591491699219,7.662779813402838
2021-03-30,76.0,60.54999923706055,57.99961471557617,367.1947021484375,84.38837432861328,73.95523414611816,7.397184074645291
2021-03-31,78.5,59.15999984741211,58.208805084228516,368.6309509277344,86.01686096191406,75.41938591003418,7.817258421101347
2021-04-01,81.08999633789062,61.45000076293945,58.70904541015625,372.5783996582031,90.1124267578125,77.98468322753907,8.971809059906583
2021-04-05,81.43000030517578,58.650001525878906,60.518985748291016,377.925048828125,91.41910552978516,79.1523380279541,10.535598138901857
2021-04-06,81.44000244140625,59.33000183105469,59.62763977050781,377.6933898925781,91.16557312011719,78.7865219116211,10.467842484482295
2021-04-07,82.19999694824219,59.77000045776367,60.25521469116211,378.16583251953125,91.62389373779297,79.38612098693848,10.606022603843284
2021-04-08,83.3499984741211,59.599998474121094,60.98282241821289,379.9265441894531,92.92080688476562,80.46816902160646,11.120995925110142
2021-04-09,82.76000213623047,59.31999969482422,62.08333969116211,382.67852783203125,92.93057250976562,80.62523155212402,11.925896682400747
2021-04-12,78.58000183105469,59.70000076293945,59.49122619628906,382.8361511230469,93.2133560180664,78.70671081542969,11.97199837586367
2021-04-13,80.19000244140625,60.18000030517578,59.31842041015625,383.957275390625,89.85889434814453,77.79608459472655,12.299905038544676
2021-04-14,78.55000305175781,63.150001525878906,58.381622314453125,382.67852783203125,88.41569519042969,76.44576568603514,11.925896682400747
2021-04-15,83.01000213623047,63.459999084472656,59.13650894165039,386.7929382324219,88.02561950683594,77.85420112609863,13.129280305704658
2021-04-16,82.1500015258789,63.130001068115234,58.89094543457031,388.1549987792969,88.40596008300781,77.67466812133789,13.527656062265581
2021-04-19,81.11000061035156,63.380001068115234,57.87228775024414,386.25543212890625,86.21188354492188,76.17943992614747,12.9720704069704
2021-04-20,79.2699966430664,62.439998626708984,57.02644729614258,383.4477233886719,85.30501556396484,75.01093940734863,12.150871161342272
2021-04-21,81.61000061035156,61.349998474121094,57.93595504760742,387.03369140625,87.26502227783203,76.7697956085205,13.199695844858383
2021-04-22,79.05999755859375,61.43000030517578,56.90821075439453,383.59588623046875,82.60384368896484,73.83199996948242,12.194205860618649
2021-04-23,82.76000213623047,62.13999938964844,53.87953186035156,387.6175842285156,83.89105224609375,74.5482810974121,13.370472940894414
2021-04-26,85.41000366210938,61.90999984741211,53.44296646118164,388.4885559082031,85.65603637695312,75.91830558776856,13.625214921810546
2021-04-27,85.20999908447266,62.939998626708984,52.724449157714844,388.3681640625,87.23577880859375,76.27464599609375,13.590002689339833
2021-04-28,84.0199966430664,63.86000061035156,52.40612030029297,388.2198486328125,83.89105224609375,74.48425598144532,13.546623361124963
2021-04-29,83.91000366210938,65.01000213623047,53.00639724731445,390.67535400390625,85.87055969238281,75.42314414978027,14.264810090924321
2021-04-30,81.62000274658203,63.58000183105469,52.324256896972656,388.1457214355469,83.93004608154297,73.7552963256836,13.524942622805227
2021-05-03,78.55000305175781,64.48999786376953,52.07868957519531,388.9796447753906,82.90615844726562,72.3510711669922,13.768848697455338
2021-05-04,78.61000061035156,65.69000244140625,51.75126266479492,386.6168518066406,82.31134033203125,72.03291511535645,13.077778510684123
2021-05-05,77.83000183105469,65.62999725341797,51.70579147338867,386.67236328125,83.03292846679688,72.07390937805175,13.094014518507754
2021-05-06,77.88999938964844,64.70999908447266,52.335391998291016,389.8136291503906,82.69161987304688,72.14426536560059,14.012772623680847
2021-05-07,78.80999755859375,64.9000015258789,52.77465057373047,392.6398620605469,83.8423080444336,73.0123176574707,14.839389822441984
2021-05-10,75.98999786376953,64.91999816894531,51.21895980834961,388.8221740722656,78.83983612060547,69.69862174987793,13.722791632930909
2021-05-11,76.83000183105469,65.27999877929688,50.3679084777832,385.3565979003906,78.67405700683594,69.62899589538574,12.709179181885508
2021-05-12,74.63999938964844,66.08000183105469,49.06843566894531,377.118896484375,74.89054870605469,67.06875,10.299814531057413
2021-05-13,73.08999633789062,63.81999969482422,49.42532730102539,381.5944519042969,75.2708511352539,66.86293754577638,11.608825925985762
2021-05-14,74.58999633789062,65.37000274658203,50.651580810546875,387.48785400390625,77.71842956542969,68.65984497070312,13.332529417387953
2021-05-17,74.6500015258789,66.2699966430664,50.63328552246094,386.56121826171875,78.39128112792969,68.94149856567383,13.061506799709699
2021-05-18,74.44000244140625,65.48999786376953,50.184879302978516,383.23455810546875,76.91879272460938,68.15498161315918,12.088524534268018
2021-05-19,76.2300033569336,63.36000061035156,50.660736083984375,382.1968078613281,77.94271850585938,69.24430923461914,11.785003123579404
2021-05-20,78.05999755859375,62.04999923706055,51.200660705566406,386.2369384765625,79.11286926269531,70.42334518432617,12.966661379625085
2021-05-21,77.16999816894531,63.58000183105469,51.31962585449219,386.0145263671875,78.71308898925781,70.03212280273436,12.901610238878177
2021-05-24,77.44000244140625,66.05000305175781,52.12491989135742,389.8971252441406,80.83887481689453,71.20502662658691,14.037193578824034
2021-05-25,77.86000061035156,66.06999969482422,52.04255294799805,389.0538024902344,79.21039581298828,70.6549243927002,13.790538361562774
2021-05-26,78.33999633789062,66.20999908447266,52.08831787109375,389.767333984375,80.19526672363281,71.20660095214845,13.999232203742174
2021-05-27,78.41999816894531,66.8499984741211,52.82955551147461,389.97119140625,81.84325408935547,72.11216773986817,14.058856465568374
2021-05-28,80.08000183105469,66.31999969482422,52.27133560180664,390.71246337890625,82.04803466796875,72.5246150970459,14.275663848765738
2021-06-01,80.80999755859375,67.72000122070312,52.06086730957031,390.40673828125,82.05780029296875,72.68437957763672,14.186245307601835
2021-06-02,81.97000122070312,68.83000183105469,52.60078048706055,391.05535888671875,82.2430648803711,73.26846046447754,14.375953999346452
2021-06-03,80.27999877929688,68.80999755859375,51.466033935546875,389.56353759765625,79.99048614501953,71.52000427246094,13.93962579349137
2021-06-04,81.58000183105469,69.62000274658203,52.500118255615234,393.1124267578125,81.67747497558594,72.89502601623535,14.977605644953766
2021-06-07,81.3499984741211,69.2300033569336,52.24388122558594,392.7788391113281,81.95053100585938,72.85837631225586,14.880037859621101
2021-06-08,80.88999938964844,70.05000305175781,52.161521911621094,392.79742431640625,78.52778625488281,71.32657089233398,14.88547366432951
2021-06-09,79.95999908447266,69.95999908447266,52.161521911621094,392.1673583984375,76.70427703857422,70.31816711425782,14.701191851505596
2021-06-10,81.55999755859375,70.29000091552734,52.50926971435547,394.0678405761719,77.30886840820312,71.14432754516602,15.257045280431736
2021-06-11,81.30999755859375,70.91000366210938,52.93937683105469,394.7182312011719,77.36736297607422,71.22175750732421,15.447271667862871
2021-06-14,81.55000305175781,70.87999725341797,53.25050735473633,395.6661376953125,78.4887924194336,71.83567008972167,15.724515559567005
2021-06-15,80.47000122070312,72.12000274658203,53.06748580932617,394.8948059082031,80.13681030273438,72.11597023010253,15.498916275486582
2021-06-16,80.11000061035156,72.1500015258789,52.36285400390625,392.7109069824219,78.4887924194336,71.13737335205079,14.860169056204168
2021-06-17,84.55999755859375,71.04000091552734,52.32624053955078,392.5901794433594,78.63504791259766,72.51989059448242,14.824858640068772
2021-06-18,84.6500015258789,71.63999938964844,50.944419860839844,387.3115234375,75.03681182861328,70.69305114746093,13.280956216065828
2021-06-21,82.58999633789062,73.66000366210938,51.127445220947266,392.7760009765625,75.15380859375,70.17675590515137,14.879207761365137
2021-06-22,83.58000183105469,73.05999755859375,51.127445220947266,394.6439208984375,75.72915649414062,70.70389671325684,15.425537374816944
2021-06-23,83.81999969482422,73.08000183105469,50.56922149658203,394.4115905761719,77.05534362792969,71.13890380859375,15.357585353068012
2021-06-24,86.0999984741211,73.30000305175781,51.31045913696289,396.69769287109375,78.57655334472656,72.65375862121581,16.026225035352816
2021-06-25,85.62000274658203,74.05000305175781,51.16404724121094,398.1567687988281,79.99048614501953,73.0314094543457,16.45297587100737
2021-06-28,87.08000183105469,72.91000366210938,52.60078048706055,399.00244140625,81.30692291259766,74.42700386047363,16.70031837392142
2021-06-29,89.5199966430664,72.9800033569336,51.93275451660156,399.1789245605469,80.86812591552734,74.78307571411133,16.751936204182037
2021-06-30,93.93000030517578,73.47000122070312,51.37451934814453,399.5321350097656,82.8671646118164,76.73822174072265,16.855243271004856
2021-07-01,93.30999755859375,75.2300033569336,51.25556564331055,401.7903137207031,78.11827087402344,74.61697731018066,17.5157158575455
2021-07-02,94.69999694824219,75.16000366210938,51.941890716552734,404.8477783203125,78.33277893066406,75.3256778717041,18.40996374969842
2021-07-06,94.47000122070312,73.37000274658203,51.328765869140625,403.8161926269531,79.06413269042969,75.365283203125,18.10824534812491
2021-07-07,90.54000091552734,72.19999694824219,51.209800720214844,405.4704284667969,76.27521514892578,73.03502655029297,18.592076596111585
2021-07-08,89.73999786376953,72.94000244140625,50.68819046020508,402.2178955078125,75.19283294677734,72.20558967590333,17.640775068989644
2021-07-09,90.9000015258789,74.55999755859375,51.23725509643555,406.4927673339844,76.78231048583984,73.35410118103027,18.89109048401244
2021-07-12,90.80999755859375,74.0999984741211,51.91444396972656,407.99822998046875,77.5819091796875,73.8500961303711,19.33140851696877
2021-07-13,90.26000213623047,75.25,52.04255294799805,406.5670166015625,76.49951171875,73.29057121276855,18.912806925482972
2021-07-14,89.05000305175781,73.12999725341797,51.722267150878906,407.1060791015625,76.53850555419922,72.8470832824707,19.07047203938986
2021-07-15,86.93000030517578,71.6500015258789,51.07253646850586,405.7120361328125,75.0075454711914,71.40377922058106,18.662742057320873
2021-07-16,85.88999938964844,71.80999755859375,50.3038444519043,402.64532470703125,73.1450424194336,70.11617012023926,17.765789651495297
2021-07-19,86.58000183105469,66.41999816894531,50.00185775756836,396.6326599121094,72.72572326660156,70.06484718322754,16.00720418176724
2021-07-20,87.11000061035156,67.41999816894531,50.550926208496094,402.3851013183594,73.51558685302734,70.70451278686524,17.689679459789907
2021-07-21,89.41000366210938,70.30000305175781,51.456886291503906,405.64703369140625,75.2708511352539,72.36840744018555,18.643730129522996
2021-07-22,91.20999908447266,71.91000366210938,51.209800720214844,406.52984619140625,73.65211486816406,72.18678588867188,18.901935316066158
2021-07-23,92.1500015258789,72.06999969482422,48.501068115234375,410.5352783203125,74.05191802978516,71.81608810424805,20.073444951498608
2021-07-26,91.81999969482422,71.91000366210938,49.699867248535156,411.6318664550781,74.40299224853516,72.21715698242187,20.39417528086999
2021-07-27,91.02999877929688,71.6500015258789,48.6657829284668,409.7546081542969,72.37467193603516,70.85860328674316,19.845114376382437
2021-07-28,97.93000030517578,72.38999938964844,48.56512451171875,409.5316162109375,73.67161560058594,73.41718368530275,19.779893645669258
2021-07-29,102.94999694824219,73.62000274658203,49.14164733886719,411.35308837890625,75.16357421875,75.69292297363282,20.312638210243893
2021-07-30,106.19000244140625,73.94999694824219,49.159950256347656,409.2713928222656,75.6511459350586,76.86544418334961,19.703783453963865
2021-08-02,108.62999725341797,71.26000213623047,49.12334060668945,408.4443359375,75.70967102050781,77.60986976623535,19.461885681545926
2021-08-03,112.55999755859375,70.55999755859375,49.47108840942383,411.7061462402344,78.8495864868164,80.14916038513184,20.415900648128222
2021-08-04,118.7699966430664,68.1500015258789,49.324668884277344,409.74530029296875,79.94174194335938,82.40509643554688,19.842392011134386
2021-08-05,112.3499984741211,69.08999633789062,49.6359748840332,412.2915954589844,79.46392059326172,80.38136024475098,20.58713295933688
2021-08-06,110.11000061035156,68.27999877929688,49.66360855102539,413.00726318359375,79.96126556396484,79.91658897399901,20.796451606655175
2021-08-09,107.58000183105469,66.4800033569336,49.78335952758789,412.7191467285156,78.21575164794922,78.49530906677245,20.712183244993323
2021-08-10,106.4800033569336,68.29000091552734,49.68204116821289,413.20233154296875,74.02267456054688,76.45768318176269,20.853505241624198
2021-08-11,107.68000030517578,69.25,49.866241455078125,414.17816162109375,73.1645278930664,76.52968368530273,21.138916229072485
2021-08-12,106.5,69.08999633789062,49.3136100769043,415.1446228027344,68.5033950805664,74.14544105529785,21.421586999697325
2021-08-13,110.55000305175781,68.44000244140625,49.26756286621094,416.1947937011719,69.15673828125,75.60796508789062,21.728741205979244
2021-08-16,107.4800033569336,67.29000091552734,49.249141693115234,417.26348876953125,69.1664810180664,74.68533592224122,22.04131336539417
2021-08-17,107.55999755859375,66.58999633789062,48.53070831298828,414.4291076660156,69.02021789550781,74.43529891967773,21.212312981317524
2021-08-18,103.44000244140625,65.45999908447266,48.0701789855957,409.95904541015625,68.86418914794922,72.99873008728028,19.904908228174907
2021-08-19,103.69999694824219,63.689998626708984,48.300445556640625,410.5632019042969,68.53264617919922,73.01319122314453,20.081612047242768
2021-08-20,104.6500015258789,62.31999969482422,47.90439224243164,413.8342590332031,68.48390197753906,73.15987892150879,21.038331527497718
2021-08-23,108.7699966430664,65.63999938964844,49.0280876159668,417.4400634765625,69.95635223388672,75.32196617126465,22.092957973017878
2021-08-24,107.6500015258789,67.54000091552734,49.56229782104492,418.16497802734375,70.19037628173828,75.23984031677246,22.30498113400883
2021-08-25,108.30000305175781,68.36000061035156,49.56229782104492,419.0384826660156,72.19915008544922,76.23835029602051,22.560463955303938
2021-08-26,107.2699966430664,67.41999816894531,48.935977935791016,416.5664978027344,70.96072387695312,75.24608192443847,21.837457300147374
2021-08-27,111.4000015258789,68.73999786376953,49.6359748840332,420.2279968261719,72.16014862060547,77.17485237121582,22.908373308217357
2021-08-30,111.31999969482422,69.20999908447266,49.68204116821289,422.095947265625,71.3410415649414,76.8370288848877,23.45471184745686
2021-08-31,110.72000122070312,68.5,49.79256820678711,421.6405334472656,71.86762237548828,76.90081977844238,23.321512317631655
2021-09-01,109.98999786376953,68.58999633789062,49.433349609375,421.8263854980469,71.88711547851562,76.58185043334962,23.375870364715716
2021-09-02,109.19999694824219,69.98999786376953,49.48861312866211,423.0902099609375,72.15040588378906,76.46674537658691,23.745514010675066
2021-09-03,109.91999816894531,69.29000091552734,49.28597640991211,422.9044189453125,71.97488403320312,76.55174598693847,23.691173815166394
2021-09-07,109.1500015258789,68.3499984741211,49.41493225097656,421.5383605957031,71.8091049194336,76.29312210083009,23.291628780416964
2021-09-08,106.16999816894531,69.30000305175781,49.34124755859375,420.9807434082031,70.47315979003906,74.84263763427734,23.128536787589372
2021-09-09,106.1500015258789,68.13999938964844,49.18466567993164,419.10357666015625,71.05823516845703,75.02369422912598,22.579502660464907
2021-09-10,105.19999694824219,69.72000122070312,49.589935302734375,415.90673828125,71.67259216308594,75.10601654052734,21.64449069589279
2021-09-13,104.80000305175781,70.44999694824219,50.64916229248047,416.8731384277344,72.50143432617188,75.63532333374023,21.92714361494223
2021-09-14,105.7300033569336,70.45999908447266,50.21625518798828,414.6521301269531,71.66283416748047,75.44901123046876,21.277542637818403
2021-09-15,105.5999984741211,72.61000061035156,50.76889419555664,418.0998840332031,71.98462677001953,75.70451850891114,22.28594242884786
2021-09-16,106.22000122070312,72.61000061035156,50.50178909301758,417.3193359375,72.77446746826172,76.1263240814209,22.057647556882483
2021-09-17,103.87999725341797,71.97000122070312,49.97677230834961,413.2952880859375,72.45269775390625,75.13810997009277,20.880693190953927
2021-09-20,101.55000305175781,70.29000091552734,48.797821044921875,406.3254089355469,70.5706787109375,73.3326187133789,18.842141464273688
2021-09-21,102.81999969482422,70.55999755859375,48.69649887084961,406.09307861328125,70.34639739990234,73.59350852966308,18.774189442524754
2021-09-22,104.37999725341797,72.2300033569336,49.276771545410156,410.0984191894531,72.1308822631836,74.94938354492187,19.945672300594108
2021-09-23,106.1500015258789,73.30000305175781,49.76493835449219,415.0145568847656,72.19915008544922,75.65414199829102,21.38354529252618
2021-09-24,105.80000305175781,73.9800033569336,49.9399299621582,415.8103332519531,72.20893096923828,75.60555229187011,21.616294132553122
2021-09-27,108.16000366210938,75.44999694824219,50.34519958496094,414.50421142578125,73.3108139038086,76.87588653564453,21.234279344843614
2021-09-28,101.5199966430664,75.29000091552734,49.7373046875,406.22979736328125,71.28253173828125,73.89020309448242,18.814176971414184
2021-09-29,100.3499984741211,74.83000183105469,49.26756286621094,406.9295349121094,69.85882568359375,72.82879867553712,19.018836357553845
2021-09-30,102.9000015258789,75.02999877929688,49.07413864135742,401.8921203613281,69.31199645996094,73.31704063415528,17.545492285307805
2021-10-01,102.44999694824219,75.87999725341797,49.60835266113281,406.6776428222656,69.32176208496094,73.34620971679686,18.945162905890154
2021-10-04,100.33999633789062,77.62000274658203,49.249141693115234,401.397705078125,68.96044158935547,72.46091804504394,17.40088559880387
2021-10-05,101.80999755859375,78.93000030517578,49.691253662109375,405.6048583984375,68.84325408935547,72.98767700195313,18.631394690923624
2021-10-06,103.63999938964844,77.43000030517578,49.71887969970703,407.33062744140625,68.29641723632812,73.32623062133788,19.136147985275663
2021-10-07,106.44999694824219,78.30000305175781,49.90309524536133,410.70758056640625,68.88231658935547,74.45885429382324,20.123839948844527
2021-10-08,105.05999755859375,79.3499984741211,49.56229782104492,410.1011657714844,68.47221374511719,73.77557411193847,19.94647562148698
2021-10-11,104.68000030517578,80.5199966430664,49.22150421142578,407.0414733886719,67.59335327148438,73.20779266357422,19.051576146832065
2021-10-12,105.04000091552734,80.63999938964844,48.051753997802734,406.0153503417969,65.15209197998047,71.98836326599121,18.75145546125659
2021-10-13,109.16000366210938,80.44000244140625,48.13465881347656,407.461181640625,64.82007598876953,73.11642913818359,19.17433250504999
2021-10-14,111.98999786376953,81.30999755859375,49.64519500732422,414.4389953613281,66.20673370361328,74.97325134277344,21.215204936531848
2021-10-15,112.12000274658203,82.27999877929688,50.160987854003906,417.6200866699219,66.08953094482422,75.12010955810547,22.145611194651522
2021-10-18,116.43000030517578,82.44000244140625,50.170204162597656,418.8327331542969,65.67941284179688,76.25182647705077,22.500286294640432
2021-10-19,116.33000183105469,82.95999908447266,50.851776123046875,422.1256103515625,65.98212432861328,76.54738311767578,23.463387713099834
2021-10-20,116.38999938964844,83.87000274658203,50.9991569519043,423.74884033203125,66.6656723022461,76.88301582336426,23.938150360784803
2021-10-21,119.33000183105469,82.5,51.579429626464844,424.8495788574219,67.0269775390625,78.08362045288087,24.260094597283185
2021-10-22,119.81999969482422,83.76000213623047,45.555686950683594,424.3365478515625,65.92353057861328,75.98211822509765,24.11004318028315
2021-10-25,122.36000061035156,83.76000213623047,45.5096321105957,426.5567626953125,67.14414978027344,77.21854972839355,24.75941208692682
2021-10-26,122.93000030517578,84.6500015258789,44.46883010864258,427.0417785644531,67.31991577148438,77.14761543273926,24.901269630819602
2021-10-27,122.27999877929688,82.66000366210938,44.109619140625,425.1387939453125,66.63638305664062,76.57143859863282,24.344684287302183
2021-10-28,121.16000366210938,82.80999755859375,44.28462219238281,429.2247619628906,67.94489288330078,76.81134490966798,25.539749076471065
2021-10-29,120.2300033569336,83.56999969482422,45.13199234008789,430.03631591796875,67.47615814208984,76.59906196594238,25.777112548738145
2021-11-01,125.2300033569336,84.05000305175781,45.63857650756836,430.92254638671875,69.03855895996094,78.87599754333496,26.036317423503547
2021-11-02,127.62999725341797,83.91000366210938,45.924110412597656,432.62030029296875,69.09716033935547,79.70509643554688,26.532876844748333
2021-11-03,130.52999877929688,80.86000061035156,46.412269592285156,435.2789306640625,69.57564544677734,80.91293869018554,27.31047361746912
2021-11-04,137.5,78.80999755859375,46.660831451416016,437.2752380371094,70.54236602783203,83.46519584655762,27.89435401976866
2021-11-05,136.33999633789062,81.2699966430664,47.22658920288086,438.81439208984375,71.20638275146484,83.55252876281739,28.344526122344167
2021-11-08,150.16000366210938,81.93000030517578,47.810890197753906,439.2715759277344,72.807861328125,88.51441268920898,28.478243347855887
2021-11-09,148.9199981689453,84.1500015258789,47.48627853393555,437.7416076660156,73.81364440917969,88.44734077453613,28.030757907377634
2021-11-10,139.8699951171875,81.33999633789062,47.078189849853516,434.2807922363281,71.68489074707031,84.75841178894044,27.018537879213206
2021-11-11,146.00999450683594,81.58999633789062,46.864871978759766,434.4580383300781,72.79810333251953,86.98170127868653,27.07037885416629
2021-11-12,147.88999938964844,80.79000091552734,46.660831451416016,437.65771484375,75.48348999023438,88.55864524841309,28.00622091699437
2021-11-15,146.49000549316406,80.87999725341797,46.670108795166016,437.76959228515625,74.9756851196289,87.93830833435058,28.03894285469719
2021-11-16,152.4499969482422,80.76000213623047,46.93907165527344,439.5140380859375,75.00497436523438,89.81871032714844,28.549158731120734
2021-11-17,151.33999633789062,78.36000061035156,46.58663558959961,438.4786071777344,73.68671417236328,88.85267524719238,28.246315680297208
2021-11-18,155.02000427246094,79.01000213623047,46.076534271240234,439.924560546875,75.21005249023438,90.4129825592041,28.669228427241393
2021-11-19,155.41000366210938,76.0999984741211,45.928131103515625,439.20623779296875,81.07881164550781,92.83296508789061,28.45913323639333
2021-11-22,152.52000427246094,76.75,46.215660095214844,437.8909606933594,81.88932800292969,92.37643051147461,28.074440712374255
2021-11-23,149.9199981689453,78.5,45.53859329223633,438.4971923828125,83.40289306640625,91.998734664917,28.251751485005617
2021-11-24,157.8000030517578,78.38999938964844,46.15072250366211,439.6353759765625,84.18409729003906,94.85885658264161,28.5846476630101
2021-11-26,154.80999755859375,68.1500015258789,45.24181365966797,429.6911926269531,81.45966339111328,92.59940872192382,25.676170815655443
2021-11-29,161.91000366210938,69.94999694824219,46.37331771850586,435.17633056640625,84.11572265625,96.13128547668457,27.280465119226655
2021-11-30,158.3699951171875,66.18000030517578,45.631351470947266,426.90191650390625,82.02600860595703,94.01080741882325,24.860362745797225
2021-12-01,149.11000061035156,65.56999969482422,45.07486343383789,421.92047119140625,83.14899444580078,91.51505699157715,23.403388568190294
2021-12-02,150.67999267578125,66.5,45.909584045410156,428.4224548339844,80.93234252929688,91.34981002807618,25.305090117876627
2021-12-03,144.00999450683594,66.26000213623047,45.67771911621094,424.5790710449219,79.70195770263672,88.78709716796874,24.18097641512339
2021-12-06,139.05999755859375,69.48999786376953,47.29151153564453,429.6911926269531,80.5124282836914,88.11042404174805,25.676170815655443
2021-12-07,144.85000610351562,72.05000305175781,48.75690460205078,438.6185302734375,83.81301879882812,91.60728073120117,28.28724041689498
2021-12-08,145.24000549316406,72.36000061035156,47.99639129638672,439.77532958984375,83.99856567382812,91.57034530639649,28.625581325395572
2021-12-09,138.10000610351562,70.94000244140625,46.81849670410156,436.80877685546875,82.93417358398438,88.64922027587892,27.75792335479658
2021-12-10,138.5500030517578,71.66999816894531,46.92052459716797,440.9973449707031,83.52983856201172,89.05309371948242,28.982996642207926
2021-12-13,133.8000030517578,71.29000091552734,46.37331771850586,437.0930480957031,82.3677978515625,86.99911537170411,27.841067067208414
2021-12-14,135.60000610351562,70.7300033569336,46.0950813293457,434.0048522949219,81.33270263671875,87.0416072845459,26.937830906843068
2021-12-15,146.5,70.87000274658203,46.994720458984375,440.8269958496094,83.64701080322266,91.50722045898436,28.933172895274716
2021-12-16,138.63999938964844,72.37999725341797,47.14311218261719,436.7842712402344,80.74679565429688,88.03365173339844,27.75075594727466
2021-12-17,137.75,70.86000061035156,46.9483528137207,432.4513244628906,81.04952239990234,87.82931480407714,26.483454758261555
2021-12-20,135.8000030517578,68.2300033569336,46.00233459472656,427.5945129394531,80.10228729248047,86.58161621093748,25.06293349761543
2021-12-21,144.25,71.12000274658203,47.08746337890625,435.2120666503906,88.54904174804688,92.82085571289062,27.290917216621636
2021-12-22,143.8800048828125,72.76000213623047,47.2729606628418,439.6011047363281,88.21703338623047,92.63270301818848,28.57462400342465
2021-12-23,146.13999938964844,73.79000091552734,47.58830642700195,442.2962951660156,92.20116424560547,94.9989574432373,29.36291386980828
2021-12-27,154.36000061035156,75.56999969482422,48.172607421875,448.6317138671875,92.21092987060547,97.64415435791017,31.215898470236027
2021-12-28,153.14999389648438,75.9800033569336,48.005653381347656,448.28546142578125,90.75595092773438,96.64907455444336,31.11462648300847
2021-12-29,148.25999450683594,76.55999755859375,48.07058334350586,448.75335693359375,93.9100341796875,96.46318702697755,31.251476660002375
2021-12-30,145.14999389648438,76.98999786376953,47.98711395263672,447.49005126953125,91.68359375,94.61456985473632,30.881984752433905
2021-12-31,143.89999389648438,75.20999908447266,47.7645149230957,446.3763732910156,91.05799865722656,93.92255210876465,30.55625598195134
2022-01-03,150.24000549316406,76.08000183105469,49.35049057006836,449.04351806640625,93.5995864868164,97.31698341369628,31.33634304944003
2022-01-04,144.4199981689453,76.98999786376953,49.28556442260742,448.89373779296875,94.17633819580078,95.78220405578614,31.292535283415628
2022-01-05,136.14999389648438,77.8499984741211,49.962608337402344,440.143798828125,92.2798843383789,92.74573440551758,28.73335128606766
2022-01-06,136.22999572753906,79.45999908447266,50.09246063232422,439.8163757324219,93.50184631347656,93.2974754333496,28.6375865098501
2022-01-07,132.0,78.9000015258789,49.563804626464844,438.0570068359375,92.32878875732422,91.40065689086914,28.123005923241973
2022-01-10,132.0,78.2300033569336,51.20541000366211,437.2334289550781,91.7813491821289,91.6741626739502,27.882125690621667
2022-01-11,137.30999755859375,81.22000122070312,51.85464859008789,441.547607421875,92.08441162109375,93.58315849304199,29.143937520200176
2022-01-12,137.47000122070312,82.63999938964844,51.69697189331055,442.71734619140625,92.97396087646484,93.93967628479004,29.48606296268494
2022-01-13,132.74000549316406,82.12000274658203,50.95500564575195,436.6438903808594,93.4725341796875,92.4975170135498,27.709697323861405
2022-01-14,136.8800048828125,83.81999969482422,51.65987777709961,436.7936096191406,95.17342376708984,94.63133430480957,27.75348723831041
2022-01-18,131.92999267578125,85.43000030517578,50.788055419921875,429.0731201171875,90.78427124023438,91.12912292480468,25.49539683739705
2022-01-19,128.27000427246094,86.95999908447266,49.730743408203125,424.63739013671875,87.97872161865234,88.59171295166016,24.198033595415286
2022-01-20,121.88999938964844,86.9000015258789,48.26535415649414,419.92083740234375,83.15943908691406,84.31038169860841,22.818535255031623
2022-01-21,118.80999755859375,85.13999938964844,48.26535415649414,411.7417907714844,80.0899658203125,82.15859184265136,20.426325968160107
2022-01-24,116.52999877929688,83.30999755859375,48.172607421875,413.1829833984375,81.08705139160156,81.8456024169922,20.847846292223327
2022-01-25,111.12999725341797,85.5999984741211,47.30078887939453,408.4289245605469,78.90715789794922,79.09209899902343,19.457378158758164
2022-01-26,110.70999908447266,87.3499984741211,47.940731048583984,407.48370361328125,80.12905883789062,79.64684257507324,19.180919736371504
2022-01-27,102.5999984741211,86.61000061035156,44.56475830078125,405.35943603515625,76.95205688476562,74.93024978637695,18.559613506252024
2022-01-28,105.23999786376953,86.81999969482422,44.267974853515625,415.26983642578125,77.48970794677734,75.84827499389648,21.458209506624407
2022-01-31,114.25,88.1500015258789,45.27891159057617,422.7750549316406,80.42233276367188,80.0276065826416,23.653337401112314
2022-02-01,116.77999877929688,88.19999694824219,45.39948272705078,425.69482421875,79.62076568603516,80.50215072631835,24.507312139169454
2022-02-02,122.76000213623047,88.26000213623047,45.918853759765625,429.7843322753906,82.6120376586914,83.64847183227539,25.70341231971136
2022-02-03,120.08000183105469,90.2699966430664,44.778072357177734,419.8085021972656,80.12905883789062,81.50904579162598,22.785679430513323
2022-02-04,123.5999984741211,92.30999755859375,44.866859436035156,421.9141540527344,79.3470230102539,82.27886657714845,23.4015409301367
2022-02-07,123.66999816894531,91.31999969482422,45.025726318359375,420.416748046875,79.05378723144531,82.23023223876953,22.963579305132782
2022-02-08,128.22999572753906,89.36000061035156,45.61448669433594,423.75762939453125,82.23078918457031,85.04566040039063,23.940720987641978
2022-02-09,132.85000610351562,89.66000366210938,46.64246368408203,430.0089416503906,86.1409683227539,88.30412826538085,25.769106117172562
2022-02-10,125.7699966430664,89.87999725341797,45.66121292114258,422.4100646972656,88.97582244873047,87.01969184875489,23.54658498023786
2022-02-11,113.18000030517578,93.0999984741211,44.51173400878906,413.9596862792969,87.74411010742188,82.4051643371582,21.07501651493869
2022-02-14,114.2699966430664,95.45999908447266,44.46501159667969,412.612060546875,87.84187316894531,82.75725173950195,20.680862655959174
2022-02-15,121.47000122070312,92.06999969482422,45.268707275390625,419.2469787597656,93.8439712524414,87.55920104980468,22.621444936860318
2022-02-16,117.69000244140625,93.66000366210938,45.07245635986328,419.7242736816406,93.90261840820312,86.38978500366211,22.76104425646537
2022-02-17,112.37000274658203,91.76000213623047,44.45566177368164,410.9182434082031,91.62495422363281,83.69768104553222,20.185454661327498
2022-02-18,113.83000183105469,91.06999969482422,42.0912971496582,408.0826721191406,88.76078033447266,82.28070182800292,19.35610617153061
2022-02-22,115.6500015258789,92.3499984741211,41.76421356201172,403.65625,88.53592681884766,82.63863525390624,18.0614652947969
2022-02-23,109.76000213623047,92.0999984741211,41.726829528808594,396.30072021484375,85.34913635253906,79.58570404052733,15.910118388970297
2022-02-24,116.61000061035156,92.80999755859375,43.661312103271484,402.5332336425781,86.83500671386719,82.81539649963378,17.733005233278583
2022-02-25,121.05999755859375,91.58999633789062,44.58649444580078,411.3954772949219,88.07648468017578,84.92454147338867,20.32503612935716
2022-02-28,123.33999633789062,95.72000122070312,44.57715606689453,410.5625915527344,86.86433410644531,85.12087936401366,20.081433531488795
2022-03-01,113.83000183105469,103.41000366210938,43.754764556884766,404.1990966796875,84.32271575927734,81.00451622009277,18.220237206378403
2022-03-02,118.27999877929688,110.5999984741211,45.670555114746094,411.57330322265625,91.2046127319336,85.66701126098633,20.37704669427651
2022-03-03,111.9800033569336,107.66999816894531,44.79209518432617,409.5987548828125,87.17713928222656,81.90248527526855,19.79953037860603
2022-03-04,108.41000366210938,115.68000030517578,44.92292404174805,406.0987548828125,80.07042694091797,78.02804908752441,18.775849639036682
2022-03-07,102.94999694824219,119.4000015258789,44.5584602355957,394.1670227050781,73.99986267089844,73.85248222351075,15.28605409045197
2022-03-08,105.52999877929688,123.69999694824219,44.39023971557617,391.2286071777344,75.42708587646484,75.14690589904785,14.426625696111026
2022-03-09,111.05000305175781,108.69999694824219,44.51173400878906,401.756591796875,77.6559066772461,77.73088378906249,17.50585286213862
2022-03-10,106.45999908447266,106.0199966430664,43.60523986816406,399.9129333496094,74.01942443847656,74.62734146118164,16.96661924990715
2022-03-11,104.29000091552734,109.33000183105469,42.829586029052734,394.92510986328125,71.18457794189453,72.60970726013183,15.507779582671224
2022-03-14,102.25,103.01000213623047,41.493194580078125,391.93988037109375,67.84136199951172,70.25950317382812,14.634659030000732
2022-03-15,109.33000183105469,96.44000244140625,41.87636184692383,400.56805419921875,71.46806335449219,73.94913444519042,17.158229134431558
2022-03-16,115.37000274658203,95.04000091552734,43.57719802856445,409.4395751953125,77.88072204589844,78.83644905090333,19.75297346997048
2022-03-17,111.69000244140625,102.9800033569336,44.05381774902344,414.53045654296875,78.71161651611328,78.20779266357422,21.241955522264348
2022-03-18,113.45999908447266,104.69999694824219,44.34351348876953,418.96624755859375,77.6265640258789,78.39167938232421,22.53933661582151
2022-03-21,115.91999816894531,112.12000274658203,44.287445068359375,418.8819885253906,76.5903549194336,78.69837493896485,22.514692515985864
2022-03-22,114.77999877929688,111.76000213623047,45.221981048583984,423.9916076660156,77.34308624267578,78.93782844543458,24.009155001926633
2022-03-23,113.91999816894531,114.93000030517578,45.109832763671875,418.6761169433594,73.95101928710938,77.2893569946289,22.454479152171558
2022-03-24,120.52999877929688,112.33999633789062,48.24051284790039,424.733154296875,76.4535140991211,81.21255912780762,24.226042717213282
2022-03-25,119.66999816894531,113.9000015258789,48.436763763427734,426.8739929199219,76.34600067138672,80.97042884826661,24.85219565005307
2022-03-28,120.23999786376953,105.95999908447266,48.13771438598633,429.869140625,78.06647491455078,81.73990364074706,25.728217083725585
2022-03-29,123.2300033569336,104.23999786376953,48.82927322387695,435.35247802734375,80.20728302001953,83.70069618225097,27.331984765822586
2022-03-30,119.22000122070312,107.81999969482422,48.06295394897461,432.64837646484375,77.3821792602539,81.13775825500488,26.541088569430983
2022-03-31,109.33999633789062,100.27999877929688,46.31538772583008,425.9819641113281,76.14070129394531,77.15289573669433,24.59129487562495
2022-04-01,108.19000244140625,99.2699966430664,44.96031188964844,427.0147705078125,74.46910095214844,75.73273468017578,24.8933703087064
2022-04-04,110.52999877929688,103.27999877929688,45.97895050048828,430.77984619140625,75.92564392089844,77.32294235229492,25.994580440225207
2022-04-05,106.81999969482422,101.95999908447266,44.979000091552734,425.23089599609375,72.93436431884766,74.71344566345215,24.371622314576356
2022-04-06,103.66999816894531,96.2300033569336,44.42763137817383,421.09954833984375,72.12300872802734,73.27849235534669,23.16328487909976
2022-04-07,103.72000122070312,96.02999877929688,44.446319580078125,423.18389892578125,71.63423156738281,73.1035888671875,23.772916178909558
2022-04-08,101.0,98.26000213623047,43.941673278808594,422.0572814941406,70.6162109375,71.72898635864257,23.44340287444282
2022-04-11,97.37000274658203,94.29000091552734,43.52113342285156,414.7618103027344,70.5085220336914,70.47074966430664,21.30962191880693
2022-04-12,95.0999984741211,100.5999984741211,43.455718994140625,413.1750183105469,70.44000244140625,69.74271621704102,20.845516661634008
2022-04-13,97.73999786376953,104.25,43.93232727050781,418.010498046875,70.85112762451172,70.84214859008789,22.259798796678858
2022-04-14,93.05999755859375,106.94999694824219,42.6800537109375,412.8464050292969,68.64864349365234,68.18147277832031,20.74940377969621
2022-04-18,93.88999938964844,108.20999908447266,43.5865478515625,412.9965515136719,69.6470947265625,69.10180206298828,20.79331865517299
2022-04-19,96.93000030517578,102.55999755859375,44.79209518432617,419.6629638671875,71.19375610351562,70.99413108825684,22.743112348979018
2022-04-20,94.0199966430664,102.75,44.96031188964844,419.2874450683594,71.6537857055664,70.35560684204101,22.63328053134857
2022-04-21,89.8499984741211,103.79000091552734,44.39023971557617,413.2125244140625,69.4219741821289,68.04086112976074,20.856486454715505
2022-04-22,88.13999938964844,102.06999969482422,43.493099212646484,401.6543884277344,67.94386291503906,66.6674747467041,17.475960399136234
2022-04-25,90.69000244140625,98.54000091552734,43.97905349731445,404.1331481933594,68.63887786865234,67.85626792907715,18.200948579161874
2022-04-26,85.16000366210938,101.69999694824219,42.53986740112305,392.3683166503906,65.66309356689453,64.57519874572753,14.759968163500437
2022-04-27,84.91000366210938,102.0199966430664,42.25951385498047,393.5513916015625,65.06597137451172,64.17724380493163,15.105994175209464
2022-04-28,89.63999938964844,105.36000061035156,43.77345657348633,403.438232421875,68.6976089477539,67.50308036804199,17.997699467478583
2022-04-29,85.5199966430664,104.69000244140625,40.73622512817383,388.30279541015625,66.74962615966797,64.57671699523927,13.570883652089577
2022-05-02,89.83999633789062,105.16999816894531,42.016536712646484,390.8004150390625,69.10871124267578,67.20044441223145,14.301387968912909
2022-05-03,91.12999725341797,102.41000366210938,42.10999298095703,392.61248779296875,69.75479125976562,67.87391357421875,14.831383390876399
2022-05-04,99.41999816894531,107.80999755859375,43.493099212646484,404.43353271484375,72.06494903564453,71.69990882873536,18.288805107478534
2022-05-05,93.87000274658203,108.26000213623047,42.009578704833984,390.077392578125,69.78416442871094,68.67754020690917,14.089918206759267
2022-05-06,95.33999633789062,109.7699966430664,41.72700119018555,387.97412109375,68.86400604248047,68.66570167541504,13.474752918576376
2022-05-09,86.36000061035156,103.08999633789062,40.56843948364258,375.495849609375,66.49513244628906,64.67658500671386,9.825105438098635
2022-05-10,88.7300033569336,99.76000213623047,41.45383834838867,376.23760986328125,67.45443725585938,66.03692741394043,10.042055633899178
2022-05-11,87.91999816894531,105.70999908447266,40.34238052368164,370.3035583496094,65.54562377929688,64.69696311950685,8.306462993282542
2022-05-12,87.05999755859375,106.12999725341797,40.3517951965332,369.7590026855469,66.27978515625,64.73545188903809,8.147191237589919
2022-05-13,95.12000274658203,110.48999786376953,41.06765365600586,378.7726745605469,70.40084075927734,69.01663322448731,10.783511892228612
2022-05-16,94.23999786376953,114.19999694824219,40.57786178588867,377.1764831542969,68.98148345947266,68.03795127868653,10.316657492444543
2022-05-17,102.47000122070312,112.4000015258789,41.821189880371094,384.9883117675781,72.90678405761719,72.45007095336913,12.601462775939613
2022-05-18,96.27999877929688,109.58999633789062,39.89025115966797,369.5242614746094,69.54923248291016,68.67076797485352,8.078534078612803
2022-05-19,96.66999816894531,112.20999908447266,39.570003509521484,367.2144775390625,67.93408203125,68.04563331604004,7.402967985073941
2022-05-20,93.5,113.2300033569336,39.23091125488281,367.4021911621094,67.44464111328125,66.79712982177735,7.457870505207617
2022-05-23,95.06999969482422,110.29000091552734,39.56058120727539,374.265869140625,68.12007141113281,67.637202835083,9.465360490696964
2022-05-24,91.16000366210938,109.7699966430664,39.249752044677734,371.5805358886719,65.21279907226562,65.20804634094239,8.679953653739954
2022-05-25,92.6500015258789,110.33000183105469,39.748966217041016,374.86676025390625,66.43640899658203,66.29425392150878,9.641109250481078
2022-05-26,98.75,114.08999633789062,40.95462417602539,382.19976806640625,69.10871124267578,69.55487174987793,11.785868924986163
2022-05-27,102.26000213623047,115.06999969482422,41.96247482299805,391.7674865722656,71.77127075195312,71.97525138854981,14.584237255291722
2022-05-31,101.86000061035156,114.66999816894531,41.840030670166016,389.5327453613281,72.28030395507812,72.02213096618652,13.930619673703548
2022-06-01,101.22000122070312,115.26000213623047,41.54803466796875,386.3780212402344,71.99642181396484,71.6289794921875,13.007925296155404
2022-06-02,108.58999633789062,116.87000274658203,42.23563766479492,393.6546936035156,73.77796936035156,74.75887794494628,15.136207966568998
2022-06-03,106.30000305175781,118.87000274658203,40.86985397338867,387.1949462890625,68.4626693725586,71.53602485656738,13.246859707057432
2022-06-06,105.6500015258789,118.5,40.82275390625,388.359130859375,68.96189880371094,71.52658615112304,13.587360656181069
2022-06-07,105.27999877929688,119.41000366210938,41.0017204284668,391.9646301269531,69.2653579711914,71.59065895080566,14.641897843824243
2022-06-08,101.9000015258789,122.11000061035156,38.83530807495117,387.7206726074219,67.1509780883789,69.08098411560059,13.400624251740059
2022-06-09,98.80000305175781,121.51000213623047,37.68616485595703,378.61572265625,64.62548065185547,66.79604263305664,10.737606566095057
2022-06-10,94.81999969482422,120.66999816894531,36.90437316894531,367.44537353515625,61.29729080200195,64.03622817993164,7.470500494801041
2022-06-13,86.98999786376953,120.93000030517578,35.57626724243164,353.3175964355469,57.597137451171875,59.80873451232911,3.3384052634298964
2022-06-14,86.98999786376953,118.93000030517578,35.72697830200195,352.3757019042969,57.4600944519043,59.79913063049317,3.0629197519023754
2022-06-15,89.30000305175781,115.30999755859375,36.4051628112793,357.3957824707031,57.8712272644043,60.86004066467285,4.531193976735649
2022-06-16,82.05000305175781,117.58999633789062,35.17124557495117,345.65093994140625,53.8480339050293,56.70558815002441,1.0960599520167504
2022-06-17,81.56999969482422,109.55999755859375,34.822731018066406,346.2818908691406,54.57240295410156,56.74678039550781,1.2806006126839191
2022-06-21,83.79000091552734,110.6500015258789,35.538597106933594,355.0882873535156,55.600223541259766,58.03866882324219,3.856297317274175
2022-06-22,83.75,106.19000244140625,35.20891571044922,354.4759826660156,55.14994812011719,57.74765396118164,3.67721031289081
2022-06-23,82.43000030517578,104.2699966430664,35.237178802490234,358.02685546875,55.0324821472168,57.31314659118652,4.715770340553611
2022-06-24,87.08000183105469,107.62000274658203,36.36748123168945,369.2066345214844,57.20558547973633,59.91647911071777,7.985634480246473
2022-06-27,86.16000366210938,109.56999969482422,36.386322021484375,367.86920166015625,57.53839874267578,59.77925720214843,7.594461834358267
2022-06-28,80.77999877929688,111.76000213623047,35.585689544677734,360.3625793457031,56.6378288269043,57.5648380279541,5.398923353636228
2022-06-29,77.98999786376953,109.77999877929688,35.1241569519043,360.1083068847656,54.836700439453125,55.8689266204834,5.324553690532051
2022-06-30,76.47000122070312,105.76000213623047,35.237178802490234,357.1038513183594,54.112335205078125,55.15708808898926,4.445809891611482
2022-07-01,73.66999816894531,108.43000030517578,34.22932434082031,360.81475830078125,52.51676559448242,53.376502990722656,5.53117674996539
2022-07-05,75.19999694824219,99.5,34.55899429321289,361.5870666503906,55.531700134277344,55.14037742614747,5.757061659252163
2022-07-06,75.3499984741211,98.52999877929688,34.841575622558594,362.8773498535156,56.15818405151367,55.520745849609376,6.134443963146137
2022-07-07,79.30000305175781,102.7300033569336,35.924781799316406,368.25537109375,57.6069221496582,57.61020431518555,7.707408751895503
2022-07-08,79.3499984741211,104.79000091552734,35.78349304199219,367.9634094238281,58.0041389465332,57.741703033447266,7.622015740983638
2022-07-11,76.94999694824219,104.08999633789062,35.03937530517578,363.772216796875,56.69969177246094,56.27668838500977,6.396174835830218
2022-07-12,76.36000061035156,95.83999633789062,35.04880142211914,360.5039367675781,58.04338073730469,56.63999290466309,5.440267602255832
2022-07-13,77.5199966430664,96.30000305175781,35.04880142211914,358.6578369140625,57.72952651977539,56.86245002746582,4.9003199270084785
2022-07-14,78.5999984741211,95.77999877929688,35.51975631713867,357.7914733886719,58.210113525390625,57.51997184753418,4.646925740034827
2022-07-15,81.11000061035156,97.58999633789062,36.37689208984375,364.6198425292969,60.34824752807617,59.38536682128906,6.644088589156971
2022-07-18,81.43000030517578,102.5999984741211,36.461673736572266,361.671875,59.28898239135742,59.08309516906738,5.781866423266386
2022-07-19,85.87999725341797,104.22000122070312,37.88397216796875,371.3917541503906,61.20153045654297,61.6098030090332,8.62473873103683
2022-07-20,89.43000030517578,102.26000213623047,38.204219818115234,373.6898498535156,62.08424377441406,63.12396354675293,9.296886247887153
2022-07-21,91.08999633789062,96.3499984741211,38.251319885253906,377.50439453125,62.4177131652832,63.769480133056646,10.412565081265281
2022-07-22,88.0999984741211,94.69999694824219,36.923213958740234,374.1419677734375,60.11285400390625,61.552105331420904,9.42912179264092
2022-07-25,87.54000091552734,96.69999694824219,36.885536193847656,374.5281066894531,58.9947509765625,60.925561523437494,9.542059784390458
2022-07-26,85.25,94.9800033569336,36.6971549987793,370.0826416015625,58.514163970947266,59.9898120880127,8.241849216132861
2022-07-27,89.81999969482422,97.26000213623047,37.84629440307617,379.6517639160156,60.70133590698242,62.58042259216309,11.040628132672552
2022-07-28,91.66999816894531,96.41999816894531,37.40359115600586,384.4741516113281,60.87786865234375,63.073224258422854,12.451081104794728
2022-07-29,94.47000122070312,98.62000274658203,34.201072692871094,390.191162109375,60.67190933227539,62.870085906982425,14.123193543299397
2022-08-01,96.77999877929688,93.88999938964844,34.81331253051758,388.9384765625,61.338844299316406,64.0135311126709,13.756807809850017
2022-08-02,99.29000091552734,94.41999816894531,33.918495178222656,386.4614562988281,61.27019119262695,64.47062530517577,13.032328399723195
2022-08-03,98.08999633789062,90.66000366210938,34.398868560791016,392.4893493652344,63.0160026550293,64.95306053161622,14.795367837512819
2022-08-04,103.91000366210938,88.54000091552734,33.927913665771484,392.112548828125,63.60448455810547,66.79316902160645,14.685161136799033
2022-08-05,102.30999755859375,89.01000213623047,33.67102813720703,391.4249267578125,61.26038360595703,65.29846115112305,14.484045288375688
2022-08-08,100.06999969482422,90.76000213623047,33.6615104675293,391.0859069824219,60.269779205322266,64.22736473083496,14.384888712832685
2022-08-09,95.54000091552734,90.5,32.843284606933594,389.4471130371094,58.013954162597656,61.72056732177734,13.905573913421465
2022-08-10,99.05000305175781,91.93000030517578,33.65200424194336,397.6036071777344,60.220741271972656,63.89889869689941,16.291187043183765
2022-08-11,98.12000274658203,94.33999633789062,33.86131286621094,397.7448425292969,61.12307357788086,64.04362411499024,16.332495588652574
2022-08-12,100.83000183105469,92.08999633789062,34.356056213378906,404.2907409667969,63.79084014892578,66.0721534729004,18.247041346837097
2022-08-15,101.01000213623047,89.41000366210938,34.57488250732422,406.0708312988281,63.45736312866211,66.05841064453125,18.767682543292523
2022-08-16,100.19999694824219,86.52999877929688,34.43217468261719,406.9184875488281,62.63349533081055,65.44304962158203,19.015605222406975
2022-08-17,98.2699966430664,88.11000061035156,34.04208755493164,403.85748291015625,60.43650436401367,63.86822700500488,18.120321938881027
2022-08-18,100.44000244140625,90.5,34.44168472290039,405.0441589355469,61.77039337158203,65.1726634979248,18.46740119353848
2022-08-19,95.94999694824219,90.7699966430664,33.6615104675293,399.6850280761719,59.347835540771484,62.62258644104004,16.899961467374506
2022-08-22,92.83999633789062,90.2300033569336,32.196311950683594,391.3025817871094,57.190086364746094,60.386927032470695,14.448261805492269
2022-08-23,92.48999786376953,93.73999786376953,32.30097579956055,390.4360046386719,56.74873352050781,60.13678550720215,14.194805138004726
2022-08-24,92.7300033569336,94.88999938964844,32.21534729003906,391.6510314941406,57.190086364746094,60.35963973999023,14.550176449434119
2022-08-25,97.18000030517578,92.5199966430664,33.195316314697266,397.1702880859375,60.02457809448242,63.12242622375488,16.164449783652294
2022-08-26,91.18000030517578,93.05999755859375,31.73963165283203,383.5981750488281,56.52315902709961,59.48515319824219,12.194875294696038
2022-08-29,88.48999786376953,97.01000213623047,31.340028762817383,381.2906799316406,55.91505813598633,58.31503124237061,11.519978635234565
2022-08-30,86.94000244140625,91.63999938964844,30.693058013916016,376.92047119140625,55.21868896484375,57.37739372253418,10.241779059441551
2022-08-31,84.87000274658203,89.55000305175781,30.36957359313965,374.08544921875,55.444271087646484,56.7495813369751,9.412591233823237
2022-09-01,82.33000183105469,86.61000061035156,30.217344284057617,375.3663635253906,56.20929718017578,56.247922706604,9.78723332089376
2022-09-02,80.23999786376953,86.87000274658203,29.70357322692871,371.3541259765625,55.24811553955078,55.08231754302979,8.613733234804538
2022-09-06,78.72000122070312,86.87999725341797,28.885345458984375,369.8753662109375,54.169246673583984,53.949302673339844,8.181225266084425
2022-09-07,79.61000061035156,81.94000244140625,29.1612606048584,376.57196044921875,53.943660736083984,54.20884265899659,10.139846563924305
2022-09-08,82.77999877929688,83.54000091552734,29.25640296936035,378.94537353515625,54.32616424560547,55.341386222839354,10.83402292481461
2022-09-09,85.44999694824219,86.79000091552734,29.931915283203125,384.9920959472656,56.3367919921875,57.1492904663086,12.602569573614227
2022-09-12,84.63999938964844,87.77999877929688,30.02705955505371,389.14569091796875,56.82719039916992,57.13099384307861,13.817413908323056
2022-09-13,77.02999877929688,87.30999755859375,27.86732292175293,372.16412353515625,52.59016418457031,52.505262184143064,8.850641491899
2022-09-14,77.44999694824219,88.4800033569336,27.762662887573242,373.5862731933594,52.08995819091797,52.399781227111816,9.266592124438333
2022-09-15,76.66000366210938,85.0999984741211,27.43917465209961,369.2726745605469,51.67802429199219,51.900963211059576,8.004949884826098
2022-09-16,76.51000213623047,85.11000061035156,27.819751739501953,366.4752502441406,51.8349494934082,52.032905960083006,7.1867586296523776
2022-09-19,76.7699966430664,85.7300033569336,28.010034561157227,369.3290710449219,51.099361419677734,51.87375392913819,8.021444740492987
2022-09-20,75.25,84.44999694824219,27.553348541259766,364.98712158203125,49.8243293762207,50.77073631286621,6.751510444108814
2022-09-21,74.4800033569336,82.94000244140625,27.087146759033203,358.761474609375,49.13776779174805,50.12525215148926,4.9306319020326965
2022-09-22,69.5,83.48999786376953,26.706579208374023,355.72869873046875,48.70622253417969,48.34446277618409,4.0436049721278895
2022-09-23,67.95999908447266,78.73999786376953,26.18329429626465,349.82330322265625,49.13776779174805,47.89809513092041,2.3163936461601753
2022-09-26,66.30000305175781,76.70999908447266,25.660005569458008,346.3735046386719,47.94120407104492,46.76448421478271,1.307395827354915
2022-09-27,67.16999816894531,78.5,25.583890914916992,345.4836120605469,49.608558654785156,47.66959018707276,1.0471198580656944
2022-09-28,68.36000061035156,82.1500015258789,25.81223487854004,352.19573974609375,50.020484924316406,48.25986461639404,3.0102843818441265
2022-09-29,64.13999938964844,81.2300033569336,25.098665237426758,344.953369140625,49.04949188232422,46.39139614105224,0.8920342968036843
2022-09-30,63.36000061035156,79.48999786376953,24.518295288085938,339.5382385253906,49.13776779174805,46.01859588623047,-0.6917842497870976
2022-10-03,66.11000061035156,83.62999725341797,25.660005569458008,348.5225524902344,50.72665786743164,47.82166500091553,1.9359497970856054
2022-10-04,67.9000015258789,86.5199966430664,26.35454750061035,359.1920166015625,52.92363739013672,49.44581966400146,5.056556914883599
2022-10-05,67.94000244140625,87.76000213623047,26.297462463378906,358.3493957519531,53.6788444519043,49.74277725219727,4.810106990739406
2022-10-06,67.8499984741211,88.44999694824219,25.85980796813965,354.80865478515625,53.570953369140625,49.541323280334474,3.774510324592518
2022-10-07,58.439998626708984,92.63999938964844,24.470720291137695,344.9155578613281,52.00328826904297,45.67453098297119,0.880975245845202
2022-10-10,57.810001373291016,91.12999725341797,23.975980758666992,342.3500061035156,50.499515533447266,44.73560085296631,0.13060212560493412
2022-10-11,57.630001068115234,89.3499984741211,23.82375144958496,340.0021667480469,52.78958511352539,45.55195980072021,-0.5560944251939998
2022-10-12,57.849998474121094,87.2699966430664,24.09966468811035,338.9039611816406,51.84603500366211,45.32331295013428,-0.8772978213134065
2022-10-13,58.939998626708984,89.11000061035156,25.136722564697266,347.9261474609375,53.91987609863281,46.790966796875,1.761513128093176
2022-10-14,55.939998626708984,85.61000061035156,24.6514949798584,339.954833984375,51.816551208496094,44.904068565368654,-0.5699383219144243
2022-10-17,57.959999084472656,85.45999908447266,25.136722564697266,348.7024230957031,52.58319091796875,45.96229286193848,1.9885583897807586
2022-10-18,57.91999816894531,82.81999969482422,24.61343765258789,352.6974792480469,51.64946746826172,45.419817733764646,3.1570332573957067
2022-10-19,57.22999954223633,85.55000305175781,24.73712158203125,350.3780517578125,52.121238708496094,45.43863182067871,2.478646614944107
2022-10-20,57.77000045776367,85.9800033569336,24.813236236572266,347.39593505859375,52.779754638671875,45.88687286376953,1.6064364926188643
2022-10-21,58.81999969482422,85.05000305175781,25.660005569458008,355.78375244140625,55.089473724365234,47.37979106903076,4.059707093136042
2022-10-24,58.70000076293945,84.58000183105469,25.85980796813965,360.15765380859375,55.2762336730957,47.478436088562006,5.338986689240579
2022-10-25,61.470001220703125,85.31999969482422,26.07863426208496,365.9419860839844,54.91256332397461,48.22961597442627,7.030789415408211
2022-10-26,59.72999954223633,87.91000366210938,25.888349533081055,363.17755126953125,54.4997673034668,47.485411643981934,6.222246936736605
2022-10-27,58.599998474121094,89.08000183105469,24.994009017944336,361.246337890625,51.315284729003906,45.60431613922119,5.657405239598043
2022-10-28,62.0099983215332,87.9000015258789,27.658002853393555,369.7193298339844,53.11393737792969,48.145975303649905,8.135587713581828
2022-10-31,60.060001373291016,86.52999877929688,27.049091339111328,367.1254577636719,53.17289352416992,47.401885223388675,7.3769314623573194
2022-11-01,59.65999984741211,88.37000274658203,26.925405502319336,365.6675109863281,53.91987609863281,47.54357204437256,6.950510880847608
2022-11-02,58.630001068115234,90.0,26.088150024414062,356.2950134277344,52.53404235839844,46.42906227111816,4.209240814449565
2022-11-03,60.11000061035156,88.16999816894531,26.05960464477539,352.7164306640625,52.56352233886719,46.876290512084964,3.1625761715564957
2022-11-04,62.189998626708984,92.61000061035156,27.192630767822266,357.7056884765625,55.19760513305664,48.89383087158203,4.6218353508142505
2022-11-07,63.08000183105469,91.79000091552734,27.395132064819336,361.1990051269531,55.59074783325195,49.378839302062985,5.643561342877619
2022-11-08,63.849998474121094,88.91000366210938,27.462631225585938,363.1586608886719,56.50480270385742,49.99570999145507,6.216721874151213
2022-11-09,59.91999816894531,85.83000183105469,26.536924362182617,355.74591064453125,55.0108528137207,47.94141788482666,4.048639116389861
2022-11-10,68.47000122070312,86.47000122070312,28.69690704345703,375.2292785644531,59.2371711730957,52.84494094848633,9.74713868255195
2022-11-11,72.37000274658203,88.95999908447266,29.342973709106445,378.8457946777344,61.44860076904297,55.09333324432373,10.804898079554297
2022-11-14,73.52999877929688,85.87000274658203,29.26582908630371,375.6647644042969,60.721290588378906,55.12726459503173,9.874509673010015
2022-11-15,76.37000274658203,86.91999816894531,29.61296844482422,378.8552551269531,62.0186653137207,56.60235748291015,10.807665073740841
2022-11-16,72.69999694824219,85.58999633789062,28.475122451782227,376.07177734375,57.86115264892578,53.49699687957764,9.99355290354535
2022-11-17,73.9000015258789,81.63999938964844,28.822261810302734,374.80316162109375,57.7333869934082,53.910033798217775,9.622507908917335
2022-11-18,73.56999969482422,80.08000183105469,28.802980422973633,376.5831298828125,57.57613754272461,53.742349052429205,10.143113402221967
2022-11-21,72.45999908447266,79.7300033569336,27.906198501586914,375.1440734863281,56.18046569824219,52.582045555114746,9.722217883297647
2022-11-22,75.25,80.94999694824219,28.754764556884766,380.3131103515625,57.61543655395508,54.247603988647455,11.23405887788746
2022-11-23,76.4000015258789,77.94000244140625,28.610122680664062,382.5851745605469,57.920135498046875,54.67109146118164,11.898592697830935
2022-11-25,75.13999938964844,76.27999877929688,28.29191017150879,382.5568542480469,57.40904235839844,53.99318981170654,11.890309566846696
2022-11-28,73.19000244140625,77.23999786376953,27.70370101928711,376.4978332519531,54.79462432861328,52.18596076965332,10.118165825604567
2022-11-29,73.38999938964844,78.19999694824219,27.86762809753418,375.8541259765625,54.175418853759766,52.04745578765869,9.929894185679412
2022-11-30,77.62999725341797,80.55000305175781,28.995830535888672,387.50811767578125,56.66206741333008,54.65257530212402,13.338456140419778
2022-12-01,77.4800033569336,81.22000122070312,28.764406204223633,387.3471374511719,54.53907775878906,53.68895397186279,13.291372610310018
2022-12-02,74.9800033569336,79.9800033569336,28.35940933227539,386.93060302734375,53.74296569824219,52.49901008605957,13.16954453401274
2022-12-05,73.62000274658203,76.93000030517578,28.12798309326172,379.962890625,53.11393737792969,51.769970703125,11.131626538259095
2022-12-06,70.2699966430664,74.25,27.578344345092773,374.5286865234375,52.760101318359375,50.458542823791504,9.54222937435673
2022-12-07,70.13999938964844,72.01000213623047,27.317991256713867,373.8092041015625,52.897705078125,50.39647922515869,9.331795003576117
2022-12-08,70.47000122070312,71.45999908447266,27.42405891418457,376.7439880371094,54.25405502319336,51.06984004974365,10.190161229180934
2022-12-09,68.58999633789062,71.0199966430664,27.231204986572266,373.960693359375,53.9296989440918,50.31823997497558,9.376102613711634
2022-12-12,70.66999816894531,73.16999816894531,27.665130615234375,379.2054138183594,54.4014778137207,51.26112976074219,10.91007956179381
2022-12-13,71.6500015258789,75.38999938964844,27.70370101928711,382.23284912109375,54.293365478515625,51.523456954956046,11.795544478851372
2022-12-14,68.93000030517578,77.27999877929688,27.250490188598633,379.94140625,53.65449905395508,50.31594676971436,11.125342783719327
2022-12-15,66.52999877929688,76.11000061035156,26.18014144897461,370.5284118652344,51.14820098876953,48.272322463989255,8.372228197045333
2022-12-16,65.41000366210938,74.29000091552734,25.958358764648438,366.0025634765625,51.17768096923828,47.88158111572266,7.0485071039898
2022-12-19,64.58999633789062,75.19000244140625,25.8330020904541,362.96002197265625,50.83369064331055,47.46037578582764,6.158623922021462
2022-12-20,65.05000305175781,76.08999633789062,25.49550437927246,363.3783264160156,49.81151580810547,47.08825855255127,6.280969694005253
2022-12-21,67.68000030517578,78.29000091552734,25.871572494506836,368.7980041503906,50.312767028808594,48.190578651428225,7.866118182963117
2022-12-22,63.86000061035156,77.48999786376953,25.042293548583984,363.7777404785156,48.58293533325195,46.10386238098144,6.397790403403652
2022-12-23,64.5199966430664,79.55999755859375,25.158008575439453,365.6697998046875,49.3397331237793,46.63929481506348,6.951180314924997
2022-12-27,63.27000045776367,79.52999877929688,25.01336669921875,364.26263427734375,49.16282272338867,46.1501392364502,6.539612244145642
2022-12-28,62.56999969482422,78.95999908447266,24.627656936645508,359.84136962890625,48.278236389160156,45.47059154510498,5.246479825532983
2022-12-29,64.81999969482422,78.4000015258789,25.273717880249023,366.0691833496094,49.782020568847656,46.94092350006103,7.067992098535698
2022-12-30,64.7699966430664,80.26000213623047,25.48586082458496,365.30859375,49.235286712646484,46.770871925354,6.8455346917251605
2023-01-03,64.0199966430664,76.93000030517578,25.775144577026367,363.711181640625,49.619476318359375,46.78633289337158,6.378323260433152
2023-01-04,64.66000366210938,72.83999633789062,26.69120979309082,366.5445861816406,53.39241409301758,48.76232967376709,7.207038019303444
2023-01-05,62.33000183105469,73.66999816894531,26.57549476623535,362.3800354003906,53.89480972290039,48.22957286834717,5.988989326810843
2023-01-06,63.959999084472656,73.7699966430664,27.70370101928711,370.6519775390625,55.92412185668945,49.86875877380371,8.408368711436692
2023-01-09,67.23999786376953,74.62999725341797,28.262983322143555,370.3952941894531,55.52023696899414,50.85898914337158,8.333293911104331
2023-01-10,68.05000305175781,75.12000274658203,28.388338088989258,373.0575866699219,56.35755920410156,51.47452602386475,9.111961778348949
2023-01-11,69.05999755859375,77.41000366210938,28.783693313598633,377.7070007324219,57.19489669799805,52.231065940856936,10.47182338579584
2023-01-12,70.80000305175781,78.38999938964844,29.207975387573242,379.18072509765625,56.41666793823242,52.56906070709229,10.902858599545695
2023-01-13,71.0,79.86000061035156,29.034404754638672,380.6734924316406,56.08173751831055,52.443016433715826,11.339463504819435
2023-01-17,71.58999633789062,80.18000030517578,28.54262351989746,379.9699401855469,56.0029182434082,52.44095325469971,11.133688395217456
2023-01-18,70.52999877929688,79.4800033569336,27.78084373474121,373.97979736328125,55.66799545288086,51.760450935363764,9.381690156810917
2023-01-19,67.70999908447266,80.33000183105469,27.404773712158203,371.31756591796875,55.52023696899414,50.742526626586915,8.603040141141696
2023-01-20,70.06999969482422,81.30999755859375,28.17619514465332,378.1348571777344,57.588932037353516,52.50943126678467,10.596962929329273
2023-01-23,76.52999877929688,81.62000274658203,29.188688278198242,382.6226501464844,60.89887237548828,56.07515506744385,11.909553565124734
2023-01-24,74.69999694824219,80.12999725341797,28.851192474365234,382.3659362792969,60.34721755981445,55.20424385070801,11.834469839004674
2023-01-25,74.91000366210938,80.1500015258789,28.63905143737793,382.4325256347656,60.623050689697266,55.31393680572509,11.853945907762874
2023-01-26,75.16000366210938,81.01000213623047,29.015117645263672,386.63507080078125,61.86427688598633,55.998247146606445,13.083107205940149
2023-01-27,75.4000015258789,79.68000030517578,27.154062271118164,387.5953369140625,62.91832733154297,55.93355007171631,13.363966041662184
2023-01-30,72.44999694824219,77.9000015258789,26.951562881469727,382.670166015625,60.79050827026367,54.136671257019046,11.92345101657135
2023-01-31,75.1500015258789,78.87000274658203,27.250490188598633,388.2228698730469,59.40152359008789,54.48075695037842,13.547507014107119
2023-02-01,84.63999938964844,76.41000366210938,28.031553268432617,392.3683776855469,61.66724395751953,58.46836338043212,14.759986015075835
2023-02-02,88.30999755859375,75.87999725341797,29.111547470092773,398.0637512207031,62.2287483215332,60.11796283721924,16.425770070102246
2023-02-03,86.08999633789062,73.38999938964844,29.236900329589844,393.96575927734375,61.48008346557617,59.19010238647461,15.227188520580142
2023-02-06,83.68000030517578,74.11000061035156,28.002227783203125,391.5412292480469,59.08628845214844,57.139183807373044,14.518061465294796
2023-02-07,85.91000366210938,77.13999938964844,28.353595733642578,396.5994873046875,61.204246520996094,58.76077842712402,15.997501850538933
2023-02-08,84.69000244140625,78.47000122070312,27.56301498413086,392.2733459472656,59.35226821899414,57.41681251525878,14.732191112182601
2023-02-09,83.20999908447266,78.05999755859375,27.06524085998535,388.945556640625,59.2833137512207,56.795897483825684,13.758878592596076
2023-02-10,81.4800033569336,79.72000122070312,27.133562088012695,389.791748046875,58.928672790527344,56.15553874969483,14.006372833900999
2023-02-13,83.12999725341797,80.13999938964844,27.865581512451172,394.37457275390625,59.22419357299805,56.988351058959964,15.346758372589692
2023-02-14,85.94999694824219,79.05999755859375,27.95342445373535,394.1654357910156,61.145145416259766,58.62908458709717,15.285589949491646
2023-02-15,85.18000030517578,78.58999633789062,28.15839195251465,395.42047119140625,60.91856384277344,58.368943214416504,15.652662968593814
2023-02-16,80.08000183105469,78.48999786376953,27.523971557617188,390.095947265625,59.155242919921875,55.94328918457031,14.095345085679975
2023-02-17,78.5,76.33999633789062,26.948118209838867,389.01214599609375,58.130741119384766,54.886731910705564,13.778354661354275
2023-02-21,76.7699966430664,76.16000366210938,25.435274124145508,381.3010559082031,56.74175262451172,53.358282279968265,11.523013403052065
2023-02-22,76.61000061035156,73.94999694824219,24.859416961669922,380.65447998046875,56.13098907470703,52.89322090148926,11.333902739083248
2023-02-23,79.75,75.38999938964844,24.996063232421875,382.66064453125,57.87461853027344,54.573666381835935,11.920666170809408
2023-02-24,78.08999633789062,76.31999969482422,24.537328720092773,378.524658203125,57.313114166259766,53.71344318389893,10.710972015602634
2023-02-27,78.7699966430664,75.68000030517578,24.303081512451172,379.8463439941406,57.03728103637695,53.73683586120605,11.097538955038397
2023-02-28,78.58000183105469,77.05000305175781,24.33236312866211,378.3915710449219,56.95846939086914,53.6570972442627,10.672046655449332
2023-03-01,78.29000091552734,77.69000244140625,24.7227725982666,377.0414123535156,56.485626220703125,53.49808254241944,10.277151956090837
2023-03-02,80.44000244140625,78.16000366210938,25.571918487548828,380.0079345703125,55.58918380737305,54.03924980163575,11.14480100090213
2023-03-03,81.5199966430664,79.68000030517578,25.767126083374023,386.10260009765625,55.93397521972656,54.55972690582276,12.927370062176143
2023-03-06,81.16000366210938,80.45999908447266,25.366952896118164,386.53997802734375,55.98322296142578,54.35137615203857,13.05529445147152
2023-03-07,82.11000061035156,77.58000183105469,24.917980194091797,380.4453125,54.73215103149414,54.001254653930665,11.272725390197504
2023-03-08,85.37000274658203,76.66000366210938,25.357192993164062,381.11083984375,56.042335510253906,55.63509292602539,11.467378968327111
2023-03-09,84.02999877929688,75.72000122070312,25.80616569519043,374.0559387207031,54.77154541015625,54.85946750640869,9.403959997118756
2023-03-10,82.66999816894531,76.68000030517578,26.567466735839844,368.7980041503906,54.11153793334961,54.41585464477539,7.866118182963117
2023-03-13,82.01000213623047,74.80000305175781,26.30394172668457,368.02789306640625,53.09688186645508,53.73293590545654,7.640875930390638
2023-03-14,87.44999694824219,71.33000183105469,27.33852767944336,374.2175598144531,53.46137237548828,55.821106338500975,9.451230968770187
2023-03-15,89.68000030517578,67.61000061035156,27.728939056396484,371.91668701171875,53.323448181152344,56.55206108093262,8.778271205239294
2023-03-16,96.5999984741211,68.3499984741211,29.456506729125977,378.3155212402344,55.727108001708984,60.107794761657715,10.649803592504588
2023-03-17,97.83999633789062,66.73999786376953,29.095378875732422,373.8277587890625,55.815757751464844,60.40691566467285,9.337221882496825
2023-03-20,96.80999755859375,67.63999938964844,28.460956573486328,377.535888671875,56.781158447265625,60.29374961853027,10.421776494170167
2023-03-21,95.93000030517578,69.33000183105469,27.777740478515625,382.44207763671875,57.756404876708984,60.21488418579102,11.856739679312515
2023-03-22,97.58000183105469,70.9000015258789,27.455650329589844,376.0335693359375,57.30325698852539,60.43199844360351,9.982377817346787
2023-03-23,100.27999877929688,69.95999908447266,28.334075927734375,376.9864501953125,60.426021575927734,62.75463104248047,10.26107661244578
2023-03-24,97.94999694824219,69.26000213623047,28.656166076660156,379.4784851074219,60.248714447021484,62.0813346862793,10.989947510120281
2023-03-27,96.61000061035156,72.80999755859375,28.480480194091797,380.13726806640625,58.89911651611328,61.08679084777832,11.182628489168513
2023-03-28,94.55999755859375,73.19999694824219,28.587846755981445,379.4306640625,58.39671325683594,60.303038597106934,10.975960800796681
2023-03-29,96.08999633789062,72.97000122070312,30.764385223388672,384.9206848144531,62.59324645996094,63.09361305236817,12.581683230399662
2023-03-30,97.87999725341797,74.37000274658203,31.32071876525879,387.0594177246094,62.14994430541992,63.620192527770996,13.20722028388825
2023-03-31,98.01000213623047,75.66999816894531,31.886816024780273,392.4920959472656,59.440921783447266,62.74541416168213,14.796171158405686
2023-04-03,96.55999755859375,80.41999816894531,32.10154724121094,393.8860778808594,58.721805572509766,62.08718566894531,15.203883288899275
2023-04-04,95.87000274658203,80.70999908447266,32.3065071105957,391.8715515136719,56.41666793823242,61.01962013244629,14.614674191343719
2023-04-05,92.55999755859375,80.61000061035156,32.0429801940918,390.9453125,56.1703987121582,59.84905281066894,14.343767608905544
2023-04-06,92.47000122070312,80.69999694824219,32.023468017578125,392.42529296875,57.80403137207031,60.4696533203125,14.776632609133596
2023-04-10,95.4800033569336,79.73999786376953,31.74040985107422,392.8740234375,62.453224182128906,63.147413635253905,14.907877391452825
2023-04-11,94.02999877929688,81.52999877929688,31.57448387145996,392.864501953125,62.74935531616211,62.781086921691895,14.905092545690884
2023-04-12,92.33000183105469,83.26000213623047,31.252399444580078,391.3941345214844,61.1601448059082,61.53877830505371,14.47503916858787
2023-04-13,92.08999633789062,82.16000366210938,31.359764099121094,396.4925842285156,62.18671798706055,61.90961532592773,15.966234816230973
2023-04-14,91.75,82.5199966430664,31.125511169433594,395.518798828125,61.82148742675781,61.59124832153321,15.681421856558487
2023-04-17,89.87000274658203,80.83000183105469,31.36952018737793,396.97967529296875,61.73264694213867,61.06491565704346,16.108699313687257
2023-04-18,89.77999877929688,80.86000061035156,31.066953659057617,397.208740234375,61.130523681640625,60.7062952041626,16.175696276152447
2023-04-19,89.94000244140625,79.16000366210938,30.40325355529785,397.1800842285156,59.8670539855957,60.04979839324951,16.167314961503525
2023-04-20,90.11000061035156,77.29000091552734,30.12020492553711,394.9554138183594,60.666595458984375,60.33569984436035,15.51664288985587
2023-04-21,88.43000030517578,77.87000274658203,29.57362937927246,395.17510986328125,60.34085464477539,59.53743076324463,15.580899635497609
2023-04-24,87.56999969482422,78.76000213623047,28.948970794677734,395.67156982421875,58.741764068603516,58.45239677429199,15.726104349777343
2023-04-25,83.80000305175781,77.06999969482422,28.187671661376953,389.38909912109375,57.38945007324219,56.552082443237296,13.888605991006555
2023-04-26,85.94000244140625,74.30000305175781,28.353595733642578,387.80419921875,60.232269287109375,58.3809871673584,13.425054132670944
2023-04-27,87.44000244140625,74.76000213623047,29.144180297851562,395.4996643066406,61.10091781616211,59.41562194824219,15.675825387671505
2023-04-28,89.37000274658203,76.77999877929688,30.315412521362305,398.77459716796875,63.52914810180664,61.31728382110596,16.63367844296417
2023-05-01,89.69000244140625,75.66000366210938,29.57362937927246,398.4881286621094,61.54509735107422,60.39712848663331,16.549892073838045
2023-05-02,89.91000366210938,71.66000366210938,29.05633544921875,394.0293273925781,61.10091781616211,60.13026885986328,15.245780936356187
2023-05-03,81.62000274658203,68.5999984741211,29.915239334106445,391.1935729980469,60.123695373535156,57.510050773620605,14.416378891833109
2023-05-04,86.61000061035156,68.55999755859375,30.61595916748047,388.4629211425781,59.728858947753906,59.05933151245117,13.617717260143777
2023-05-05,89.83999633789062,71.33999633789062,30.370952606201172,395.5664978027344,60.43955612182617,60.23910713195801,15.695372862731293
2023-05-08,95.04000091552734,73.16000366210938,30.15534782409668,395.7765197753906,60.08420944213867,61.59228839874268,15.756800133672597
2023-05-09,95.05999755859375,73.70999908447266,29.49873161315918,394.1629943847656,60.143436431884766,61.42499332427978,15.284875886475763
2023-05-10,97.0199966430664,72.55999755859375,29.37132453918457,395.82440185546875,59.21556854248047,61.60362377166748,15.770804694571595
2023-05-11,97.0999984741211,70.87000274658203,28.28350257873535,395.23236083984375,60.81465530395508,61.94091243743897,15.597644413220054
2023-05-12,95.26000213623047,70.04000091552734,28.3717041015625,394.7167663574219,60.1335563659668,61.142934417724604,15.446843230053343
2023-05-15,97.4000015258789,71.11000061035156,29.204721450805664,396.0248107910156,63.80552291870117,63.50362606048584,15.82942034238786
2023-05-16,101.4800033569336,70.86000061035156,28.636308670043945,393.38006591796875,62.90728759765625,64.19780864715577,15.0558848030699
2023-05-17,103.75,72.83000183105469,28.29330062866211,398.15399169921875,64.08192443847656,65.24575996398926,16.452163624326808
2023-05-18,107.93000030517578,71.86000061035156,29.087121963500977,402.01129150390625,66.69771575927734,67.78422298431397,17.580347486270576
2023-05-19,105.81999969482422,71.55000305175781,29.33212661743164,401.42889404296875,67.28997039794922,67.46162605285645,17.410007753831774
2023-05-22,108.0,71.98999786376953,29.67513656616211,401.54351806640625,65.3750228881836,67.45255012512206,17.443533012427466
2023-05-23,108.12000274658203,72.91000366210938,28.920516967773438,397.1514892578125,65.15786743164062,67.1753028869629,16.15895149843
2023-05-24,108.2699966430664,74.33999633789062,28.420703887939453,394.1725158691406,65.67113494873047,67.27566413879396,15.287660732237704
2023-05-25,120.3499984741211,71.83000183105469,26.8526668548584,397.6479797363281,68.71138000488281,71.64535160064698,16.30416513849743
2023-05-26,127.02999877929688,72.66999816894531,28.420703887939453,402.87060546875,72.97561645507812,75.82545738220215,17.831679816285867
2023-05-30,125.2699966430664,69.45999908447266,29.390928268432617,402.9469299316406,70.7645263671875,74.70408802032472,17.8540032113199
2023-05-31,118.20999908447266,68.08999633789062,30.811965942382812,400.4645080566406,67.31958770751953,71.63442459106446,17.127943936770436
2023-06-01,119.47000122070312,70.0999984741211,30.508153915405273,404.5892028808594,68.19808197021484,72.27267932891846,18.33433555052875
2023-06-02,117.86000061035156,71.73999786376953,30.684558868408203,410.3561706542969,68.27706146240234,71.87419242858887,20.02105950349592
2023-06-05,117.93000030517578,72.1500015258789,29.263526916503906,409.6495666503906,66.89513397216797,70.91611175537109,19.814391815124086
2023-06-06,124.2300033569336,71.73999786376953,30.341550827026367,410.5184326171875,66.6680908203125,73.03870258331298,20.068517916689018
2023-06-07,117.83000183105469,72.52999877929688,30.655160903930664,409.1669616699219,66.19430541992188,71.02327098846436,19.673239408459487
2023-06-08,121.05000305175781,71.29000091552734,31.18437385559082,411.53265380859375,64.47677612304688,71.46102352142333,20.36515754506206
2023-06-09,124.91999816894531,70.16999816894531,30.71396255493164,412.3564147949219,64.5853500366211,72.52432823181152,20.606091332408564
2023-06-12,129.19000244140625,67.12000274658203,32.409400939941406,416.1012268066406,66.57927703857422,75.11153182983398,21.70137474089554
2023-06-13,124.52999877929688,69.41999816894531,33.23262405395508,418.8212890625,66.99384307861328,74.1263240814209,22.496939124253483
2023-06-14,127.33000183105469,68.2699966430664,34.869266510009766,419.3097229003906,68.22771453857422,75.95086631774902,22.6397963563685
2023-06-15,124.23999786376953,70.62000274658203,35.10446548461914,424.4912414550781,67.93156433105469,74.97596473693848,24.15528799812701
2023-06-16,120.08000183105469,71.77999877929688,35.64347839355469,422.97802734375,66.78656005859375,73.43166809082031,23.71270281509526
2023-06-20,118.93000030517578,70.5,34.30085372924805,420.97625732421875,66.036376953125,72.38380699157715,23.127224696797686
2023-06-21,112.11000061035156,72.52999877929688,32.2427978515625,418.7542419433594,64.95056915283203,69.28606719970703,22.477329168679805
2023-06-22,110.69999694824219,69.51000213623047,32.05659484863281,420.26751708984375,65.39476013183594,68.98488159179688,22.919932203286958
2023-06-23,110.01000213623047,69.16000366210938,32.34080505371094,417.068603515625,64.43728637695312,68.48015670776367,21.984313285151337
2023-06-26,107.51000213623047,69.37000274658203,32.67401123046875,415.3062744140625,64.60507202148438,67.89723281860353,21.468866897136454
2023-06-27,110.38999938964844,67.69999694824219,33.418827056884766,419.9035949707031,65.92778778076172,69.51376304626464,22.81349218498195
2023-06-28,110.16999816894531,69.55999755859375,32.899417877197266,420.03765869140625,66.20417785644531,69.40249595642089,22.852703170341606
2023-06-29,111.23999786376953,69.86000061035156,32.25259780883789,421.7137756347656,63.499549865722656,68.44759864807129,23.342934208108133
2023-06-30,113.91000366210938,70.63999938964844,32.772010803222656,426.88568115234375,62.2952995300293,68.92272415161133,24.855614226741608
2023-07-03,115.81999969482422,69.79000091552734,32.94841384887695,427.4986267089844,63.075096130371094,69.86056251525879,25.03488867266664
2023-07-05,113.94999694824219,71.79000091552734,31.8605899810791,426.7611389160156,61.25885009765625,68.24671611785888,24.819188087143893
2023-07-06,113.4800033569336,71.80000305175781,31.331375122070312,423.26531982421875,60.43955612182617,67.61923599243164,23.796730180489245
2023-07-07,113.16999816894531,73.86000061035156,31.213775634765625,422.1829528808594,59.979698181152344,67.30701141357422,23.48015926818538
2023-07-10,113.58000183105469,72.98999786376953,32.08599853515625,423.3035583496094,61.78947067260742,68.41558837890625,23.807914192475508
2023-07-11,111.31999969482422,74.83000183105469,32.63480758666992,426.1482238769531,62.8970947265625,68.34528007507325,24.639922567006558
2023-07-12,114.58000183105469,75.75,33.30122756958008,429.3471374511719,63.08500289916992,69.5983699798584,25.57554148514218
2023-07-13,115.91999816894531,76.88999938964844,33.19342041015625,433.00579833984375,63.81680679321289,70.26074829101563,26.6456273949562
2023-07-14,115.94000244140625,75.41999816894531,32.48780822753906,432.5747985839844,63.37179183959961,69.87705993652344,26.519568495289818
2023-07-17,118.31999969482422,74.1500015258789,33.683433532714844,434.1838073730469,64.43985748291016,71.37697296142579,26.99017172590727
2023-07-18,117.93000030517578,75.75,33.81083679199219,437.33489990234375,64.22229766845703,71.2111701965332,27.911803934719288
2023-07-19,116.43000030517578,75.3499984741211,33.77163314819336,438.1394348144531,64.24205780029297,70.75731315612794,28.14711447581571
2023-07-20,110.25,75.62999725341797,32.703407287597656,435.40972900390625,63.97503662109375,68.4760368347168,27.348729543545037
2023-07-21,110.94999694824219,77.06999969482422,33.34042739868164,435.40020751953125,64.92443084716797,69.25689964294433,27.345944697783093
2023-07-24,110.61000061035156,78.73999786376953,32.95821762084961,437.3252868652344,64.7563247680664,68.97299537658691,27.90899231159425
2023-07-25,113.0,79.62999725341797,33.418827056884766,438.5033264160156,64.95409393310547,69.90728569030762,28.25354556833302
2023-07-26,110.08999633789062,78.77999877929688,33.67363739013672,438.5417175292969,66.63532257080078,69.78321914672851,28.264774209257777
2023-07-27,111.0999984741211,80.08999633789062,33.85983657836914,435.7067565917969,70.2845458984375,71.60176887512208,27.435604235214857
2023-07-28,112.95999908447266,80.58000183105469,36.09429931640625,439.8251037597656,70.4130859375,72.88152389526367,28.640139285131877
2023-07-31,114.4000015258789,81.80000305175781,35.05546951293945,440.74456787109375,70.60099029541016,73.07703742980956,28.90906434270098
2023-08-01,117.5999984741211,81.37000274658203,35.08486557006836,439.5186767578125,69.97797393798828,73.79664878845215,28.55051545085091
2023-08-02,109.3499984741211,79.48999786376953,33.70303726196289,433.3793640136719,67.41658782958984,69.88254585266114,26.75488796217394
2023-08-03,113.1500015258789,81.55000305175781,34.17344665527344,432.1341857910156,68.4154281616211,71.56320571899414,26.3906979724984
2023-08-04,115.81999969482422,82.81999969482422,34.561946868896484,430.1229553222656,69.1373519897461,72.76952476501465,25.802452860014284
2023-08-07,116.80999755859375,81.94000244140625,34.65046691894531,433.9252014160156,68.61322021484375,72.88342742919923,26.914534600949903
2023-08-08,113.2300033569336,82.91999816894531,34.44392395019531,432.1054992675781,66.90232849121094,71.06310958862304,26.382307732061776
2023-08-09,110.47000122070312,84.4000015258789,33.716094970703125,429.184326171875,65.96282958984375,69.64096069335938,25.527922407770504
2023-08-10,110.2300033569336,82.81999969482422,34.10951614379883,429.3758850097656,64.71676635742188,69.18856239318848,25.583949577154197
2023-08-11,107.56999969482422,83.19000244140625,34.31605911254883,429.11724853515625,63.6585807800293,68.02924995422363,25.508303526409133
2023-08-14,111.9800033569336,82.51000213623047,35.09306335449219,431.4159240722656,67.52538299560547,71.13207321166992,26.180620633225725
2023-08-15,111.3499984741211,80.98999786376953,34.198036193847656,426.53125,64.60797882080078,69.50760192871094,24.751950128410844
2023-08-16,107.19000244140625,79.37999725341797,32.978431701660156,423.3419189453125,63.5102424621582,67.45462722778319,23.819133907612564
2023-08-17,104.44000244140625,80.38999938964844,32.044063568115234,420.0855712890625,62.8575439453125,66.08823738098144,22.866716657028306
2023-08-18,105.44999694824219,81.25,32.21126174926758,420.16217041015625,62.887203216552734,66.45325889587403,22.88912038415162
2023-08-21,108.22000122070312,80.72000122070312,32.594852447509766,422.9971618652344,63.253116607666016,67.54570274353027,23.718299283982237
2023-08-22,105.66000366210938,80.3499984741211,32.348960876464844,421.79034423828125,62.70919418334961,66.4863670349121,23.36532900944375
2023-08-23,109.43000030517578,78.88999938964844,33.4210319519043,426.445068359375,64.46952056884766,68.64311790466309,24.726743703950188
2023-08-24,101.80000305175781,79.05000305175781,32.05389404296875,420.7176818847656,62.98609924316406,65.3506088256836,23.051596497628015
2023-08-25,102.25,79.83000183105469,32.703041076660156,423.72503662109375,63.01576614379883,65.69221878051758,23.931188246379946
2023-08-28,102.61000061035156,80.0999984741211,33.06695556640625,426.2822570800781,64.58818054199219,66.53835906982422,24.679124626578513
2023-08-29,105.91999816894531,81.16000366210938,33.74560546875,432.4407653808594,65.94305419921875,68.27690277099609,26.480366435717862
2023-08-30,106.58999633789062,81.62999725341797,33.96198272705078,434.33709716796875,67.33747863769531,69.10058517456055,27.035005957517
2023-08-31,105.72000122070312,83.62999725341797,34.561946868896484,433.57086181640625,69.16702270507812,69.75139350891112,26.810897279982232
2023-09-01,109.44999694824219,85.55000305175781,36.00777053833008,434.4903259277344,69.61205291748047,71.48215141296387,27.079822337551334
2023-09-05,110.77999877929688,86.69000244140625,36.10612487792969,432.6227111816406,69.51316833496094,71.87110443115233,26.53358198197651
2023-09-06,109.27999877929688,87.54000091552734,36.37167739868164,429.61529541015625,69.6318359375,71.54823722839356,25.653972381649186
2023-09-07,106.58999633789062,86.87000274658203,37.55194091796875,428.42767333984375,69.09780883789062,70.88170471191405,25.306616427573083
2023-09-08,106.08999633789062,87.51000213623047,37.384735107421875,428.9544677734375,69.40438842773438,70.8041748046875,25.460693374825155
2023-09-11,105.31999969482422,87.29000091552734,37.955196380615234,431.8565368652344,69.25604248046875,70.68497581481934,26.309491156017145
2023-09-12,105.30999755859375,88.83999633789062,38.22075653076172,429.51953125,69.53294372558594,70.87240371704101,25.625963259851193
2023-09-13,107.70999908447266,88.5199966430664,38.07322311401367,429.9218444824219,70.06697845458984,71.76175804138184,25.74363191908095
2023-09-14,106.62999725341797,90.16000366210938,38.033878326416016,433.7624816894531,70.99657440185547,71.79779243469238,26.86694230094132
2023-09-15,101.48999786376953,90.7699966430664,37.25687789916992,428.1690673828125,69.10768127441406,69.26713523864746,25.230979302615715
2023-09-18,102.37000274658203,91.4800033569336,37.36506652832031,428.9065856933594,69.72084045410156,69.80885696411133,25.446688813926155
2023-09-19,101.61000061035156,91.19999694824219,35.742210388183594,427.94873046875,69.92850494384766,69.17706527709962,25.166535115432303
2023-09-20,100.33999633789062,90.27999877929688,34.119346618652344,423.8974914550781,68.90989685058594,67.90176162719726,23.981627872664355
2023-09-21,96.11000061035156,89.62999725341797,34.08000946044922,416.95367431640625,67.14956665039062,65.91682968139648,21.950698768678663
2023-09-22,96.19999694824219,90.02999877929688,33.61774444580078,415.9575500488281,68.11874389648438,66.19281997680665,21.65935213241085
2023-09-25,97.37999725341797,89.68000030517578,33.72593307495117,417.6815185546875,67.82206726074219,66.46060600280762,22.163578805288672
2023-09-26,95.95999908447266,90.38999938964844,33.27349853515625,411.5690612792969,67.18911743164062,65.64569625854492,20.375806009786412
2023-09-27,98.06999969482422,93.68000030517578,34.040672302246094,411.67486572265625,67.45613861083984,66.61565704345703,20.406751715737226
2023-09-28,102.76000213623047,91.70999908447266,34.60129165649414,414.0802001953125,64.47940063476562,67.00014839172363,21.110264450560194
2023-09-29,102.81999969482422,90.79000091552734,34.965206146240234,413.1758117675781,67.27812957763672,68.24681358337402,20.84574873211417
2023-10-02,103.2699966430664,88.81999969482422,34.87668228149414,413.031494140625,67.20890045166016,68.32756385803222,20.80353868208781
2023-10-03,100.08000183105469,89.2300033569336,35.10289764404297,407.5279846191406,67.08035278320312,67.38701095581055,19.193871054322077
2023-10-04,104.06999969482422,84.22000122070312,35.338951110839844,410.41448974609375,67.35725402832031,68.76558685302734,20.038116683787816
2023-10-05,102.91000366210938,82.30999755859375,35.29961013793945,410.22198486328125,68.28687286376953,68.77763328552246,19.98181281498547
2023-10-06,107.23999786376953,82.79000091552734,35.59467697143555,415.0423889160156,69.3022232055664,70.5712917327881,21.391685610907242
2023-10-09,106.97000122070312,86.37999725341797,35.46681594848633,417.77484130859375,68.82674407958984,70.26174278259276,22.190873864070788
2023-10-10,109.01000213623047,85.97000122070312,35.83073043823242,419.9590148925781,68.42059326171875,70.82045707702636,22.82970141544249
2023-10-11,108.30999755859375,83.48999786376953,36.27332305908203,421.7389221191406,69.54987335205078,71.19494552612304,23.35028905717172
2023-10-12,108.79000091552734,82.91000366210938,36.233985900878906,419.2084655761719,69.09420776367188,71.14487915039062,22.61018059278477
2023-10-13,105.08999633789062,87.69000244140625,35.3782958984375,417.0051574707031,68.55927276611328,69.56419677734375,21.965756572526086
2023-10-16,106.45999908447266,86.66000366210938,35.95859146118164,421.344482421875,68.43048858642578,70.0977725982666,23.234923251168187
2023-10-17,105.13999938964844,86.66000366210938,35.46681594848633,421.4695129394531,68.35125732421875,69.52254753112794,23.271492203369075
2023-10-18,102.16999816894531,88.31999969482422,35.0537223815918,415.9468078613281,68.48992156982422,68.56308479309082,21.656210255140966
2023-10-19,102.4000015258789,89.37000274658203,35.08323287963867,412.1751403808594,66.89508056640625,68.00300254821778,20.553072153479278
2023-10-20,101.80999755859375,88.75,34.34556579589844,407.1046142578125,66.58799743652344,67.48186798095703,19.070043601580327
2023-10-23,100.01000213623047,85.48999786376953,33.29316711425781,406.3926696777344,66.25117492675781,66.49142074584961,18.861813900361255
2023-10-24,101.66999816894531,83.73999786376953,34.02099609375,409.4523010253906,67.43000793457031,67.67930145263672,19.75669552344077
2023-10-25,96.05999755859375,85.38999938964844,32.28995132446289,403.63128662109375,65.87474060058594,64.85488090515136,18.0541640004595
2023-10-26,93.66999816894531,83.20999908447266,31.98504638671875,398.7627868652344,63.92329025268555,63.26582946777344,16.63022416312484
2023-10-27,96.43000030517578,85.54000091552734,34.95536804199219,396.9347229003906,65.03274536132812,65.42870864868165,16.09555162840732
2023-10-30,96.18000030517578,82.30999755859375,35.10289764404297,401.6492919921875,65.44880676269531,65.56439208984375,17.47446979259058
2023-10-31,98.5,81.0199966430664,35.899574279785156,404.0450439453125,66.24128723144531,66.81638717651367,18.17517983007621
2023-11-01,108.04000091552734,80.44000244140625,36.67658233642578,408.4612731933594,68.74749755859375,70.91397399902344,19.46683949371861
2023-11-02,107.83000183105469,82.45999908447266,37.079837799072266,416.3316650390625,69.77771759033203,71.3840389251709,21.768773363807163
2023-11-03,112.25,80.51000213623047,37.512596130371094,420.0648193359375,71.89759826660156,73.68781814575195,22.860647121393303
2023-11-06,111.75,80.81999969482422,37.44845962524414,421.0750732421875,72.2343978881836,73.65329704284667,23.156126397365536
2023-11-07,113.44999694824219,77.37000274658203,38.25762176513672,422.1911315917969,72.11551666259766,74.35849227905274,23.482551379288587
2023-11-08,113.58999633789062,75.33000183105469,37.418853759765625,422.5375061035156,71.60041809082031,73.942822265625,23.583859069666932
2023-11-09,113.48999786376953,75.73999786376953,37.30044174194336,419.3528137207031,72.8782958984375,74.38845024108886,22.65239956859883
2023-11-10,118.58999633789062,77.16999816894531,38.346431732177734,425.9147033691406,74.65145111083984,76.94150886535644,24.571622439537382
2023-11-13,116.79000091552734,78.26000213623047,37.72475814819336,425.4239807128906,74.07691192626953,75.98519248962403,24.428095773344975
2023-11-14,119.87999725341797,78.26000213623047,38.889163970947266,433.7657775878906,76.44442749023438,78.20851936340333,26.867906286012765
2023-11-15,118.0,76.66000366210938,40.07330322265625,434.6413879394531,76.41471862792969,77.98787841796874,27.124004986659074
2023-11-16,119.83000183105469,72.9000015258789,42.77709197998047,435.18011474609375,75.94914245605469,79.16178512573242,27.281571916901274
2023-11-17,120.62000274658203,75.88999938964844,43.23101806640625,435.6419982910156,76.83077239990234,79.88761520385742,27.41666371371857
2023-11-20,121.52999877929688,77.5999984741211,44.14872360229492,439.14422607421875,77.88079833984375,80.85593605041504,28.44099603578991
2023-11-21,119.16000366210938,77.7699966430664,43.063262939453125,438.1340026855469,75.98876190185547,79.06248474121094,28.14552568560537
2023-11-22,122.51000213623047,77.0999984741211,43.09286117553711,439.7984313964844,76.37509155273438,80.23089561462402,28.632338146683363
2023-11-24,122.30999755859375,75.54000091552734,43.3790283203125,440.1256103515625,76.14727020263672,80.16561584472656,28.728031516599334
2023-11-27,122.6500015258789,74.86000061035156,43.4974479675293,439.30780029296875,76.78124237060547,80.55673179626464,28.48883825785404
2023-11-28,122.01000213623047,76.41000366210938,43.64546203613281,439.68304443359375,75.40431213378906,79.85836410522461,28.59858974339521
2023-11-29,123.8499984741211,77.86000061035156,44.34607696533203,439.4809265136719,75.96894836425781,80.84640197753906,28.539474251467823
2023-11-30,121.16000366210938,75.95999908447266,44.1092529296875,441.06854248046875,75.40431213378906,79.74250183105468,29.0038205049086
2023-12-01,121.38999938964844,74.06999969482422,43.16194152832031,443.6759338378906,75.21609497070312,79.45202026367187,29.76643088008356
2023-12-04,118.56999969482422,73.04000091552734,41.79030990600586,441.48223876953125,73.59151458740234,77.54469871520996,29.124818482949916
2023-12-05,118.37999725341797,72.31999969482422,41.365989685058594,441.3860168457031,72.99714660644531,77.12265472412109,29.096675474336443
2023-12-06,116.81999969482422,69.37999725341797,40.72458267211914,439.5579528808594,72.44241333007812,76.24034004211427,28.562002939618917
2023-12-07,128.3699951171875,69.33999633789062,41.59295654296875,442.93505859375,72.95752716064453,80.1718963623047,29.549739532126274
2023-12-08,128.9199981689453,71.2300033569336,42.13568878173828,444.8497619628906,74.2552261352539,81.01879653930663,30.109752378119932
2023-12-11,134.41000366210938,71.31999969482422,43.95136260986328,446.5816345214844,77.05859375,84.33184738159179,30.61629083001168
2023-12-12,137.61000061035156,68.61000061035156,43.45797348022461,448.79461669921875,77.42514038085938,85.29044837951659,31.263544324970795
2023-12-13,138.19000244140625,69.47000122070312,43.98097229003906,454.9427490234375,79.03981018066406,86.26721649169923,33.06175136629263
2023-12-14,138.0,71.58000183105469,44.582908630371094,456.36669921875,81.41725158691406,87.34177322387694,33.47822862030618
2023-12-15,139.14999389648438,71.43000030517578,45.54995346069336,455.596923828125,80.64456939697266,87.66781196594238,33.25308455139839
2023-12-18,138.89999389648438,72.47000122070312,45.08616638183594,458.1274108886719,80.79315948486328,87.51311187744142,33.99320194157304
2023-12-19,140.14999389648438,73.44000244140625,46.0433464050293,460.7733459472656,81.3974380493164,88.41697731018067,34.767085586611245
2023-12-20,135.47000122070312,74.22000122070312,45.155242919921875,454.1705322265625,77.95014953613281,85.36763305664063,32.83589323436896
2023-12-21,139.91000366210938,73.88999938964844,46.45779800415039,458.7784729003906,84.67631530761719,89.7808666229248,34.183624696333546
2023-12-22,139.60000610351562,73.55999755859375,47.365638732910156,459.6575927734375,85.67680358886719,90.36041488647462,34.440749862565184
2023-12-26,143.41000366210938,75.56999969482422,49.83259963989258,461.6379699707031,86.24144744873047,92.46935997009277,35.01997100368609
2023-12-27,146.07000732421875,74.11000061035156,50.08916091918945,462.51702880859375,85.84522247314453,93.18583946228027,35.277078318342326
2023-12-28,148.75999450683594,71.7699966430664,49.724056243896484,462.72955322265625,85.19141387939453,93.62178077697754,35.33923750387491
2023-12-29,147.41000366210938,71.6500015258789,49.58590316772461,461.4061279296875,84.65082550048828,92.9591022491455,34.952161794540324
2024-01-02,138.5800018310547,70.37999725341797,47.16828155517578,458.7591552734375,81.67503356933594,88.39449844360351,34.177974672720374
2024-01-03,135.32000732421875,72.69999694824219,46.42819595336914,455.0109558105469,81.59568786621094,87.16273612976075,33.08170050179886
2024-01-04,136.00999450683594,72.19000244140625,46.25057601928711,453.61016845703125,82.04205322265625,87.49499244689942,32.6719979206485
2024-01-05,138.5800018310547,73.80999755859375,46.27030944824219,454.15118408203125,82.77608489990234,88.56552734374999,32.83023428496809
2024-01-08,146.17999267578125,70.7699966430664,47.809696197509766,460.40142822265625,84.26396942138672,91.90249443054199,34.658307011929224
2024-01-09,149.25999450683594,72.23999786376953,47.41497802734375,459.9667053222656,82.65705871582031,92.06531524658203,34.53115916616362
2024-01-10,148.5399932861328,71.37000274658203,46.84264373779297,462.5459899902344,81.7147216796875,91.30067977905273,35.285548890868235
2024-01-11,148.02000427246094,72.0199966430664,47.010398864746094,462.2947692871094,82.71654510498047,91.59573898315429,35.212071806533906
2024-01-12,146.55999755859375,72.68000030517578,46.49726486206055,462.6908874511719,81.7246322631836,90.60703163146972,35.327928530860866
2024-01-16,158.74000549316406,72.4000015258789,46.43806457519531,461.0872802734375,83.92672729492188,95.12411193847657,34.858905164666055
2024-01-17,160.1699981689453,72.55999755859375,45.4512825012207,458.498291015625,82.60745239257812,94.72936515808105,34.101677039473316
2024-01-18,162.6699981689453,74.08000183105469,46.122291564941406,462.43011474609375,84.13502502441406,96.29169692993165,35.251657674976904
2024-01-19,174.22999572753906,73.41000366210938,47.51365661621094,468.21661376953125,86.80329895019531,101.24441528320312,36.94409413207113
2024-01-22,168.17999267578125,75.19000244140625,47.582733154296875,469.2309875488281,88.51932525634766,100.1365478515625,37.24077838938267
2024-01-23,168.4199981689453,74.37000274658203,48.243873596191406,470.68963623046875,86.82312774658203,99.72841262817383,37.66740426400945
2024-01-24,178.2899932861328,75.08999633789062,48.44123077392578,471.04705810546875,87.36869049072266,102.96684341430665,37.771943089534666
2024-01-25,180.3300018310547,77.36000061035156,48.89515686035156,473.6746520996094,88.4796371459961,104.1594024658203,38.54046233616605
2024-01-26,177.25,78.01000213623047,43.07312774658203,473.1820068359375,87.33892822265625,101.0325096130371,38.396373345348636
2024-01-29,177.8300018310547,76.77999877929688,43.2606201171875,476.9012145996094,88.35069274902344,101.66746368408204,39.48416801795654
2024-01-30,172.05999755859375,77.81999969482422,42.35277557373047,476.5438232421875,85.4642105102539,98.50951614379883,39.37963811821902
2024-01-31,167.69000244140625,75.8499984741211,42.51066207885742,468.7189636230469,85.05750274658203,97.08320045471191,37.09102152337668
2024-02-01,170.47999572753906,73.81999969482422,42.78696060180664,474.940185546875,84.91864013671875,97.94754295349122,38.91060582623652
2024-02-02,177.66000366210938,72.27999877929688,42.03700256347656,479.8379211425781,85.78160858154297,100.22174530029297,40.34309656818637
2024-02-05,174.22999572753906,72.77999877929688,42.20475387573242,478.2343444824219,86.27757263183594,99.44145393371582,39.87408212777925
2024-02-06,167.8800048828125,73.30999755859375,42.29877853393555,479.52886962890625,83.91679382324219,96.62035255432127,40.25270511616333
2024-02-07,170.94000244140625,73.86000061035156,42.33836364746094,483.4219970703125,84.48218536376953,97.77638397216796,41.39136785286517
2024-02-08,169.35000610351562,76.22000122070312,42.061256408691406,483.7406921386719,84.19452667236328,97.10118942260743,41.48457985380095
2024-02-09,172.47999572753906,76.83999633789062,42.86289596557617,486.542236328125,84.86905670166016,98.55049018859862,42.30397609031398
2024-02-12,171.91000366210938,76.91999816894531,43.57545852661133,486.2814636230469,85.00791931152344,98.64880638122558,42.22770523443001
2024-02-13,171.5399932861328,77.87000274658203,42.71444320678711,479.7509765625,80.87158966064453,96.62496681213379,40.31766699903325
2024-02-14,178.6999969482422,76.63999938964844,43.73380661010742,484.0305480957031,81.16917419433594,99.19781074523925,41.569356985361615
2024-02-15,176.75999450683594,78.02999877929688,43.595252990722656,487.21844482421875,80.97078704833984,98.49488906860351,42.50175369413807
2024-02-16,173.8699951171875,79.19000244140625,43.060829162597656,484.8999938964844,78.85798645019531,96.62244186401367,41.82365267689283
2024-02-20,165.69000244140625,78.18000030517578,44.060401916503906,482.20477294921875,80.05821228027344,94.94840621948242,41.03535388472149
2024-02-21,164.2899932861328,77.91000366210938,43.021240234375,482.63946533203125,80.83191680908203,94.52613677978516,41.16249280469939
2024-02-22,181.86000061035156,78.61000061035156,42.53630065917969,492.7248840332031,85.2162094116211,101.4053741455078,44.11227819752286
2024-02-23,176.52000427246094,76.48999786376953,42.54619598388672,493.0049743652344,85.30550384521484,99.84206161499023,44.194199077019995
2024-02-26,176.00999450683594,77.58000183105469,42.54619598388672,491.1502380371094,88.73754119873047,101.06187362670897,43.65172540385396
2024-02-27,178.0,78.87000274658203,42.28887939453125,492.0196533203125,91.10824584960938,102.52996215820312,43.90601216959746
2024-02-28,176.5399932861328,78.54000091552734,41.556522369384766,491.40142822265625,88.98552703857422,101.02316551208497,43.725193562400584
2024-02-29,192.52999877929688,78.26000213623047,42.60557556152344,493.1112976074219,89.87826538085938,106.49197845458984,44.225296521361685
2024-03-01,202.63999938964844,79.97000122070312,43.36762619018555,497.8835144042969,94.38160705566406,111.55493049621583,45.62107549850747
2024-03-04,205.36000061035156,78.73999786376953,45.1391487121582,497.2942199707031,94.99658966064453,113.14838066101075,45.4487185380488
2024-03-05,205.1300048828125,78.1500015258789,42.71444320678711,492.2708435058594,93.70708465576172,111.83616828918457,43.979480328144085
2024-03-06,210.6300048828125,79.12999725341797,44.05050277709961,494.93707275390625,94.78827667236328,114.31946296691895,44.75929962200182
2024-03-07,211.3800048828125,78.93000030517578,45.67357635498047,499.8542175292969,98.1806640625,116.38833999633789,46.197467164927936
2024-03-08,207.38999938964844,78.01000213623047,43.54576873779297,496.82080078125,96.8316421508789,114.01338729858398,45.31025279348146
2024-03-11,198.38999938964844,77.93000030517578,44.39689254760742,496.57928466796875,93.74677276611328,110.33477668762205,45.239614109635276
2024-03-12,202.75999450683594,77.55999755859375,44.77296829223633,501.7572937011719,96.63327026367188,112.91319694519044,46.75407928580845
2024-03-13,194.7899932861328,79.72000122070312,42.78371810913086,500.9554443359375,93.39959716796875,108.6319522857666,46.519554214029505
2024-03-14,187.05999755859375,81.26000213623047,42.30867385864258,499.8638916015625,90.69163513183594,105.08725547790527,46.20029663962838
2024-03-15,191.05999755859375,81.04000091552734,42.199806213378906,495.796875,92.49694061279297,106.97671737670899,45.01077476462028
2024-03-18,190.64999389648438,82.72000122070312,42.26908493041992,499.2938232421875,93.02265167236328,107.0847843170166,46.03356292541978
2024-03-19,181.4199981689453,83.47000122070312,41.61589813232422,502.1822509765625,93.24089050292969,104.20712509155274,46.87837087951052
2024-03-20,179.72999572753906,81.68000030517578,41.76435470581055,506.8482666015625,95.47270965576172,104.63738899230958,48.24308811546542
2024-03-21,178.67999267578125,81.06999969482422,41.98208236694336,508.413330078125,108.962890625,109.78377876281738,48.700838211796984
2024-03-22,179.64999389648438,80.62999725341797,42.13053512573242,507.7349548339844,109.31998443603516,110.26215248107911,48.5024268770463
2024-03-25,178.6300048828125,81.94999694824219,41.39817428588867,506.1455993652344,116.18408966064453,112.48208961486816,48.037571853706694
2024-03-26,177.8699951171875,81.62000274658203,41.556522369384766,505.07965087890625,117.84061431884766,112.96420097351074,47.72580301518464
2024-03-27,179.58999633789062,81.3499984741211,43.318145751953125,509.4793701171875,118.2869644165039,114.18722839355469,49.01263382768214
2024-03-28,180.49000549316406,83.16999816894531,43.714012145996094,509.48907470703125,117.05082702636719,114.08153610229493,49.01547222817027
2024-04-01,183.33999633789062,83.70999908447266,44.060401916503906,508.66534423828125,123.41521453857422,117.58620529174806,48.774547366611465
2024-04-02,178.6999969482422,85.1500015258789,43.48638916015625,505.34130859375,121.87622833251953,115.40640716552736,47.80233271891186
2024-04-03,180.77000427246094,85.43000030517578,39.913658142089844,505.90338134765625,127.09878540039062,117.04461288452148,47.96672787674344
2024-04-04,165.8300018310547,86.58999633789062,39.31985092163086,499.6816711425781,123.20670318603516,110.82763710021973,46.14700076128043
2024-04-05,170.4199981689453,86.91000366210938,38.31037902832031,504.89544677734375,122.7003402709961,111.69924926757812,47.6719269606363
2024-04-08,169.89999389648438,86.43000030517578,37.58791732788086,505.0310974121094,122.07482147216797,111.07630195617676,47.711602086956276
2024-04-09,170.77999877929688,85.2300033569336,37.93430709838867,505.6611328125,121.757080078125,111.31712379455567,47.895874973992484
2024-04-10,167.13999938964844,86.20999908447266,36.81596755981445,500.7573547363281,121.33014678955078,109.71884880065917,46.46161692607832
2024-04-11,170.5,85.0199966430664,37.24153137207031,504.5079345703125,126.60234832763672,112.96339874267578,47.55858730844032
2024-04-12,163.27999877929688,85.66000366210938,35.321556091308594,497.4527587890625,121.64787292480469,108.2396156311035,45.495088005142684
2024-04-15,160.32000732421875,85.41000366210938,35.935157775878906,491.28924560546875,120.5060806274414,107.07898178100587,43.69238236682077
2024-04-16,163.4600067138672,85.36000061035156,35.88566970825195,490.3492126464844,120.9032211303711,108.16499137878418,43.41744132834287
2024-04-17,154.02000427246094,82.69000244140625,35.31166076660156,487.5,115.50193786621094,103.00027465820312,42.58410301144473
2024-04-18,155.0800018310547,82.7300033569336,34.67826843261719,486.3758544921875,111.13326263427734,101.3807861328125,42.255312695781576
2024-04-19,146.63999938964844,83.13999938964844,33.84694290161133,482.16015625,106.00997924804688,96.55007438659668,41.02230438310623
2024-04-22,148.63999938964844,82.8499984741211,34.054771423339844,486.6084289550781,108.34326171875,98.14573593139647,42.32333612383209
2024-04-23,152.27000427246094,83.36000061035156,33.92611312866211,492.47149658203125,111.65947723388672,100.5226261138916,44.038167382261946
2024-04-24,151.74000549316406,82.80999755859375,34.14384078979492,492.2777099609375,110.98432922363281,100.15888557434081,43.98148863037626
2024-04-25,153.75999450683594,83.56999969482422,34.74754333496094,490.1941223144531,110.78575897216797,100.86656494140625,43.372080475258926
2024-04-26,157.39999389648438,83.8499984741211,31.55088996887207,494.9912414550781,114.02253723144531,102.29428005218506,44.77514289516672
2024-04-29,160.1999969482422,82.62999725341797,31.036256790161133,496.7550354003906,113.54595947265625,102.7892599105835,45.29101772099112
2024-04-30,158.3800048828125,81.93000030517578,30.155445098876953,488.8567810058594,112.15592193603516,101.42300376892089,42.98093460673381
2024-05-01,144.27000427246094,79.0,30.05647850036621,487.3255615234375,108.91913604736328,95.86559925079345,42.53308320895992
2024-05-02,146.16000366210938,78.94999694824219,30.195032119750977,491.7834777832031,111.53040313720703,97.51867198944092,43.836935498598514
2024-05-03,150.60000610351562,78.11000061035156,30.58100700378418,497.9664001464844,113.88352966308594,99.90771579742432,45.64531793789669
2024-05-06,155.77999877929688,78.4800033569336,30.774776458740234,503.1510925292969,119.27488708496094,103.6763874053955,47.161737861575844
2024-05-07,154.42999267578125,78.37999725341797,30.486604690551758,503.8003234863281,118.36143493652344,102.81955318450927,47.35162506907444
2024-05-08,153.6199951171875,78.98999786376953,29.81089210510254,503.7519836425781,118.47064971923828,102.41752605438232,47.337486621359965
2024-05-09,152.38999938964844,79.26000213623047,29.90032386779785,506.513916015625,116.97139739990234,101.47565593719483,48.14529718544029
2024-05-10,151.9199981689453,78.26000213623047,29.66183853149414,507.221435546875,120.37698364257812,102.62534446716309,48.352232647443074
2024-05-13,150.55999755859375,79.12000274658203,30.317676544189453,507.395751953125,122.12445831298828,103.11308555603028,48.4032167467771
2024-05-14,153.16000366210938,78.0199966430664,30.854272842407227,509.7119445800781,123.92158508300781,104.7729169845581,49.08065725573265
2024-05-15,159.6699981689453,78.62999725341797,31.072887420654297,516.0304565429688,126.90021514892578,107.98295173645019,50.92869696977541
2024-05-16,162.6199951171875,79.2300033569336,31.828094482421875,514.819091796875,126.97964477539062,109.12628479003905,50.574396752869845
2024-05-17,164.47000122070312,80.05999755859375,31.629356384277344,515.6913452148438,124.39814758300781,108.58906631469726,50.82951361686931
2024-05-20,166.3300018310547,79.80000305175781,31.897653579711914,516.292236328125,128.0817413330078,110.7009931564331,51.00526237665343
2024-05-21,164.66000366210938,79.26000213623047,31.5399227142334,517.5519409179688,126.59242248535156,109.49694690704345,51.37370104127347
2024-05-22,165.52000427246094,77.56999969482422,31.221940994262695,516.0789794921875,125.381103515625,109.17502498626709,50.942888972216075
2024-05-23,160.42999267578125,76.87000274658203,29.8903865814209,512.3091430664062,125.37117767333984,107.2445848464966,49.8402864178163
2024-05-24,166.36000061035156,77.72000122070312,30.526351928710938,515.7108154296875,128.5682830810547,110.49321899414062,50.835208269420974
2024-05-28,171.61000061035156,79.83000183105469,30.86421012878418,516.1080322265625,131.72561645507812,113.43250980377198,50.95138632210507
2024-05-29,165.13999938964844,79.2300033569336,29.94007110595703,512.415771484375,130.6433868408203,110.78137588500977,49.87147312003498
2024-05-30,166.75,77.91000366210938,29.99969482421875,509.0916748046875,125.39105224609375,109.18132934570312,48.89924062075997
2024-05-31,166.89999389648438,76.98999786376953,30.655534744262695,513.58837890625,124.1102294921875,108.91075038909912,50.214437586563406
2024-06-03,163.5500030517578,74.22000122070312,30.099063873291016,513.9081420898438,127.25765228271484,108.99778099060057,50.30796199006863
2024-06-04,159.99000549316406,73.25,29.8407039642334,514.6640625,125.73854064941406,107.24462909698487,50.529053751361296
2024-06-05,166.1699981689453,74.06999969482422,30.585975646972656,520.8276977539062,132.75823974609375,112.1300880432129,52.331795092834
2024-06-06,166.77999877929688,75.55000305175781,30.22824478149414,520.8082275390625,129.14414978027344,110.76013298034668,52.32610044028233
2024-06-07,167.8699951171875,75.52999877929688,30.546226501464844,520.1492309570312,130.0079345703125,111.52804031372071,52.133356980720215
2024-06-10,160.33999633789062,77.73999786376953,30.71515464782715,521.6998291015625,133.86032104492188,110.8606737136841,52.58687625368267
2024-06-11,158.9600067138672,77.9000015258789,30.7250919342041,522.9935302734375,134.10853576660156,110.54894390106202,52.96525824579887
2024-06-12,160.24000549316406,78.5,30.56610107421875,527.3482055664062,139.7480926513672,113.14106903076171,54.23891459565334
2024-06-13,159.89999389648438,78.62000274658203,30.26799201965332,528.456298828125,142.12109375,113.89883327484131,54.56300994698707
2024-06-14,159.6300048828125,78.44999694824219,30.258056640625,528.6410522460938,140.353759765625,113.10792236328126,54.617046665713985
2024-06-17,158.39999389648438,80.33000183105469,30.784713745117188,532.9664916992188,146.77769470214844,115.46649017333985,55.88215211095326
2024-06-18,154.6300048828125,81.56999969482422,30.436920166015625,534.2592163085938,152.35769653320312,116.4631561279297,56.26024847786311
2024-06-20,161.77999877929688,82.16999816894531,30.426984786987305,532.606689453125,143.16363525390625,114.92754917144777,55.776917073987555
2024-06-21,161.22999572753906,80.7300033569336,30.894020080566406,531.702880859375,138.54672241210938,113.0558937072754,55.5125709455078
2024-06-24,160.25,81.62999725341797,30.37729835510254,530.3419799804688,138.02047729492188,112.39638042449951,55.11453436887942
2024-06-25,160.25,80.83000183105469,30.546226501464844,532.3540649414062,140.11546325683594,113.28505325317383,55.703029403419094
2024-06-26,157.5399932861328,80.9000015258789,30.347488403320312,533.1705932617188,141.34664916992188,112.90490417480468,55.941847779081044
2024-06-27,159.47000122070312,81.73999786376953,30.397172927856445,533.9481201171875,131.2887420654297,109.47564907073973,56.169258998064265
2024-06-28,162.2100067138672,81.54000091552734,30.774776458740234,531.9166870117188,130.59371948242188,110.13292274475097,55.575105014123714
2024-07-01,157.69000244140625,83.37999725341797,30.645597457885742,533.0636596679688,130.5838165283203,108.73420658111573,55.910571818985375
2024-07-02,164.30999755859375,82.80999755859375,30.874147415161133,536.4657592773438,131.6461639404297,111.21370906829834,56.90561863161784
2024-07-03,163.89999389648438,83.87999725341797,31.033138275146484,538.8180541992188,135.84608459472656,112.81837348937988,57.59361834742076
2024-07-05,171.89999389648438,83.16000366210938,31.818159103393555,542.1520385742188,130.66323852539062,113.38074131011963,58.568742801910076
2024-07-08,178.69000244140625,82.33000183105469,33.77574157714844,542.7838134765625,129.87322998046875,115.68901519775392,58.753524458845106
2024-07-09,177.10000610351562,81.41000366210938,34.3719596862793,543.289306640625,130.32037353515625,115.56973915100099,58.90137120628361
2024-07-10,183.9600067138672,82.0999984741211,34.65019226074219,548.4603271484375,135.53756713867188,119.79808654785157,60.413792377073825
2024-07-11,181.94000244140625,82.62000274658203,33.2888298034668,543.8045654296875,129.41607666015625,116.33508033752442,59.052074205785644
2024-07-12,181.61000061035156,82.20999908447266,34.27259063720703,547.2842407226562,132.71533203125,117.85091018676758,60.06981037074777
2024-07-15,179.8300018310547,81.91000366210938,34.242774963378906,548.8103637695312,130.0520782470703,116.2426643371582,60.516171161976004
2024-07-16,177.5500030517578,80.76000213623047,34.12353515625,552.066650390625,126.69320678710938,114.1793441772461,61.46857056098487
2024-07-17,159.42999267578125,82.8499984741211,34.242774963378906,544.3585815429688,118.75314331054688,105.6030876159668,59.21411295566481
2024-07-18,155.77000427246094,82.81999969482422,34.65019226074219,540.052490234375,116.7159652709961,103.81244506835938,57.95466645982641
2024-07-19,151.5800018310547,80.12999725341797,32.7721061706543,536.5337524414062,113.54589080810547,100.7239887237549,56.92550528661017
2024-07-22,155.8699951171875,79.77999877929688,33.15964889526367,542.1033325195312,114.55951690673828,102.53269996643067,58.55449724474322
2024-07-23,154.0,76.95999908447266,32.7422981262207,541.199462890625,113.53595733642578,101.43707237243652,58.29013326468807
2024-07-24,144.6300048828125,77.58999633789062,31.50017547607422,528.9812622070312,109.59077453613281,96.67536392211915,54.71655134697724
2024-07-25,138.32000732421875,78.27999877929688,30.90395736694336,526.1915283203125,106.77845764160156,93.47857246398925,53.90060939030354
2024-07-26,139.99000549316406,77.16000366210938,31.152381896972656,532.0721435546875,108.72621154785156,94.83320083618165,55.62057297666004
2024-07-29,139.75,75.80999755859375,30.63566017150879,532.441650390625,107.17596435546875,93.98608379364013,55.72864641411388
2024-07-30,138.44000244140625,74.7300033569336,29.94007110595703,529.5740966796875,101.91901397705078,91.2816276550293,54.88994369880893
2024-07-31,144.47999572753906,77.91000366210938,30.546226501464844,537.836181640625,109.1336441040039,96.16132431030273,57.306440054008156
2024-08-01,132.5399932861328,76.30999755859375,28.866878509521484,530.7697143554688,100.8755874633789,88.77229652404785,55.239638209262054
2024-08-02,132.5,73.5199966430664,21.3445987701416,520.7772827148438,92.1206283569336,83.00163097381592,52.317049691556015
2024-08-05,134.82000732421875,72.94000244140625,19.983234405517578,505.62371826171875,89.85488891601562,82.38292808532714,47.88493195827409
2024-08-06,130.17999267578125,73.19999694824219,19.704999923706055,510.42535400390625,88.44376373291016,80.34300327301025,49.28931539476126
2024-08-07,128.6699981689453,75.2300033569336,18.989999771118164,506.89697265625,86.25752258300781,78.80100841522217,48.25733367263227
2024-08-08,136.32000732421875,76.19000244140625,20.489999771118164,518.6388549804688,91.49458312988281,83.6408353805542,51.691601895944416
2024-08-09,134.27000427246094,76.83999633789062,19.709999084472656,520.8550415039062,92.49826049804688,83.19330520629882,52.33979259861188
2024-08-12,136.77000427246094,80.05999755859375,19.360000610351562,521.1077270507812,94.04852294921875,84.45841064453126,52.41369812075574
2024-08-13,141.1300048828125,78.3499984741211,20.469999313354492,529.7782592773438,96.8310317993164,87.21241397857666,54.949657218512115
2024-08-14,140.75,76.9800033569336,19.920000076293945,531.5084228515625,99.782470703125,88.11398830413819,55.455695826292754
2024-08-15,147.36000061035156,78.16000366210938,20.690000534057617,540.6065673828125,106.28157806396484,92.9276315689087,58.11672306128097
2024-08-16,148.55999755859375,76.6500015258789,20.8700008392334,541.8312377929688,107.31507873535156,93.75503101348878,58.4749149216231
2024-08-19,155.27999877929688,74.37000274658203,21.520000457763672,546.866455078125,107.9510726928711,96.22042884826661,59.947616337154855
2024-08-20,156.39999389648438,74.04000091552734,20.989999771118164,546.0498046875,107.31507873535156,96.14302959442139,59.708762258342105
2024-08-21,157.80999755859375,71.93000030517578,21.40999984741211,548.1785278320312,107.65296173095703,96.82718391418457,60.331371653465574
2024-08-22,151.6999969482422,73.01000213623047,20.100000381469727,543.5419921875,103.60839080810547,92.98335552215576,58.97527672842746
2024-08-23,154.97999572753906,74.83000183105469,20.540000915527344,549.4129028320312,102.20719909667969,93.5388786315918,60.692401914295836
2024-08-26,149.99000549316406,77.41999816894531,20.1299991607666,547.8577880859375,98.29183197021484,90.35273418426515,60.237561624754
2024-08-27,150.5,75.52999877929688,20.06999969482422,548.85888671875,97.24839782714844,90.07035903930665,60.53036316441667
2024-08-28,146.36000061035156,74.5199966430664,19.610000610351562,545.6512451171875,94.26712799072266,87.49785156249999,59.59219147099927
2024-08-29,145.49000549316406,75.91000366210938,20.1299991607666,545.73876953125,94.97270202636719,87.67508220672607,59.61779063011866
2024-08-30,148.55999755859375,73.55000305175781,22.040000915527344,550.8904418945312,95.63851165771484,89.43540420532227,61.12455285150801
2024-09-03,136.94000244140625,70.33999633789062,20.100000381469727,539.721923828125,88.02639770507812,82.32255992889404,57.857982327475895
2024-09-04,140.8699951171875,69.19999694824219,19.43000030517578,538.594482421875,88.73196411132812,83.58278427124023,57.5282280267413
2024-09-05,139.44000244140625,69.1500015258789,19.399999618530273,537.0975341796875,88.8313217163086,83.1845293045044,57.090400288552864
2024-09-06,134.35000610351562,67.66999816894531,18.889999389648438,528.1647338867188,85.84013366699219,80.3080551147461,54.477732971315284
2024-09-09,138.14999389648438,68.70999908447266,19.06999969482422,534.0939331054688,85.73081970214844,81.45832595825195,56.21190641168785
2024-09-10,142.83999633789062,65.75,18.979999542236328,536.067138671875,86.30720520019531,83.06888084411622,56.789029992699604
2024-09-11,149.86000061035156,67.30999755859375,19.639999389648438,541.850830078125,90.08345794677734,86.88338317871094,58.48064527732556
2024-09-12,150.77000427246094,68.97000122070312,19.360000610351562,546.4386596679688,86.66494750976562,85.70498046875,59.82249464519681
2024-09-13,152.30999755859375,68.6500015258789,19.65999984741211,549.2379760742188,90.64989471435547,87.85095710754395,60.64123929920785
2024-09-16,152.0800018310547,70.08999633789062,20.90999984741211,550.1517333984375,86.63513946533203,86.55105628967286,60.90849523447732
2024-09-17,150.82000732421875,71.19000244140625,21.469999313354492,550.3558349609375,88.17545318603516,86.95718326568604,60.9681909026051
2024-09-18,148.2899932861328,70.91000366210938,20.770000457763672,548.7131958007812,86.80406951904297,85.43962593078614,60.48775145394387
2024-09-19,156.74000549316406,71.94999694824219,21.139999389648438,558.1222534179688,88.69219970703125,88.84088134765625,63.23971461400476
2024-09-20,155.9499969482422,71.91999816894531,21.84000015258789,556.9559936523438,90.3318862915039,89.46975364685059,62.89860671131762
2024-09-23,156.75,70.37000274658203,22.559999465942383,558.5014038085938,92.98519897460938,90.98707942962648,63.35060860037133
2024-09-24,158.32000732421875,71.55999755859375,22.809999465942383,560.12451171875,93.41251373291016,91.70400753021241,63.825335544905506
2024-09-25,162.02000427246094,69.69000244140625,23.540000915527344,558.8024291992188,95.17145538330078,93.7365837097168,63.43865257022966
2024-09-26,167.49000549316406,67.66999816894531,23.920000076293945,561.1930541992188,109.19325256347656,101.10030269622803,64.13786307538194
2024-09-27,164.35000610351562,68.18000030517578,23.90999984741211,560.17822265625,106.82814025878906,99.20925788879396,63.84104493125492
2024-09-30,164.0800018310547,68.16999816894531,23.459999084472656,562.8616943359375,103.06182098388672,97.48672866821289,64.62590729516232
2024-10-01,159.75,69.83000183105469,22.690000534057617,557.5435791015625,99.6830825805664,94.60523319244385,63.07046382766518
2024-10-02,159.77999877929688,70.0999984741211,22.389999389648438,557.7680053710938,99.22594451904297,94.34137725830078,63.13610407040019
2024-10-03,162.85000610351562,73.70999908447266,22.260000228881836,556.7044067382812,101.18363952636719,96.00645771026612,62.82502251753092
2024-10-04,170.89999389648438,74.37999725341797,22.59000015258789,561.7590942382812,101.61095428466797,98.69137992858887,64.30341858561432
2024-10-07,170.97000122070312,77.13999938964844,22.3799991607666,556.7239379882812,102.38197326660156,98.95778942108154,62.83073502165798
2024-10-08,172.8000030517578,73.56999969482422,23.31999969482422,562.0030517578125,102.01387023925781,99.64154891967775,64.3747713324764
2024-10-09,171.02000427246094,73.23999786376953,23.459999084472656,565.818359375,101.17818450927734,98.81527481079102,65.49067331054698
2024-10-10,164.17999267578125,75.8499984741211,23.219999313354492,564.8230590820312,105.14769744873047,98.27907657623291,65.19956767054703
2024-10-11,167.88999938964844,75.55999755859375,23.559999465942383,568.2579345703125,106.37139892578125,99.98355922698974,66.2042007791677
2024-10-14,165.27000427246094,73.83000183105469,23.440000534057617,572.9418334960938,107.78411865234375,99.72664890289306,67.57414852671396
2024-10-15,156.63999938964844,70.58000183105469,22.65999984741211,568.3944702148438,103.78474426269531,95.30389747619628,66.24413475333095
2024-10-16,156.1300048828125,70.38999938964844,22.309999465942383,570.9219360351562,108.67949676513672,97.00380001068115,66.98336849052345
2024-10-17,156.25,70.66999816894531,22.440000534057617,571.0877075195312,111.47508239746094,98.19703311920166,67.03185336930187
2024-10-18,155.97000122070312,69.22000122070312,22.770000457763672,573.2443237304688,110.57970428466797,97.85388221740723,67.6626209343818
2024-10-21,157.89999389648438,70.55999755859375,22.84000015258789,572.395263671875,108.52031707763672,97.63012504577637,67.41428766903323
2024-10-22,154.08999633789062,72.08999633789062,22.399999618530273,571.9464721679688,107.26678466796875,95.85371265411378,67.28302503513859
2024-10-23,152.91000366210938,70.7699966430664,21.979999542236328,566.7356567382812,104.51099395751953,94.27139854431152,65.7589646371895
2024-10-24,153.44000244140625,70.19000244140625,22.34000015258789,567.9456787109375,106.3017578125,95.25470390319825,66.11287211943632
2024-10-25,156.22999572753906,71.77999877929688,22.68000030517578,567.81884765625,107.3563232421875,96.61552810668945,66.07577654576122
2024-10-28,159.9199981689453,67.37999725341797,22.920000076293945,569.5264892578125,105.84410858154297,97.18964290618896,66.57522792222032
2024-10-29,166.25,67.20999908447266,22.899999618530273,570.4047241210938,107.62493896484375,99.79497547149658,66.83209424060871
2024-10-30,148.60000610351562,68.61000061035156,22.299999237060547,568.5701293945312,103.54597473144531,92.68839149475099,66.2955115873237
2024-10-31,144.07000732421875,69.26000213623047,21.520000457763672,557.416748046875,99.13868713378906,89.33247718811035,63.033368253990076
2024-11-01,141.86000061035156,69.48999786376953,23.200000762939453,559.8367919921875,99.21829223632812,89.20531730651857,63.741183218483734
2024-11-04,140.7100067138672,71.47000122070312,22.520000457763672,558.714599609375,101.20803833007812,89.45221748352051,63.41296415323329
2024-11-05,141.66000366210938,71.98999786376953,23.31999969482422,565.4671020507812,104.94873046875,91.47349319458007,65.38793749413688
2024-11-06,145.10000610351562,71.69000244140625,25.049999237060547,579.5089111328125,111.25621032714844,95.54748573303223,69.49488878156124
2024-11-07,149.82000732421875,72.36000061035156,26.229999542236328,584.0269165039062,112.8281021118164,97.94624290466308,70.81631594717825
2024-11-08,147.9499969482422,70.37999725341797,26.200000762939453,586.58349609375,111.32584381103516,96.77533683776855,71.56406488583515
2024-11-11,147.35000610351562,68.04000091552734,25.049999237060547,587.0323486328125,108.09252166748047,94.95701026916504,71.69534537130518
2024-11-12,143.6300048828125,68.12000274658203,24.15999984741211,585.23681640625,103.56586456298828,91.76334724426269,71.17018772627429
2024-11-13,139.3000030517578,68.43000030517578,24.920000076293945,585.6759033203125,99.40731811523438,89.02892818450928,71.29861195968078
2024-11-14,138.83999633789062,68.69999694824219,25.030000686645508,581.802001953125,98.67110443115234,88.62944087982177,70.16557246922902
2024-11-15,134.89999389648438,67.0199966430664,24.350000381469727,574.4152221679688,95.8456802368164,86.11327037811279,68.00508555679912
2024-11-18,138.92999267578125,69.16000366210938,24.84000015258789,576.8059692382812,97.00967407226562,87.93486747741699,68.70433176510218
2024-11-19,139.38999938964844,69.38999938964844,24.200000762939453,578.8161010742188,97.22856140136719,87.96842460632325,69.29225554922915
2024-11-20,137.60000610351562,68.87000274658203,24.010000228881836,579.0794067382812,97.86528015136719,87.62911396026611,69.3692672454921
2024-11-21,137.49000549316406,70.0999984741211,24.440000534057617,582.0459594726562,102.23274230957031,89.47209873199463,70.23692521609108
2024-11-22,138.35000610351562,71.23999786376953,24.5,583.9683227539062,102.11335754394531,89.70034484863282,70.79917843479707
2024-11-25,141.1300048828125,68.94000244140625,24.8700008392334,585.6953735351562,103.94392395019531,91.37757129669188,71.30430661223245
2024-11-26,137.72000122070312,68.7699966430664,24.049999237060547,589.1498413085938,101.27767944335938,89.04207191467285,72.31467007655559
2024-11-27,136.24000549316406,68.72000122070312,23.649999618530273,587.2567138671875,97.6961441040039,87.04545917510987,71.7609677624648
2024-11-29,137.17999267578125,68.0,24.049999237060547,590.4281005859375,97.44741821289062,87.34796485900878,72.68853562009635
2024-12-02,142.05999755859375,68.0999984741211,23.93000030517578,592.0284423828125,98.04435729980469,89.01474227905274,73.1566039270074
2024-12-03,141.97999572753906,69.94000244140625,22.469999313354492,592.2723999023438,99.32772064208984,89.066086769104,73.22795667386947
2024-12-04,143.99000549316406,68.54000091552734,21.959999084472656,595.9219360351562,102.67049407958984,90.85319900512695,74.29537377316163
2024-12-05,141.36000061035156,68.30000305175781,20.799999237060547,594.975341796875,100.3524398803711,88.78897590637206,74.01851369032855
2024-12-06,138.58999633789062,67.19999694824219,20.920000076293945,596.0487670898438,100.65089416503906,88.113356590271,74.33246934683673
2024-12-09,130.8699951171875,68.37000274658203,20.809999465942383,592.9749145507812,102.29243469238281,86.4209722518921,73.4334283066897
2024-12-10,127.73999786376953,68.58999633789062,20.15999984741211,591.2575073242188,97.5966567993164,83.40866203308106,72.93112067816708
2024-12-11,130.14999389648438,70.29000091552734,20.1200008392334,595.8145751953125,101.53634643554688,85.69553699493409,74.2639728520382
2024-12-12,130.60000610351562,70.0199966430664,20.780000686645508,592.6528930664062,97.7359390258789,84.5083776473999,73.3392433948948
2024-12-13,126.91000366210938,71.29000091552734,20.34000015258789,592.5455932617188,101.97409057617188,84.96463737487792,73.30786032534675
2024-12-16,126.69000244140625,70.70999908447266,20.829999923706055,595.0729370117188,107.70452880859375,87.33781223297119,74.04705835938844
2024-12-17,125.0199966430664,70.08000183105469,20.440000534057617,592.4818725585938,108.04278564453125,86.85511341094971,73.28922328063221
2024-12-18,121.41000366210938,70.58000183105469,19.299999237060547,575.0614013671875,103.36689758300781,83.5597599029541,68.19408018552785
2024-12-19,118.87999725341797,69.91000366210938,19.059999465942383,574.640380859375,86.64315032958984,76.03925914764405,68.0709400184389
2024-12-20,119.20999908447266,69.45999908447266,19.520000457763672,581.0053100585938,89.65760803222656,77.48204307556152,69.93255585557111
2024-12-23,124.5999984741211,69.23999786376953,20.200000762939453,585.225830078125,89.2596435546875,79.14385719299315,71.16697444270282
2024-12-24,126.29000091552734,70.0999984741211,20.399999618530273,591.8062133789062,88.82190704345703,79.53576297760009,73.09160634098669
2024-12-26,125.05999755859375,69.62000274658203,20.440000534057617,591.5223388671875,89.35913848876953,79.39365482330322,73.00857866381494
2024-12-27,125.19000244140625,70.5999984741211,20.299999237060547,585.1181030273438,88.17524719238281,78.91709938049317,71.135466412127
2024-12-30,122.44000244140625,70.98999786376953,19.81999969482422,578.7040405273438,84.98253631591797,76.67101516723633,69.25948005680014
2024-12-31,120.79000091552734,71.72000122070312,20.049999237060547,576.451904296875,83.83696746826172,75.78678703308105,68.6007747762238
2025-01-02,120.62999725341797,73.12999725341797,20.219999313354492,575.2474975585938,86.99478912353516,77.0529146194458,68.2485096389135
2025-01-03,125.37000274658203,73.95999908447266,20.559999465942383,582.2587280273438,89.52505493164062,79.58902263641357,70.29915580792526
2025-01-06,129.5500030517578,73.55999755859375,19.8700008392334,585.8720703125,98.8790054321289,84.37760334014892,71.35598692300695
2025-01-07,127.33000183105469,74.25,20.010000228881836,579.281982421875,101.51883697509766,84.80953540802003,69.42851662423496
2025-01-08,121.83999633789062,73.31999969482422,19.8799991607666,579.8889770507812,99.0284194946289,82.12736644744874,69.60605054155879
2025-01-09,121.83999633789062,73.91999816894531,19.8799991607666,579.8889770507812,99.0284194946289,82.12736644744874,69.60605054155879
2025-01-10,116.04000091552734,76.56999969482422,19.149999618530273,571.2130737304688,98.95869445800781,80.14047794342042,67.06852050516746
2025-01-13,117.31999969482422,78.81999969482422,19.200000762939453,572.04541015625,94.69512176513672,78.83404884338378,67.31196243885724
2025-01-14,116.08999633789062,77.5,19.200000762939453,572.8385620117188,96.98629760742188,79.38151817321777,67.54394366114211
2025-01-15,119.95999908447266,80.04000091552734,19.719999313354492,583.2575073242188,102.79390716552734,83.02156238555908,70.59127898772284
2025-01-16,118.44000244140625,78.68000030517578,19.670000076293945,582.2684936523438,102.20619201660156,82.31547756195067,70.3020120599888
2025-01-17,121.45999908447266,77.87999725341797,21.489999771118164,587.7913818359375,105.3440933227539,85.0226369857788,71.91734756294309
2025-01-21,122.27999877929688,75.88999938964844,21.770000457763672,593.118408203125,108.96015167236328,86.79906044006347,73.47539736044821
2025-01-22,123.75,75.44000244140625,21.860000610351562,596.6436157226562,108.81074523925781,87.2072982788086,74.50645080065654
2025-01-23,123.04000091552734,74.62000274658203,21.56999969482422,599.9730224609375,104.43758392333984,85.15803375244141,75.4802363869911
2025-01-24,122.83999633789062,74.66000366210938,20.829999923706055,598.2006225585938,102.79390716552734,84.21856174468994,74.9618444890357
2025-01-27,115.01000213623047,73.16999816894531,20.290000915527344,589.8575439453125,90.76028442382812,76.89411468505858,72.52165909328457
2025-01-28,114.16999816894531,73.7699966430664,19.799999237060547,594.8712768554688,87.91127014160156,75.35550727844239,73.98807675427655
2025-01-29,117.3499984741211,72.62000274658203,19.75,592.3447265625,88.66835021972656,76.59733963012695,73.249110790715
2025-01-30,118.86000061035156,72.7300033569336,20.010000228881836,595.3118896484375,92.14495849609375,78.51898365020752,74.11694727706796
2025-01-31,115.94999694824219,72.52999877929688,19.43000030517578,592.0999755859375,90.88978576660156,76.96991348266602,73.17752597337277
2025-02-03,114.2699966430664,73.16000366210938,19.3799991607666,588.20263671875,89.5748519897461,75.92493953704835,72.03763147796852
2025-02-04,119.5,72.69999694824219,19.290000915527344,592.1293334960938,90.31201934814453,77.76180801391601,73.18611258113876
2025-02-05,112.01000213623047,71.02999877929688,19.649999618530273,594.5578002929688,93.24073028564453,76.79429264068604,73.89639106303721
2025-02-06,110.16000366210938,70.61000061035156,19.3799991607666,596.7415161132812,94.1771240234375,76.5328504562378,74.53508472759344
2025-02-07,107.55999755859375,71.0,19.100000381469727,591.2578735351562,91.94572448730469,74.77628917694092,72.93122778761945
2025-02-10,110.4800033569336,72.31999969482422,19.770000457763672,595.1258544921875,95.56177520751953,77.29971122741699,74.0625356752577
2025-02-11,111.0999984741211,73.31999969482422,20.969999313354492,595.5957641601562,93.71888732910156,77.1085542678833,74.19997495423972
2025-02-12,111.72000122070312,71.37000274658203,22.479999542236328,593.6178588867188,91.3281021118164,76.7912410736084,73.6214768019224
2025-02-13,111.80999755859375,71.29000091552734,24.1299991607666,599.943603515625,95.29283142089844,78.89913158416748,75.47163192764971
2025-02-14,113.0999984741211,70.73999786376953,23.600000381469727,599.953369140625,99.13799285888672,80.66519680023194,75.47448817971323
2025-02-18,114.27999877929688,71.8499984741211,27.389999389648438,601.7159423828125,106.3801040649414,85.05304107666015,75.9900059740297
2025-02-19,114.69000244140625,72.25,25.719999313354492,603.0574951171875,103.95941925048828,83.70676822662352,76.38238360125722
2025-02-20,114.16999816894531,72.56999969482422,26.09000015258789,600.7172241210938,102.7839584350586,83.1915828704834,75.69790064580751
2025-02-21,110.83999633789062,70.4000015258789,24.8700008392334,590.34716796875,98.46060943603516,80.09724292755126,72.66486443111984
2025-02-24,108.11000061035156,70.69999694824219,24.270000457763672,587.5366821289062,95.04379272460938,77.73151741027831,71.84285293881115
2025-02-25,103.95999908447266,68.93000030517578,22.989999771118164,584.677490234375,92.86219024658203,75.22987575531006,71.00659588933559
2025-02-26,104.73999786376953,68.62000274658203,23.520000457763672,584.873291015625,97.33494567871094,77.41197776794434,71.06386374320938
2025-02-27,99.51000213623047,70.3499984741211,23.09000015258789,575.5707397460938,91.46755981445312,73.36702461242676,68.34305158221636
2025-02-28,99.86000061035156,69.76000213623047,23.729999542236328,584.6382446289062,93.27061462402344,74.38524589538574,70.99511732635527
2025-03-03,98.2300033569336,68.37000274658203,22.739999771118164,574.60107421875,90.19247436523438,72.36799068450928,68.05944360388318
2025-03-04,100.75,68.26000213623047,21.329999923706055,567.6683349609375,90.84994506835938,72.96397800445557,66.03175456083206
2025-03-05,101.66999816894531,66.30999755859375,20.809999465942383,573.8863525390625,93.97787475585938,74.33514919281006,67.85040165598353
2025-03-06,98.8499984741211,66.36000061035156,20.75,563.5848388671875,88.92735290527344,71.4509407043457,64.83741276046676
2025-03-07,100.30999755859375,67.04000091552734,20.639999389648438,566.4931640625,92.6031723022461,73.32626800537109,65.68804032813695
2025-03-10,96.62999725341797,66.02999877929688,19.93000030517578,551.7362670898438,86.74576568603516,69.66630554199219,61.37193998336055
2025-03-11,96.76000213623047,66.25,19.780000686645508,547.0359497070312,88.70820617675781,70.44528331756592,59.997190162032496
2025-03-12,100.79000091552734,67.68000030517578,20.68000030517578,549.81689453125,95.27290344238281,74.55016174316407,60.810561491849015
2025-03-13,98.11000061035156,66.55000305175781,23.700000762939453,542.5510864257812,94.51582336425781,74.34932975769043,58.685456401856094
2025-03-14,100.97000122070312,67.18000030517578,24.049999237060547,553.812255859375,100.40312957763672,77.6672519683838,61.97912561734095
2025-03-17,104.58999633789062,67.58000183105469,25.690000534057617,557.778076171875,102.7142333984375,80.16969242095948,63.1390495803407
2025-03-18,103.51000213623047,66.9000015258789,25.920000076293945,551.9678955078125,101.32955932617188,79.36082439422607,61.439686711992415
2025-03-19,106.2300033569336,67.16000366210938,24.1200008392334,557.9400634765625,101.66825866699219,79.77230472564698,63.18642766144451
2025-03-20,107.13999938964844,68.26000213623047,23.959999084472656,556.6925659179688,102.60465240478516,80.37186050415039,62.82155931190388
2025-03-21,106.44000244140625,68.27999877929688,24.260000228881836,556.5354614257812,94.35643005371094,76.9525728225708,62.77560935683184
2025-03-24,113.8499984741211,69.11000061035156,24.219999313354492,566.4956665039062,96.56790161132812,80.04815998077393,65.68877224272823
2025-03-25,114.80999755859375,69.0,24.200000762939453,567.7138671875,93.8185043334961,79.2304012298584,66.04507183607826
2025-03-26,110.19000244140625,69.6500015258789,23.420000076293945,561.2897338867188,91.7763671875,76.79354763031006,64.16613997081089
2025-03-27,106.6500015258789,69.91999816894531,23.6200008392334,559.5215454101562,90.81010437011719,75.40504245758056,63.648979831557895
2025-03-28,103.22000122070312,69.36000061035156,22.709999084472656,548.2254028320312,88.10053253173828,73.01921310424805,60.34508166337053
2025-03-31,102.73999786376953,71.4800033569336,22.709999084472656,551.9385375976562,86.669189453125,72.30267486572265,61.431100104226424
2025-04-01,102.77999877929688,71.19999694824219,22.049999237060547,553.78515625,88.48455047607422,72.84281959533692,61.97119951786465
2025-04-02,102.95999908447266,71.70999908447266,21.979999542236328,557.14453125,88.37483215332031,72.83193244934083,62.95375022771916
2025-04-03,93.80000305175781,66.94999694824219,22.43000030517578,530.4954223632812,74.15106964111328,64.52942886352538,55.15941322942764
2025-04-04,85.76000213623047,61.9900016784668,19.850000381469727,498.61090087890625,64.5555191040039,57.50520839691163,45.833821648302006
2025-04-07,83.63999938964844,60.70000076293945,19.56999969482422,497.4027099609375,68.19625091552734,58.24150009155274,45.48044971331709
2025-04-08,78.20999908447266,59.58000183105469,18.1299991607666,489.9571228027344,65.37344360351562,55.05137691497803,43.30276280799211
2025-04-09,96.83999633789062,62.349998474121094,21.530000686645508,536.5658569335938,77.67210388183594,66.57984066009521,56.93489521526902
2025-04-10,88.69999694824219,60.06999969482422,19.8799991607666,517.7161254882812,69.87197875976562,60.522790336608885,51.42172177909158
2025-04-11,93.4000015258789,61.5,19.739999771118164,527.4602661132812,69.37326049804688,61.69130458831788,54.271690088082345
2025-04-14,94.5,61.529998779296875,20.309999465942383,531.9197387695312,70.83951568603516,62.77880611419678,55.57599759289358
2025-04-15,95.29000091552734,61.33000183105469,19.850000381469727,530.6132202148438,70.85946655273438,62.88578701019287,55.19386676994398
2025-04-16,88.29000091552734,62.470001220703125,19.229999542236328,518.7769775390625,69.15381622314453,59.91752662658692,51.73200001106798
2025-04-17,87.5,64.68000030517578,18.93000030517578,519.2975463867188,68.62516021728516,59.3790641784668,51.88425609762955
2025-04-21,85.55999755859375,63.08000183105469,18.84000015258789,507.22540283203125,66.57038879394531,57.948154830932616,48.353392999843884
2025-04-22,86.26000213623047,64.30999755859375,19.510000228881836,519.9949340820312,70.03157806396484,59.74363193511963,52.088228198116425
2025-04-23,90.38999938964844,62.27000045776367,20.59000015258789,528.3147583007812,72.74466705322266,62.39186668395996,54.52161214364127
2025-04-24,94.47000122070312,62.790000915527344,21.489999771118164,539.483154296875,77.22325897216797,65.67730388641358,57.78814696452258
2025-04-25,96.6500015258789,63.02000045776367,20.049999237060547,543.3828735351562,79.57725524902344,66.84090232849121,58.928737671367315
2025-04-28,96.38999938964844,62.04999923706055,20.510000228881836,543.6185913085938,78.3603515625,66.4141405105591,58.997680455550785
2025-04-29,96.05999755859375,60.41999816894531,20.34000015258789,547.0762939453125,76.68461608886719,65.59384574890137,60.008990053369956
2025-04-30,97.3499984741211,58.209999084472656,20.100000381469727,548.0682983398438,76.75444030761719,65.93677577972412,60.29913170829847
2025-05-01,96.6500015258789,59.2400016784668,19.979999542236328,551.1624145507812,77.57235717773438,66.01794319152832,61.204099471477335
2025-05-02,98.80000305175781,58.290000915527344,20.6200008392334,559.2465209960938,80.51486206054688,68.03194599151611,63.56854063281872
2025-05-05,100.58999633789062,57.130001068115234,20.270000457763672,556.1327514648438,80.21562194824219,68.34424781799316,62.657824662361996
2025-05-06,98.62000274658203,59.09000015258789,19.940000534057617,551.5847778320312,80.30538940429688,67.69015674591064,61.32763237322503
2025-05-07,100.36000061035156,58.06999969482422,20.309999465942383,553.7753295898438,82.4100341796875,69.16501369476319,61.968325414225724
2025-05-08,101.69999694824219,59.90999984741211,21.0,557.2721557617188,84.93360900878906,70.78344268798827,62.991077871874424
2025-05-09,102.83999633789062,61.02000045776367,21.420000076293945,556.8399658203125,85.64179229736328,71.53471584320069,62.864670866487806
2025-05-12,108.12000274658203,61.95000076293945,22.18000030517578,575.3263549804688,92.05546569824219,75.91218719482421,68.27157387432652
2025-05-13,112.45999908447266,63.66999816894531,22.559999465942383,579.4813232421875,96.68366241455078,79.17946453094483,69.48681986948178
2025-05-14,117.72000122070312,63.150001525878906,21.520000457763672,579.8153686523438,95.07776641845703,79.80310707092285,69.58452154162991
2025-05-15,114.98999786376953,61.619998931884766,21.549999237060547,582.6639404296875,95.20742797851562,79.04497032165528,70.41767241698638
2025-05-16,117.16999816894531,62.4900016784668,21.65999984741211,586.4553833007812,97.7509536743164,80.74938087463379,71.52659442907672
2025-05-19,114.73999786376953,62.689998626708984,21.3799991607666,587.1920776367188,98.3992919921875,80.19571590423584,71.7420629441193
2025-05-20,113.51000213623047,62.560001373291016,21.270000457763672,585.0115356445312,97.85069274902344,79.57427787780762,71.10429756148373
2025-05-21,112.05999755859375,61.56999969482422,20.690000534057617,575.2869873046875,95.596435546875,78.06357364654541,68.2600596081954
2025-05-22,110.70999908447266,61.20000076293945,20.549999237060547,575.3754272460938,94.5890121459961,77.2136043548584,68.28592654094575
2025-05-23,110.30999755859375,61.529998779296875,20.049999237060547,571.6820678710938,93.13272094726562,76.36108741760253,67.2056920105185
2025-05-27,114.55999755859375,60.88999938964844,20.549999237060547,583.410400390625,96.13506317138672,78.98702430725098,70.63599718409249
2025-05-28,112.86000061035156,61.84000015258789,20.3700008392334,579.9725341796875,95.9355697631836,78.34322834014893,69.63048934827737
2025-05-29,113.02999877929688,60.939998626708984,20.25,582.27099609375,96.55400085449219,78.60559997558593,70.30274397458007
2025-05-30,110.7300033569336,60.790000915527344,19.549999237060547,581.6522216796875,94.21994018554688,76.771976852417,70.12176470320462
2025-06-02,114.62999725341797,62.52000045776367,19.739999771118164,585.0311889648438,97.93048858642578,79.48319454193114,71.11004576876158
2025-06-03,117.30999755859375,63.40999984741211,20.290000915527344,588.3118286132812,101.99014282226562,82.07605667114258,72.06956794635387
2025-06-04,118.58000183105469,62.849998474121094,20.25,588.15478515625,102.98760986328125,82.84404449462892,72.02363584285723
2025-06-05,115.69000244140625,63.369998931884766,19.989999771118164,585.4142456054688,106.01988983154297,83.11195659637451,71.22208225595357
2025-06-06,116.19000244140625,64.58000183105469,20.059999465942383,591.3275756835938,108.28411102294922,84.18864498138427,72.9516142867229
2025-06-09,121.7300033569336,65.29000091552734,20.479999542236328,591.887451171875,110.66803741455078,86.93021583557129,73.11536678784019
2025-06-10,123.23999786376953,64.9800033569336,22.079999923706055,595.2861328125,113.84992980957031,89.13597126007079,74.1094139122504
2025-06-11,121.13999938964844,68.1500015258789,20.68000030517578,593.5965576171875,115.73512268066406,88.8400489807129,73.61524660210883
2025-06-12,118.5,68.04000091552734,20.770000457763672,595.7576293945312,115.88475036621094,88.13490028381348,74.24731733219274
2025-06-13,116.16000366210938,72.9800033569336,20.139999389648438,589.1566772460938,115.30621337890625,87.01248626708986,72.31666945300006
2025-06-16,126.38999938964844,71.7699966430664,20.739999771118164,594.9081420898438,119.53543853759766,91.95317516326904,73.99885910581638
2025-06-17,127.0999984741211,74.83999633789062,20.799999237060547,589.9814453125,120.03417205810547,92.38366813659668,72.55789779134061
2025-06-18,126.79000091552734,75.13999938964844,21.489999771118164,589.843505859375,121.51041412353516,93.08816585540771,72.51755323094325
2025-06-20,128.24000549316406,74.93000030517578,21.079999923706055,587.9122314453125,123.285888671875,94.11035709381105,71.95269368222928
2025-06-23,129.5800018310547,68.51000213623047,21.190000534057617,594.09033203125,121.7697525024414,93.93890171051025,73.75966584707109
2025-06-24,138.42999267578125,64.37000274658203,22.549999237060547,600.5738525390625,127.5849380493164,99.32797279357911,75.65596729519982
2025-06-25,143.39999389648438,64.91999816894531,22.200000762939453,601.0172729492188,126.92662048339844,100.45064659118653,75.7856589904595
2025-06-26,143.67999267578125,65.23999786376953,22.5,605.7468872070312,125.67979431152344,100.12591552734375,77.16897756797813
2025-06-27,143.80999755859375,65.5199966430664,22.690000534057617,608.4072875976562,124.44293212890625,99.72717227935792,77.94709203638544
2025-06-30,141.89999389648438,65.11000061035156,22.399999618530273,611.796875,122.93677520751953,98.46470813751222,78.93847927606149
2025-07-01,136.11000061035156,65.44999694824219,22.850000381469727,611.5701293945312,120.58277130126953,95.9211088180542,78.8721606734614
2025-07-02,138.52000427246094,67.44999694824219,21.8799991607666,614.2799072265625,121.43061828613281,96.69224834442139,79.66471706636493
2025-07-03,137.91000366210938,67.0,22.489999771118164,618.960205078125,121.9792251586914,96.91169109344483,81.03361157096273
2025-07-04,137.91000366210938,66.5,22.489999771118164,618.960205078125,121.9792251586914,96.91169109344483,81.03361157096273
2025-07-07,134.8000030517578,67.93000030517578,22.0,614.6839599609375,119.72782897949219,94.93113250732422,79.78289449549351
2025-07-08,137.82000732421875,68.33000183105469,23.59000015258789,614.1912231445312,124.22061920166016,98.11124992370605,79.63877872731298
2025-07-09,138.41000366210938,68.37999725341797,23.440000534057617,617.8369140625,122.04411315917969,97.37264652252198,80.70507117735514
2025-07-10,144.16000366210938,66.56999969482422,23.81999969482422,619.6302490234375,122.91272735595703,99.5590919494629,81.22958616567172
2025-07-11,146.4199981689453,68.44999694824219,23.43000030517578,617.255615234375,124.3304443359375,100.68717727661132,80.53505277327348
2025-07-14,146.24000549316406,66.9800033569336,23.299999237060547,618.5365600585938,118.41993713378906,98.229976272583,80.9097037861317
2025-07-15,155.61000061035156,66.5199966430664,22.920000076293945,615.8268432617188,119.91752624511719,101.52601070404053,80.11716524480357
2025-07-16,160.0800018310547,66.37999725341797,22.690000534057617,618.0537109375,116.24342346191406,101.32837009429932,80.76847997316551
2025-07-17,160.41000366210938,67.54000091552734,22.799999237060547,621.6798095703125,113.07850646972656,100.19440345764161,81.8290420675052
2025-07-18,156.99000549316406,67.33999633789062,23.100000381469727,621.4235229492188,114.20669555664062,99.70967998504639,81.75408330241292
2025-07-21,157.0,67.19999694824219,23.260000228881836,622.468017578125,113.0485610961914,99.29742450714112,82.05957731218291
2025-07-22,154.72000122070312,66.20999908447266,23.239999771118164,622.4778442382812,109.04498291015625,97.00599346160888,82.06245141582184
2025-07-23,158.64999389648438,65.25,23.489999771118164,627.9860229492188,109.65399932861328,98.50359783172607,83.67348468910544
2025-07-24,162.1199951171875,66.02999877929688,22.6299991607666,628.2322998046875,111.55096435546875,100.04538402557372,83.7455157958326
2025-07-25,166.47000122070312,65.16000366210938,20.700000762939453,630.6759033203125,111.08170318603516,100.58368186950685,84.46022146842952
2025-07-28,173.66000366210938,66.70999908447266,20.68000030517578,630.5379028320312,111.07173156738281,102.73069381713867,84.41985905645677
2025-07-29,177.44000244140625,69.20999908447266,20.40999984741211,629.0403442382812,111.78058624267578,104.06723518371581,83.98185280251435
2025-07-30,179.50999450683594,70.0,20.34000015258789,628.163330078125,114.5561294555664,105.7774501800537,83.72534351563392
2025-07-31,176.30999755859375,69.26000213623047,19.799999237060547,625.5916137695312,108.9651107788086,102.41904335021974,82.97316738627855
2025-08-01,171.6999969482422,67.33000183105469,19.309999465942383,615.4918823242188,104.71192932128906,99.18777065277101,80.01919579902447
2025-08-04,176.77999877929688,66.29000091552734,19.5,624.872314453125,107.59729766845703,101.92291870117188,82.76278657022412
2025-08-05,174.30999755859375,65.16000366210938,20.190000534057617,621.866943359375,108.8852310180664,101.90409183502197,81.8837749976726
2025-08-06,163.1199951171875,64.3499984741211,20.40999984741211,626.468505859375,108.60568237304688,98.50127143859864,83.22964097000819
2025-08-07,172.39999389648438,63.880001068115234,19.770000457763672,626.1236572265625,111.69073486328125,102.32729225158691,83.12877956901477
2025-08-08,172.75999450683594,63.880001068115234,19.950000762939453,630.8631591796875,118.6994857788086,105.29279289245605,84.51499010174773
2025-08-11,172.27999877929688,63.959999084472656,20.649999618530273,629.6117553710938,123.52174377441406,107.28769702911379,84.14897925138169
2025-08-12,174.9499969482422,63.16999816894531,21.809999465942383,636.2726440429688,127.5452880859375,110.04611415863037,86.09715737761428
2025-08-13,184.4199981689453,62.650001525878906,22.219999313354492,638.60791015625,124.07085418701172,111.62034091949462,86.78017650388142
2025-08-14,180.9499969482422,63.959999084472656,23.860000610351562,638.6276245117188,125.08922576904297,111.47868957519532,86.78594256273468
2025-08-15,177.50999450683594,62.79999923706055,24.559999465942383,637.18896484375,120.67631530761719,108.89152431488037,86.36516307905043
2025-08-18,176.13999938964844,63.41999816894531,23.65999984741211,636.8934326171875,123.35202026367188,109.28080787658692,86.27872575097784
2025-08-19,166.5500030517578,62.349998474121094,25.309999465942383,633.5235595703125,121.85443115234375,106.29977321624756,85.29310457015504
2025-08-20,165.1999969482422,63.209999084472656,23.540000915527344,631.8287353515625,117.02217864990234,103.43087081909181,84.7974020245293
2025-08-21,163.7100067138672,63.52000045776367,23.5,629.3358764648438,115.60445404052734,102.4047836303711,84.06829013058696
2025-08-22,167.75999450683594,63.65999984741211,24.799999237060547,638.9922485351562,117.49142456054688,104.76456794738769,86.89258787415675
2025-08-25,163.36000061035156,64.80000305175781,24.549999237060547,636.1741333007812,116.23342895507812,102.86637153625489,86.06834493492343
2025-08-26,166.6199951171875,63.25,24.350000381469727,638.7556762695312,116.31331634521484,103.8163251876831,86.82339516791771
2025-08-27,167.1300048828125,64.1500015258789,24.850000381469727,640.2730712890625,117.56130981445312,104.61852550506592,87.26720318386417
2025-08-28,168.5800018310547,64.5999984741211,24.93000030517578,642.578857421875,121.80449676513672,106.77479934692383,87.94159999921453
2025-08-29,162.6300048828125,64.01000213623047,24.350000381469727,638.8148193359375,118.81929016113281,103.6217176437378,86.84069334447749
2025-09-02,162.32000732421875,65.58999633789062,24.209999084472656,633.9866943359375,118.2901382446289,103.27505722045899,85.42856232426797
2025-09-03,162.1300048828125,63.970001220703125,24.0,637.3959350585938,118.5297622680664,103.25090637207032,86.42569777122189
2025-09-04,161.7899932861328,63.47999954223633,24.610000610351562,642.6477661132812,124.01095581054688,105.52438049316406,87.96175442783782
2025-09-05,151.13999938964844,61.869998931884766,24.489999771118164,640.9332885742188,131.1594696044922,105.15278759002686,87.46030367493424
2025-09-08,151.41000366210938,62.2599983215332,24.479999542236328,642.5591430664062,131.2493438720703,105.26673851013183,87.93583394036128
2025-09-09,155.82000732421875,62.630001068115234,24.440000534057617,644.037109375,135.02328491210938,108.08731632232667,88.36810983860123
2025-09-10,159.5399932861328,63.66999816894531,24.770000457763672,645.879638671875,139.77565002441406,111.20325813293456,88.90701319668786
2025-09-11,155.6699981689453,62.369998931884766,24.610000610351562,651.2596435546875,150.32872009277344,114.21548767089843,90.48055816163763
2025-09-12,158.57000732421875,62.689998626708984,24.079999923706055,651.0330200195312,156.97802734375,117.58621311187744,90.41427526218831
2025-09-15,161.16000366210938,63.29999923706055,24.770000457763672,654.432373046875,157.51718139648438,118.78587379455567,91.40851875392791
2025-09-16,160.4600067138672,64.5199966430664,25.270000457763672,653.5676879882812,158.56549072265625,119.14519844055175,91.15561548527768
2025-09-17,159.16000366210938,64.05000305175781,24.899999618530273,652.8462524414062,159.73362731933594,119.11145191192627,90.94460986408436
2025-09-18,157.9199981689453,63.56999969482422,30.56999969482422,655.939697265625,168.61936950683594,123.99474716186525,91.84938125993385
2025-09-19,157.38999938964844,62.68000030517578,29.579999923706055,659.0725708007812,162.46922302246094,121.07868900299073,92.76568477348984
2025-09-22,159.7899932861328,62.63999938964844,28.760000228881836,662.2450561523438,164.356201171875,122.30747852325439,93.69357395947853
2025-09-23,160.89999389648438,63.40999984741211,29.34000015258789,658.7069091796875,166.14334106445312,123.52933464050292,92.65873598528603
2025-09-24,160.8800048828125,64.98999786376953,31.219999313354492,656.4930419921875,161.4508819580078,122.21035404205321,92.01122364248364
2025-09-25,161.27000427246094,64.9800033569336,33.9900016784668,653.4885864257812,156.5786895751953,121.20947761535645,91.13247984356308
2025-09-26,159.4600067138672,65.72000122070312,35.5,657.11572265625,157.0179901123047,121.29519805908204,92.19334541468452
2025-09-29,161.36000061035156,63.45000076293945,34.47999954223633,658.9638671875,163.63734436035156,124.20693778991699,92.73389111770767
2025-09-30,161.7899932861328,62.369998931884766,33.54999923706055,661.4741821289062,167.0518798828125,125.422749710083,93.46810856221359
2025-10-01,164.00999450683594,61.779998779296875,35.939998626708984,663.9844360351562,181.85809326171875,132.72823524475098,94.20230815514411
2025-10-02,169.72999572753906,60.47999954223633,37.29999923706055,664.63671875,183.45555114746094,135.49121894836426,94.39308794141256
2025-10-03,164.6699981689453,60.880001068115234,36.83000183105469,664.5576171875,187.64645385742188,135.50858154296876,94.36995229969796
2025-10-06,203.7100067138672,61.689998626708984,36.59000015258789,666.998779296875,190.7733917236328,148.39935874938965,95.08394390927901
2025-10-07,211.50999450683594,61.72999954223633,37.16999816894531,664.5576171875,185.50856018066406,148.80742187500002,94.36995229969796
2025-10-08,235.55999755859375,62.54999923706055,37.43000030517578,668.5108642578125,196.34793090820312,160.4361717224121,95.52619883816593
2025-10-09,232.88999938964844,61.5099983215332,37.79999923706055,666.6331176757812,192.14205932617188,158.06382331848147,94.97699512107518
2025-10-10,214.89999389648438,58.900001525878906,36.369998931884766,648.52734375,181.42254638671875,147.95001640319825,89.68141453741258
2025-10-13,216.4199981689453,59.4900016784668,37.220001220703125,658.4400634765625,192.5816192626953,153.12464752197266,92.58068889765005
2025-10-14,218.08999633789062,58.70000076293945,35.630001068115234,657.6988525390625,186.877197265625,150.86687812805178,92.36389936602808
2025-10-15,238.60000610351562,58.27000045776367,37.150001525878906,660.4661254882812,191.75244140625,159.42597885131835,93.17327194295565
2025-10-16,234.55999755859375,57.459999084472656,36.84000015258789,656.21630859375,202.3320770263672,162.35283012390136,91.93028459963335
2025-10-17,233.0800018310547,57.540000915527344,37.0099983215332,659.8829956054688,202.18222045898438,161.8998882293701,93.00271799161209
2025-10-20,240.55999755859375,57.52000045776367,38.099998474121094,666.7022705078125,206.5679473876953,166.22517776489258,94.99722095600006
2025-10-21,238.02999877929688,57.81999969482422,38.119998931884766,666.544189453125,202.09230041503906,163.68191947937012,94.95098537572166
2025-10-22,230.22999572753906,58.5,36.91999816894531,663.3123779296875,198.27606201171875,159.4554229736328,94.00574445844703
2025-10-23,234.99000549316406,61.790000915527344,38.15999984741211,667.0778198242188,206.5080108642578,164.548205947876,95.10706169941821
2025-10-24,252.9199981689453,61.5,38.279998779296875,672.56298828125,218.8059844970703,174.88239288330078,96.71136492877712
2025-10-27,259.6700134277344,61.310001373291016,39.540000915527344,680.5484619140625,219.88491821289062,177.71697158813475,99.04695794427684
2025-10-28,258.010009765625,60.150001525878906,41.529998779296875,682.2681884765625,221.6931610107422,178.53926696777344,99.54994393266458
2025-10-29,264.3299865722656,60.47999954223633,41.34000015258789,682.6337890625,226.40853881835938,182.2644115447998,99.656874869293
2025-10-30,254.83999633789062,60.56999969482422,40.15999984741211,675.2412109375,223.79107666015625,178.01642951965334,97.49469205720037
2025-10-31,256.1199951171875,60.97999954223633,39.9900016784668,677.2178955078125,223.55133056640625,178.2535312652588,98.07283317800976
2025-11-03,259.6499938964844,61.04999923706055,39.5,678.6608276367188,234.47064208984375,183.5332550048828,98.49486227197178
2025-11-04,250.0500030517578,60.560001373291016,37.029998779296875,670.8729858398438,217.8169403076172,173.2507766723633,96.21707265760776
2025-11-05,256.3299865722656,59.599998474121094,38.380001068115234,672.9483642578125,237.2678985595703,183.3201557159424,96.82407977583419
2025-11-06,237.6999969482422,59.43000030517578,37.2400016784668,665.6448974609375,238.0970916748047,177.72083625793456,94.6879602638213
2025-11-07,233.5399932861328,59.75,38.130001068115234,666.4552612304688,237.6875,176.5759983062744,94.92497563036814
2025-11-10,243.97999572753906,60.130001068115234,38.45000076293945,676.8126831054688,253.05245971679688,185.9499828338623,97.95431656894863
2025-11-11,237.52000427246094,61.040000915527344,37.880001068115234,678.136962890625,240.8743896484375,178.96975746154786,98.34164220033877
2025-11-12,258.8900146484375,58.4900016784668,37.88999938964844,678.6113891601562,244.66067504882812,186.89827423095704,98.48040249590017
2025-11-13,247.9600067138672,58.689998626708984,35.90999984741211,667.55224609375,236.71844482421875,179.8483798980713,95.24582199497961
2025-11-14,246.80999755859375,60.09000015258789,35.52000045776367,667.4138793945312,246.58877563476562,183.3345096588135,95.20535247355446
2025-11-17,240.52000427246094,59.90999984741211,34.709999084472656,661.167724609375,241.7135772705078,179.2544319152832,93.37847580214492
2025-11-18,230.2899932861328,60.7400016784668,34.33000183105469,655.692626953125,228.27670288085938,170.69667968750002,91.77711808272652
2025-11-19,223.5500030517578,59.439998626708984,35.11000061035156,658.163330078125,225.69921875,167.8776885986328,92.49974985479975
2025-11-20,206.02000427246094,59.13999938964844,33.619998931884766,648.1024169921875,201.1732177734375,152.3612880706787,89.55713186949819
2025-11-21,203.77999877929688,58.060001373291016,34.5,654.5362548828125,207.16734313964844,154.35093688964844,91.43890213525371
2025-11-24,215.0500030517578,58.84000015258789,35.790000915527344,664.201904296875,223.71115112304688,164.7364616394043,94.26591331828385
2025-11-25,206.1300048828125,57.95000076293945,35.83000183105469,670.4479370117188,224.31057739257812,162.3122329711914,96.0927542865426
2025-11-26,214.24000549316406,58.650001525878906,36.810001373291016,675.0732421875,230.03497314453125,167.32899131774903,97.44556452170765
2025-11-28,217.52999877929688,58.54999923706055,40.560001373291016,678.8485717773438,236.2489013671875,171.92656059265136,98.54977371789316
2025-12-01,219.75999450683594,59.31999969482422,40.0099983215332,675.666259765625,240.22503662109375,174.02101249694823,97.61901042826554
2025-12-02,215.24000549316406,58.63999938964844,43.470001220703125,676.822509765625,239.25596618652344,173.31538848876954,97.95719067258756
2025-12-03,217.60000610351562,58.95000076293945,43.7599983215332,679.2242431640625,233.93118286132812,171.9804744720459,98.6596501644621
2025-12-04,215.97999572753906,59.66999816894531,40.5,679.8072509765625,226.4285125732422,167.5154037475586,98.83016841265487
2025-12-05,217.97000122070312,60.08000183105469,41.40999984741211,681.052490234375,236.98818969726562,172.6092761993408,99.19437625390582
2025-12-08,221.11000061035156,58.880001068115234,40.29999923706055,679.0264892578125,246.6787109375,177.09448432922363,98.6018110601756
2025-12-09,221.6199951171875,58.25,40.5,678.4829711914062,252.17333984375,179.50533447265627,98.44284278126474
2025-12-10,221.4199981689453,58.459999084472656,40.779998779296875,682.84130859375,263.4522705078125,184.04090728759766,99.71757022564302
2025-12-11,221.42999267578125,57.599998474121094,39.5099983215332,684.4918212890625,258.2074279785156,181.5649684906006,100.20031252753047
2025-12-12,210.77999877929688,57.439998626708984,37.810001373291016,677.1585083007812,240.90435791015625,170.93874320983886,98.05546359514841
2025-12-15,207.5800018310547,56.81999969482422,37.5099983215332,676.1505737304688,237.2678985595703,168.4341594696045,97.76066267904126
2025-12-16,209.1699981689453,55.27000045776367,37.310001373291016,674.2700805664062,232.28277587890625,166.8571102142334,97.21065564105767
2025-12-17,198.11000061035156,55.939998626708984,36.04999923706055,666.90087890625,225.29962158203125,160.36784858703612,95.05530998234212
2025-12-18,201.05999755859375,56.150001525878906,36.279998779296875,671.94921875,248.30711364746094,170.52484436035155,96.53184948658424
2025-12-19,213.42999267578125,56.65999984741211,36.81999969482422,677.89013671875,265.66015625,181.33906021118165,98.26945042943304
2025-12-22,214.9499969482422,58.0099983215332,36.369998931884766,682.1946411132812,276.3197021484375,185.9238796234131,99.52843278431111
2025-12-23,214.89999389648438,58.380001068115234,36.349998474121094,685.308837890625,276.0,185.77499771118164,100.4392737157956
2025-12-24,215.0399932861328,58.349998474121094,36.15999984741211,687.7091064453125,286.39984130859375,189.91993446350097,101.14130476986061
2025-12-26,214.99000549316406,56.7400016784668,36.20000076293945,687.5900268554688,284.51171875,189.16168937683105,101.10647634626093
2025-12-29,215.61000061035156,58.08000183105469,36.68000030517578,685.2493286132812,294.2011413574219,193.36745681762696,100.42186842978347
2025-12-30,215.33999633789062,57.95000076293945,37.29999923706055,684.2674560546875,292.4621276855469,192.7768497467041,100.13469013637086
2025-12-31,214.16000366210938,57.41999816894531,36.900001525878906,679.3283081054688,285.24627685546875,189.416512298584,98.6900871005141
2026-01-02,223.47000122070312,57.31999969482422,39.380001068115234,680.5680541992188,315.2391052246094,204.95064277648925,99.0526882999793
2026-01-05,221.0800018310547,58.31999969482422,39.369998931884766,685.1303100585938,311.970947265625,202.92337913513182,100.38705785775919
2026-01-06,214.35000610351562,57.130001068115234,40.040000915527344,689.19677734375,343.23297119140625,213.61019058227538,101.57641906858869
2026-01-07,210.02000427246094,55.9900016784668,42.630001068115234,686.9552612304688,339.355224609375,211.53709144592284,100.92081996213145
2026-01-08,204.67999267578125,57.7599983215332,41.11000061035156,686.8759155273438,326.8323974609375,204.46995697021487,100.89761291411527
2026-01-09,203.1699981689453,59.119998931884766,45.54999923706055,691.3688354492188,344.89202880859375,212.57281074523925,102.21170308224407
2026-01-12,207.69000244140625,59.5,44.060001373291016,692.5093383789062,345.6716003417969,213.79364128112792,102.54527762011365
2026-01-13,220.97000122070312,61.150001525878906,47.290000915527344,691.1605224609375,337.93603515625,215.65241470336915,102.15077565541391
2026-01-14,223.60000610351562,62.02000045776367,48.720001220703125,687.8081665039062,333.1587829589844,214.95951538085936,101.17027787673005
2026-01-15,227.9199981689453,59.189998626708984,48.31999969482422,689.6232299804688,336.4369201660156,217.4467674255371,101.70114802588799
2026-01-16,231.8300018310547,59.439998626708984,46.959999084472656,688.9686279296875,362.5419006347656,228.65376052856448,101.50968987975446
2026-01-20,231.9199981689453,60.34000015258789,48.560001373291016,675.0238037109375,364.7906188964844,230.06024742126465,97.43110474563602
2026-01-21,249.8000030517578,60.619998931884766,54.25,682.6806030273438,388.88677978515625,246.76971282958988,99.67056702762255
2026-01-22,253.72999572753906,59.36000061035156,54.31999969482422,686.290771484375,397.3519287109375,251.35577011108398,100.7264698607836
2026-01-23,259.67999267578125,61.06999969482422,45.06999969482422,686.5684814453125,399.4207458496094,251.1932960510254,100.80769452884024
2026-01-26,251.30999755859375,60.630001068115234,42.4900016784668,690.1885375976562,388.8667907714844,243.68671607971194,101.86648931721562
2026-01-27,252.02999877929688,62.38999938964844,43.93000030517578,692.9259643554688,410.0046691894531,252.78986740112305,102.66713247377403
2026-01-28,252.74000549316406,63.209999084472656,48.779998779296875,692.9755249023438,435.03033447265625,264.4681350708008,102.68162795299645
2026-01-29,252.17999267578125,65.41999816894531,48.65999984741211,691.3787231445312,435.5400390625,264.46801338195803,102.2145950374584
2026-01-30,236.72999572753906,65.20999908447266,46.470001220703125,689.335693359375,414.6419982910156,250.81679840087892,101.61704925419241
2026-02-02,246.27000427246094,62.13999938964844,48.810001373291016,692.8168334960938,437.5488586425781,263.54354515075687,102.63521385696409
2026-02-03,242.11000061035156,63.209999084472656,49.25,686.895751953125,419.1993713378906,255.0877487182617,100.90341467611933
2026-02-04,200.19000244140625,65.13999938964844,48.599998474121094,683.6426391601562,379.1823425292969,226.30993728637694,99.9519435590311
2026-02-05,192.5,63.290000915527344,48.2400016784668,674.9445190429688,382.6703796386719,225.2901523590088,97.40791554919524
2026-02-06,208.44000244140625,63.54999923706055,50.59000015258789,688.0958862304688,394.4635925292969,235.494437789917,101.25443020315181
2026-02-09,216.0,64.36000061035156,50.2400016784668,691.3787231445312,383.280029296875,233.18401222229005,102.2145950374584
2026-02-10,213.57000732421875,63.959999084472656,47.130001068115234,689.45458984375,373.035888671875,227.42435798645022,101.65182412306591
2026-02-11,213.5800018310547,64.62999725341797,48.290000915527344,689.35546875,410.1046142578125,242.60284652709964,101.62283316462106
2026-02-12,205.94000244140625,62.84000015258789,46.47999954223633,678.7232666015625,413.7325439453125,241.21901817321776,98.51312443360298
2026-02-13,207.32000732421875,62.88999938964844,46.790000915527344,679.1497192382812,411.42388916015625,240.80255813598632,98.63785339090228
2026-02-17,203.0800018310547,62.33000183105469,46.18000030517578,680.2208862304688,399.5506591796875,234.59826431274416,98.9511485391208
2026-02-18,200.1199951171875,65.19000244140625,45.459999084472656,683.7020874023438,420.70855712890625,241.95742111206053,99.96933099346784
2026-02-19,203.3699951171875,66.43000030517578,44.619998931884766,682.0457763671875,417.110595703125,241.2412364959717,99.48489279191767
2026-02-20,200.14999389648438,66.38999938964844,44.11000061035156,686.8263549804688,427.92437744140625,244.4477493286133,100.88311743489284
2026-02-23,196.60000610351562,66.30999755859375,43.630001068115234,679.8737182617188,420.728515625,240.36040840148928,98.84960877826228
2026-02-24,213.83999633789062,65.62999725341797,46.119998931884766,684.8526611328125,417.7702331542969,245.09609184265133,100.30585104127793
2026-02-25,210.86000061035156,65.41999816894531,46.880001068115234,690.5455932617188,428.75390625,248.82356300354002,101.97092103328846
2026-02-26,203.67999267578125,65.20999908447266,45.459999084472656,686.737060546875,415.3216247558594,240.87064743041992,100.85700058008695
2026-02-27,200.2100067138672,67.0199966430664,45.61000061035156,683.73193359375,412.1334533691406,238.5993835449219,99.97806041383701
2026-03-02,198.6199951171875,71.2300033569336,45.5,683.8013916015625,412.4333190917969,238.209326171875,99.99837550663887
2026-03-03,190.9499969482422,74.55999755859375,43.099998474121094,677.7710571289062,379.4621887207031,221.9998741149902,98.23462200583336
2026-03-04,202.07000732421875,74.66000366210938,45.58000183105469,682.6409301757812,400.5400695800781,234.51103057861332,99.65896350361444
2026-03-05,199.4499969482422,81.01000213623047,45.95000076293945,678.8522338867188,396.8222351074219,232.34889335632326,98.55084481241698
2026-03-06,192.42999267578125,90.9000015258789,43.41999816894531,669.866455078125,370.08758544921875,218.79003143310547,95.92268232773475
2026-03-09,202.67999267578125,94.7699966430664,45.58000183105469,675.7676391601562,389.0966796875,230.1166702270508,97.64866189500006
2026-03-10,203.22999572753906,83.44999694824219,46.779998779296875,674.5477294921875,402.8787536621094,236.15449981689454,97.29186245753891
2026-03-11,204.8300018310547,87.25,47.97999954223633,673.82373046875,418.4498291015625,243.22293205261232,97.08010707017891
2026-03-12,197.74000549316406,95.7300033569336,45.25,663.4692993164062,405.1174621582031,234.94398651123046,94.05164085879288
2026-03-13,193.38999938964844,98.70999908447266,45.77000045776367,659.7500610351562,425.88555908203125,242.10222358703612,92.96383726039727
2026-03-16,196.5800018310547,93.5,45.7599983215332,666.405029296875,441.54656982421875,249.32062797546388,94.91028378381635
2026-03-17,196.30999755859375,96.20999908447266,44.060001373291016,668.2586669921875,461.4251708984375,256.68106803894045,95.45243612862524
2026-03-18,199.4600067138672,96.31999969482422,45.029998779296875,659.1693725585938,461.46514892578125,257.93306121826174,92.79399737206958
2026-03-19,205.27000427246094,96.13999938964844,46.18000030517578,657.2600708007812,444.01513671875,253.04105606079102,92.23556439049857
2026-03-20,201.3300018310547,98.31999969482422,43.869998931884766,647.6835327148438,422.65740966796875,242.62296409606935,89.43461650754814
2026-03-23,202.67999267578125,88.12999725341797,44.0099983215332,654.6844482421875,404.1180419921875,235.65421409606932,91.48224576031778
2026-03-24,205.3699951171875,92.3499984741211,44.060001373291016,652.586181640625,395.3031005859375,232.95023918151858,90.86854430131746
2026-03-25,220.27000427246094,90.31999969482422,47.18000030517578,656.0767211914062,381.8708190917969,232.98332901000978,91.88945804670026
2026-03-26,203.77000427246094,94.4800033569336,44.099998474121094,644.4118041992188,355.256103515625,216.4634422302246,88.47770065996382
2026-03-27,201.99000549316406,99.63999938964844,43.130001068115234,633.4530029296875,357.01507568359375,216.34203224182127,85.27246814899603
2026-03-30,196.0399932861328,102.87999725341797,41.189998626708984,631.4044189453125,321.75048828125,199.86919288635252,84.67329787236892
2026-03-31,203.42999267578125,101.37999725341797,44.130001068115234,649.5829467773438,337.7880554199219,209.38322029113772,89.99015753390482
2026-04-01,210.2100067138672,100.12000274658203,48.029998779296875,654.406005859375,367.7934265136719,224.58937225341796,91.40080687335637
2026-04-02,217.5,111.54000091552734,50.380001068115234,655.301025390625,366.18365478515625,226.83746223449708,91.66258237497895
2026-04-06,220.17999267578125,112.41000366210938,50.779998779296875,658.1848754882812,377.701904296875,232.36875915527344,92.50605146091492
2026-04-07,221.52999877929688,112.94999694824219,52.90999984741211,658.7020263671875,377.52191162109375,233.3407642364502,92.65730785925426
2026-04-08,231.82000732421875,94.41000366210938,58.95000076293945,675.2197875976562,406.6674499511719,249.89798240661622,97.48842615423601
2026-04-09,236.63999938964844,97.87000274658203,61.720001220703125,679.2174682617188,421.4451904296875,258.0860763549805,98.65766863959303
2026-04-10,245.0399932861328,96.56999969482422,62.380001068115234,678.82958984375,420.52532958984375,260.43613014221194,98.54422187794466
2026-04-13,246.8300018310547,99.08000183105469,65.18000030517578,685.711181640625,426.4944152832031,264.2007667541504,100.55695130081305
2026-04-14,255.07000732421875,91.27999877929688,63.810001373291016,693.8159790039062,465.5884094238281,281.8993663787842,102.92744414621404
2026-04-15,258.1199951171875,91.29000091552734,64.94000244140625,699.2854614257812,456.15985107421875,279.38193969726564,104.52715952069592
2026-04-16,278.260009765625,94.69000244140625,68.5,700.8268432617188,457.1596984863281,286.8918823242188,104.97798320577341
2026-04-17,278.3900146484375,83.8499984741211,68.5,709.39892578125,455.0000305175781,286.0670166015625,107.48514771241433
2026-04-20,274.95001220703125,89.61000061035156,65.69999694824219,708.1360473632812,448.3510437011719,281.5354202270508,107.11578076587365
2026-04-21,284.489990234375,92.12999725341797,66.26000213623047,703.3029174804688,449.3109130859375,284.94936294555663,105.70218591648157
2026-04-22,303.4599914550781,92.95999908447266,65.2699966430664,710.59228515625,487.4050598144531,305.5810203552246,107.83418171457777
2026-04-23,305.3299865722656,95.8499984741211,66.77999877929688,707.7879028320312,481.64593505859375,304.29136962890624,107.01395537980878
2026-04-24,347.80999755859375,94.4000015258789,82.54000091552734,713.2971801757812,496.64361572265625,327.7624458312988,108.62530998144952
2026-04-27,334.6300048828125,96.37000274658203,84.98999786376953,714.5104370117188,524.4793090820312,335.67772445678713,108.9801635971924
2026-04-28,323.2099914550781,99.93000030517578,84.5199966430664,710.9900512695312,504.21246337890625,324.0039817810059,107.95052043144044
2026-04-29,337.1099853515625,106.87999725341797,94.75,710.9204711914062,518.3803100585938,336.9101196289063,107.93016963548779
2026-04-30,354.489990234375,105.06999969482422,94.4800033569336,718.0606079101562,517.0804443359375,341.5231758117676,110.01851833173815
2026-05-01,360.5400085449219,101.94000244140625,99.62000274658203,719.9898071289062,542.1266479492188,354.8986625671387,110.5827709268886
2026-05-04,341.5400085449219,106.41999816894531,95.77999877929688,717.3843994140625,576.3613891601562,361.7405578613281,109.82074072791406
2026-05-05,355.260009765625,102.2699966430664,108.1500015258789,722.9432983398438,640.1015625,395.0636283874512,111.44660866035264
2026-05-06,421.3900146484375,95.08000183105469,113.01000213623047,733.3153686523438,666.487548828125,426.9150245666504,114.48023397702842
2026-05-07,408.4599914550781,94.80999755859375,109.62000274658203,730.8790283203125,646.5305786132812,414.0362297058105,113.76765264190374
2026-05-08,455.19000244140625,95.41999816894531,124.91999816894531,736.8556518554688,746.6951293945312,472.71105194091797,115.51569675635982
2026-05-11,458.7900085449219,98.06999969482422,129.44000244140625,738.625732421875,795.2077026367188,494.5520843505859,116.03341029445014
2026-05-12,448.2900085449219,102.18000030517578,120.61000061035156,737.4920654296875,766.462158203125,477.25486602783207,115.70183513302503
2026-05-13,445.5,101.0199966430664,120.29000091552734,741.59912109375,803.5064086914062,491.13956375122075,116.90306764149358
2026-05-14,449.70001220703125,101.16999816894531,115.93000030517578,747.3868408203125,775.8906860351562,480.04527816772463,118.59586113009577
2026-05-15,424.1000061035156,105.41999816894531,108.7699966430664,738.3274536132812,724.5485229492188,449.6804100036621,115.94616964548467
2026-05-18,420.989990234375,108.66000366210938,108.16999816894531,737.7903442382812,681.4351806640625,431.3220687866211,115.78907578199049
2026-05-19,414.04998779296875,107.7699966430664,110.80000305175781,733.0966186523438,698.632568359375,436.908024597168,114.41625393080533
2026-05-20,447.5799865722656,98.26000213623047,118.95999908447266,740.6544189453125,731.87744140625,462.7129722595215,116.6267609574978
2026-05-21,449.5899963378906,96.3499984741211,118.5,742.0366821289062,761.9827880859375,475.2201141357422,117.03104558551516
2026-05-22,467.510009765625,96.5999984741211,119.83999633789062,744.9802856445312,750.884521484375,476.5588104248046,117.89199136376484
2026-05-26,503.8900146484375,93.88999938964844,123.5199966430664,749.8431396484375,895.7422485351562,546.5199028015137,119.31427993037529
2026-05-27,495.5400085449219,88.68000030517578,121.7699966430664,749.9822998046875,928.2672119140625,556.4998863220214,119.3549815222806
2026-05-28,518.0900268554688,88.9000015258789,120.88999938964844,753.9601440429688,923.3779907226562,561.0452041625977,120.51842224563356
2026-05-29,516.0999755859375,87.36000061035156,114.68000030517578,755.8296508789062,970.8507080078125,577.574275970459,121.0652160000457
2026-06-01,510.1300048828125,92.16000366210938,109.33000183105469,757.7887573242188,1035.3408203125,599.9743301391602,121.63821586714072
2026-06-02,521.5399780273438,93.76000213623047,107.93000030517578,758.8229370117188,1063.936279296875,614.4155052185058,121.9406929606686
2026-06-03,542.52001953125,96.0199966430664,112.70999908447266,753.0452270507812,1079.4039306640625,628.3305778503418,120.25082713043156
2026-06-04,523.2000122070312,93.04000091552734,111.77999877929688,756.6053466796875,995.8468627929688,588.8327484130859,121.292091671767
2026-06-05,466.3800048828125,90.54000091552734,99.16999816894531,736.7958984375,863.8771362304688,515.2158554077148,115.49822006404608
2026-06-08,490.3299865722656,91.30000305175781,110.2699966430664,738.5361938476562,949.134033203125,559.8336082458496,116.00722203334264
2026-06-09,475.510009765625,88.19999694824219,107.91999816894531,736.6368408203125,935.74609375,549.3274398803711,115.45169885856134
2026-06-10,452.3999938964844,90.02999877929688,107.04000091552734,724.8724975585938,891.7428588867188,524.529141998291,112.01086125550307
2026-06-11,488.45001220703125,87.70999908447266,116.95999908447266,736.9351806640625,995.7168579101562,579.9097465515136,115.5389573591022
2026-06-12,511.57000732421875,84.87999725341797,124.56999969482422,741.0025024414062,981.4590454101562,583.4256202697754,116.72856849198728
2026-06-15,547.260009765625,80.75,127.86000061035156,754.17041015625,1087.8226318359375,637.665055847168,120.57992092287645
2026-06-16,507.2900085449219,76.05000305175781,117.05000305175781,749.8429565429688,1020.60302734375,595.5432144165039,119.3142263756491
2026-06-17,512.47998046875,76.79000091552734,121.0999984741211,740.4700317382812,1043.029541015625,607.2858100891114,116.57283134822327
2026-06-18,537.3699951171875,76.5999984741211,133.99000549316406,747.9483642578125,1133.8155517578125,654.9342208862305,118.76009562374877
2026-06-22,551.6300048828125,74.81999969482422,140.94000244140625,745.6251220703125,1211.1937255859375,692.2484924316407,118.08059325783486
2026-06-23,519.8499755859375,73.20999908447266,132.27999877929688,735.0158081054688,1051.6082763671875,616.2823028564453,114.97757886759068
2026-06-24,519.739990234375,70.33999633789062,131.64999389648438,734.537109375,1048.3487548828125,614.7564971923828,114.83756896175149
2026-06-25,532.5700073242188,71.91999816894531,132.8699951171875,734.3776245117188,1213.3734130859375,684.9813659667968,114.79092279523894
2026-06-26,521.5800170898438,69.2300033569336,128.32000732421875,728.0658569335938,1132.1558837890625,647.8323608398438,112.94485568027757
2026-06-29,539.489990234375,70.75,131.72000122070312,742.0454711914062,1145.1038818359375,659.4045501708985,117.03361621237234
2026-06-30,580.9099731445312,69.5,139.6300048828125,746.73193359375,1154.112548828125,677.8070129394531,118.40431372608523
2026-07-01,540.8800048828125,68.58000183105469,127.0199966430664,746.9412841796875,1032.121337890625,613.2185356140137,118.46554462969718
2026-07-02,517.8200073242188,68.69000244140625,120.3499984741211,746.2732543945312,975.4099731445312,581.6149909973145,118.27015913697629
2026-07-06,552.0499877929688,68.55000305175781,122.19999694824219,752.5850219726562,984.75,596.1749954223633,120.11622625193768
2026-07-07,516.1099853515625,70.44000244140625,110.38999938964844,748.9156494140625,938.3800048828125,563.3019973754883,119.04300739064146
2026-07-08,517.4099731445312,73.5199966430664,110.23999786376953,746.9014282226562,948.7999877929688,567.8149864196778,118.45388755096292
2026-07-09,546.719970703125,72.08000183105469,112.54000091552734,752.8741455078125,991.6400146484375,594.4339973449707,120.20078916459357
2026-07-10,557.8900146484375,71.41000366210938,109.83999633789062,755.9253540039062,979.2999877929688,592.0389984130859,121.09320727026831
2026-07-13,534.3900146484375,78.13999938964844,103.12000274658203,750.4113159179688,937.0,566.0530052185059,119.48046024574657
2026-07-14,548.1300048828125,79.33999633789062,107.76000213623047,752.9439697265625,983.1199951171875,590.015000152588,120.22121136684783
2026-07-15,529.1400146484375,79.5999984741211,102.98999786376953,756.2045288085938,904.280029296875,551.3510154724122,121.17486037613448
2026-07-16,500.94000244140625,78.94999694824219,96.9800033569336,752.2459716796875,853.2000122070312,520.6560066223144,120.01706075060699
2026-07-17,495.760009765625,82.48999786376953,95.04000091552734,744.568115234375,848.9500122070312,516.8200080871583,117.77143967510845
2026-07-20,503.57000732421875,83.2300033569336,97.05999755859375,743.2120971679688,865.4600219726562,526.3730102539063,117.37483122451187
2026-07-21,544.4299926757812,84.91000366210938,105.44999694824219,749.7831420898438,970.8200073242188,583.2919998168945,119.29673183175997
2026-07-22,552.3300170898438,86.83000183105469,102.62000274658203,748.7660522460938,959.47998046875,580.2769981384278,118.99925317934326
2026-07-23,539.6900024414062,92.19000244140625,100.2300033569336,739.4828491210938,990.2100219726562,588.0600105285645,116.28409996775113
2026-07-24,521.9500122070312,89.30999755859375,92.31999969482422,740.220703125,920.9500122070312,552.6610084533692,116.49990766272626
2026-07-27,494.95001220703125,82.61000061035156,91.66999816894531,740.41015625,900.2000122070312,536.0660079956056,116.55531895275874
2026-07-28,454.6199951171875,79.26000213623047,86.30000305175781,742.0753173828125,820.530029296875,490.48801116943366,117.0423456327415
2026-07-29,429.55999755859375,84.45999908447266,81.87999725341797,731.0073852539062,739.0,449.0319984436035,113.80519450496377
2026-07-30,485.3900146484375,83.58999633789062,91.12999725341797,743.0525512695312,874.6599731445312,522.8199928283691,117.32816720642391
2026-07-31,476.1499938964844,84.66999816894531,90.19999694824219,748.1577758789062,823.030029296875,499.11700897216804,118.8213443789361
2026-08-03,484.6400146484375,80.33999633789062,91.0,759.1260986328125,829.5,504.49200439453125,122.02936173566583
2026-08-04,518.5800170898438,75.7699966430664,100.86000061035156,772.5572509765625,892.6699829101562,542.899998474121,125.95770801124257
2026-08-05,482.04998779296875,75.22000122070312,101.05999755859375,771.1314086914062,893.1900024414062,532.2089965820312,125.54067735839172
2026-08-06,489.2799987792969,77.29000091552734,99.80999755859375,769.9049682617188,881.469970703125,529.3149871826172,125.18196780236306
2026-08-07,483.3599853515625,78.18000030517578,101.6500015258789,774.49169921875,877.5700073242188,526.53099899292,126.52349584187716
2026-08-10,469.55999755859375,82.12999725341797,97.5199966430664,774.5016479492188,861.0,514.523998260498,126.52640564866688
2026-08-11,474.32000732421875,83.19999694824219,97.70999908447266,771.9989013671875,868.52001953125,519.0170097351074,125.7944017995102
2026-08-12,482.92999267578125,83.2699966430664,100.94999694824219,773.9532470703125,911.2899780273438,539.6799880981446,126.36600924372425
2026-08-13,483.010009765625,81.25,104.55999755859375,779.218017578125,949.8300170898438,556.2030090332031,127.90585043432436
2026-08-14,514.3900146484375,82.4000015258789,102.5,777.7921142578125,971.6599731445312,573.7309936523438,127.48880192989812
2026-08-17,506.0,84.5,103.48999786376953,774.0529174804688,1011.75,587.5469993591308,126.39516086634765
2026-08-18,484.3900146484375,84.94000244140625,96.69000244140625,768.7582397460938,940.760009765625,550.6280090332032,124.846572403803
2026-08-19,466.4200134277344,85.83000183105469,92.80000305175781,770.51318359375,937.1099853515625,542.6099990844726,125.35985875119482
2026-08-20,469.4599914550781,87.83000183105469,92.12999725341797,764.1316528320312,974.3300170898438,558.2090034484863,123.49338728555462
2026-08-21,473.25,87.05999755859375,90.06999969482422,767.0930786132812,966.780029296875,555.7080116271973,124.35954572382025
2026-08-24,456.75,85.01000213623047,87.26000213623047,764.9193725585938,910.4299926757812,527.3749977111817,123.72377971762913
2026-08-25,479.17999267578125,82.36000061035156,87.4800033569336,767.4021606445312,932.969970703125,543.1859870910645,124.44994610163099
2026-08-26,480.92999267578125,82.2300033569336,88.23999786376953,767.43212890625,938.4000244140625,546.1110069274903,124.45871122515094
2026-08-27,476.6700134277344,83.52999877929688,92.08999633789062,772.5173950195312,935.3900146484375,544.7840087890625,125.94605093250829
2026-08-28,465.5799865722656,83.4000015258789,89.47000122070312,770.7724609375,932.8599853515625,539.6589904785156,125.43569224348157
2026-08-31,470.7200012207031,85.76000213623047,89.51000213623047,768.5189208984375,958.72998046875,551.5609931945801,124.7765763766711
2026-09-01,459.6099853515625,90.22000122070312,88.97000122070312,763.1444702148438,933.4400024414062,537.9499969482422,123.20465590508245
2026-09-02,457.05999755859375,91.01000213623047,90.05000305175781,766.5945434570312,956.0800170898438,546.5650070190429,124.213734055977
2026-09-03,456.1600036621094,91.30000305175781,91.66999816894531,774.8905639648438,958.1599731445312,547.6129898071289,126.64015588709701
2026-09-04,477.57000732421875,91.4800033569336,95.80000305175781,771.6897583007812,1016.5900268554688,578.6470138549805,125.70398357012407
2026-09-08,505.739990234375,93.02999877929688,104.47000122070312,766.9833984375,1000.260009765625,583.1670013427735,124.3274664428317
2026-09-09,521.0999755859375,96.05000305175781,106.23999786376953,763.8922729492188,1027.77001953125,599.3099998474122,123.4233734068473
2026-09-10,503.6000061035156,102.4800033569336,100.31999969482422,759.3355102539062,977.4099731445312,572.1399909973145,122.09061049085317
2026-09-11,516.1300048828125,100.05000305175781,102.94000244140625,765.7070922851562,975.260009765625,575.8250061035156,123.95417214970368
2026-09-14,493.4100036621094,101.38999938964844,97.19000244140625,762.2769775390625,924.030029296875,546.7920135498047,122.95093146396397
2026-09-15,504.20001220703125,105.83000183105469,97.13999938964844,758.8800048828125,927.5999755859375,551.4419937133789,121.95738418366486
2026-09-16,512.5,102.43000030517578,101.05000305175781,755.6300048828125,926.5499877929688,554.6849960327148,121.0068234969219
2026-09-17,545.0900268554688,101.30000305175781,108.80000305175781,764.0800170898438,977.5,587.167008972168,123.47828485276868
